$MeshFormat
4.1 0 8
$EndMeshFormat
$Entities
123 302 244 64
1 0 0 0 0 
10 0.003599999999999999 0 0 0 
11 0.00254558441227157 0.00254558441227157 0 0 
12 0 0.003599999999999999 0 0 
13 -0.00254558441227157 0.00254558441227157 0 0 
14 -0.003599999999999999 0 0 0 
15 -0.00254558441227157 -0.00254558441227157 0 0 
16 0 -0.003599999999999999 0 0 
17 0.00254558441227157 -0.00254558441227157 0 0 
20 0.002003291999999999 0 0 0 
21 0 0.002003291999999999 0 0 
22 -0.002003291999999999 0 0 0 
23 0 -0.002003291999999999 0 0 
30 0.001543787999999999 0.001543787999999999 0 0 
31 -0.001543787999999999 0.001543787999999999 0 0 
32 -0.001543787999999999 -0.001543787999999999 0 0 
33 0.001543787999999999 -0.001543787999999999 0 0 
40 0.004849999999999999 0 0 0 
41 0.003429467888754755 0.003429467888754755 0 0 
42 0 0.004849999999999999 0 0 
43 -0.003429467888754755 0.003429467888754755 0 0 
44 -0.004849999999999999 0 0 0 
45 -0.003429467888754755 -0.003429467888754755 0 0 
46 0 -0.004849999999999999 0 0 
47 0.003429467888754755 -0.003429467888754755 0 0 
50 0.1 0 0 0 
51 0.07071067811865475 0.07071067811865475 0 0 
52 0 0.1 0 0 
53 -0.07071067811865475 0.07071067811865475 0 0 
54 -0.1 0 0 0 
55 -0.07071067811865475 -0.07071067811865475 0 0 
56 0 -0.1 0 0 
57 0.07071067811865475 -0.07071067811865475 0 0 
60 0.2 0 0 0 
61 0.1414213562373095 0.1414213562373095 0 0 
62 0 0.2 0 0 
63 -0.1414213562373095 0.1414213562373095 0 0 
64 -0.2 0 0 0 
65 -0.1414213562373095 -0.1414213562373095 0 0 
66 0 -0.2 0 0 
67 0.1414213562373095 -0.1414213562373095 0 0 
101 0 0 -0.075 0 
110 0.003599999999999999 0 -0.075 0 
111 0.00254558441227157 0.00254558441227157 -0.075 0 
112 0 0.003599999999999999 -0.075 0 
113 -0.00254558441227157 0.00254558441227157 -0.075 0 
114 -0.003599999999999999 0 -0.075 0 
115 -0.00254558441227157 -0.00254558441227157 -0.075 0 
116 0 -0.003599999999999999 -0.075 0 
117 0.00254558441227157 -0.00254558441227157 -0.075 0 
120 0.002003291999999999 0 -0.075 0 
121 0 0.002003291999999999 -0.075 0 
122 -0.002003291999999999 0 -0.075 0 
123 0 -0.002003291999999999 -0.075 0 
130 0.001543787999999999 0.001543787999999999 -0.075 0 
131 -0.001543787999999999 0.001543787999999999 -0.075 0 
132 -0.001543787999999999 -0.001543787999999999 -0.075 0 
133 0.001543787999999999 -0.001543787999999999 -0.075 0 
134 0 0 0.05 0 
135 0.002003291999999999 0 0.05 0 
139 0.001543787999999999 0.001543787999999999 0.05 0 
143 0 0.002003291999999999 0.05 0 
149 -0.001543787999999999 0.001543787999999999 0.05 0 
153 -0.002003291999999999 0 0.05 0 
159 -0.001543787999999999 -0.001543787999999999 0.05 0 
163 0 -0.002003291999999999 0.05 0 
169 0.001543787999999999 -0.001543787999999999 0.05 0 
170 0.003599999999999999 0 0.05 0 
172 0.00254558441227157 0.00254558441227157 0.05 0 
175 0 0.003599999999999999 0.05 0 
178 -0.00254558441227157 0.00254558441227157 0.05 0 
181 -0.003599999999999999 0 0.05 0 
184 -0.00254558441227157 -0.00254558441227157 0.05 0 
187 0 -0.003599999999999999 0.05 0 
190 0.00254558441227157 -0.00254558441227157 0.05 0 
197 0.003429467888754755 0.003429467888754755 0.05 0 
202 0.004849999999999999 0 0.05 0 
209 0 0.004849999999999999 0.05 0 
216 -0.003429467888754755 0.003429467888754755 0.05 0 
223 -0.004849999999999999 0 0.05 0 
230 -0.003429467888754755 -0.003429467888754755 0.05 0 
237 0 -0.004849999999999999 0.05 0 
244 0.003429467888754755 -0.003429467888754755 0.05 0 
251 0.07071067811865475 0.07071067811865475 0.05 0 
256 0.1 0 0.05 0 
263 0 0.1 0.05 0 
270 -0.07071067811865475 0.07071067811865475 0.05 0 
277 -0.1 0 0.05 0 
284 -0.07071067811865475 -0.07071067811865475 0.05 0 
291 0 -0.1 0.05 0 
298 0.07071067811865475 -0.07071067811865475 0.05 0 
305 0.1414213562373095 0.1414213562373095 0.05 0 
310 0.2 0 0.05 0 
317 0 0.2 0.05 0 
324 -0.1414213562373095 0.1414213562373095 0.05 0 
331 -0.2 0 0.05 0 
338 -0.1414213562373095 -0.1414213562373095 0.05 0 
345 0 -0.2 0.05 0 
352 0.1414213562373095 -0.1414213562373095 0.05 0 
353 0.004849999999999999 0 -0.075 0 
355 0.003429467888754755 0.003429467888754755 -0.075 0 
359 0.07071067811865475 0.07071067811865475 -0.075 0 
364 0.1 0 -0.075 0 
367 0 0.004849999999999999 -0.075 0 
371 0 0.1 -0.075 0 
374 -0.003429467888754755 0.003429467888754755 -0.075 0 
378 -0.07071067811865475 0.07071067811865475 -0.075 0 
381 -0.004849999999999999 0 -0.075 0 
385 -0.1 0 -0.075 0 
388 -0.003429467888754755 -0.003429467888754755 -0.075 0 
392 -0.07071067811865475 -0.07071067811865475 -0.075 0 
395 0 -0.004849999999999999 -0.075 0 
399 0 -0.1 -0.075 0 
402 0.003429467888754755 -0.003429467888754755 -0.075 0 
406 0.07071067811865475 -0.07071067811865475 -0.075 0 
413 0.1414213562373095 0.1414213562373095 -0.075 0 
418 0.2 0 -0.075 0 
425 0 0.2 -0.075 0 
432 -0.1414213562373095 0.1414213562373095 -0.075 0 
439 -0.2 0 -0.075 0 
446 -0.1414213562373095 -0.1414213562373095 -0.075 0 
453 0 -0.2 -0.075 0 
460 0.1414213562373095 -0.1414213562373095 -0.075 0 
200 0.002545584412271569 0 0 0.003599999999999998 0.00254558441227157 0 0 2 10 -11 
201 2.168404344971009e-19 0.002545584412271571 0 0.002545584412271571 0.003599999999999999 0 0 2 11 -12 
202 -0.00254558441227157 0.002545584412271569 0 0 0.003599999999999998 0 0 2 12 -13 
203 -0.003599999999999999 2.168404344971009e-19 0 -0.002545584412271571 0.002545584412271571 0 0 2 13 -14 
204 -0.003599999999999998 -0.00254558441227157 0 -0.002545584412271569 0 0 0 2 14 -15 
205 -0.002545584412271571 -0.003599999999999999 0 -2.168404344971009e-19 -0.002545584412271571 0 0 2 15 -16 
206 0 -0.003599999999999998 0 0.00254558441227157 -0.002545584412271569 0 0 2 16 -17 
207 0.002545584412271571 -0.002545584412271571 0 0.003599999999999999 -2.168404344971009e-19 0 0 2 17 -10 
210 0.002003291999999999 0 0 0.003599999999999999 0 0 0 2 10 -20 
211 0.001543787999999999 0.001543787999999999 0 0.00254558441227157 0.00254558441227157 0 0 2 11 -30 
212 0 0.002003291999999999 0 0 0.003599999999999999 0 0 2 12 -21 
213 -0.00254558441227157 0.001543787999999999 0 -0.001543787999999999 0.00254558441227157 0 0 2 13 -31 
214 -0.003599999999999999 0 0 -0.002003291999999999 0 0 0 2 14 -22 
215 -0.00254558441227157 -0.00254558441227157 0 -0.001543787999999999 -0.001543787999999999 0 0 2 15 -32 
216 0 -0.003599999999999999 0 0 -0.002003291999999999 0 0 2 16 -23 
217 0.001543787999999999 -0.00254558441227157 0 0.00254558441227157 -0.001543787999999999 0 0 2 17 -33 
220 0.001543787999999999 0 0 0.002003291999999999 0.001543787999999999 0 0 2 20 -30 
221 0 0.001543787999999999 0 0.001543787999999999 0.002003291999999999 0 0 2 30 -21 
222 -0.001543787999999999 0.001543787999999999 0 0 0.002003291999999999 0 0 2 21 -31 
223 -0.002003291999999999 0 0 -0.001543787999999999 0.001543787999999999 0 0 2 31 -22 
224 -0.002003291999999999 -0.001543787999999999 0 -0.001543787999999999 0 0 0 2 22 -32 
225 -0.001543787999999999 -0.002003291999999999 0 0 -0.001543787999999999 0 0 2 32 -23 
226 0 -0.002003291999999999 0 0.001543787999999999 -0.001543787999999999 0 0 2 23 -33 
227 0.001543787999999999 -0.001543787999999999 0 0.002003291999999999 0 0 0 2 33 -20 
230 0 0 0 0.002003291999999999 0 0 0 2 1 -20 
231 0 0 0 0 0.002003291999999999 0 0 2 1 -21 
232 -0.002003291999999999 0 0 0 0 0 0 2 1 -22 
233 0 -0.002003291999999999 0 0 0 0 0 2 1 -23 
240 0.003429467888754755 0 0 0.004849999999999999 0.003429467888754755 0 0 2 40 -41 
241 4.336808689942018e-19 0.003429467888754755 0 0.003429467888754755 0.00485 0 0 2 41 -42 
242 -0.003429467888754755 0.003429467888754755 0 0 0.004849999999999999 0 0 2 42 -43 
243 -0.00485 4.336808689942018e-19 0 -0.003429467888754755 0.003429467888754755 0 0 2 43 -44 
244 -0.004849999999999999 -0.003429467888754755 0 -0.003429467888754755 0 0 0 2 44 -45 
245 -0.003429467888754755 -0.00485 0 -4.336808689942018e-19 -0.003429467888754755 0 0 2 45 -46 
246 0 -0.004849999999999999 0 0.003429467888754755 -0.003429467888754755 0 0 2 46 -47 
247 0.003429467888754755 -0.003429467888754755 0 0.00485 -4.336808689942018e-19 0 0 2 47 -40 
250 0.003599999999999999 0 0 0.004849999999999999 0 0 0 2 10 -40 
251 0.00254558441227157 0.00254558441227157 0 0.003429467888754755 0.003429467888754755 0 0 2 11 -41 
252 0 0.003599999999999999 0 0 0.004849999999999999 0 0 2 12 -42 
253 -0.003429467888754755 0.00254558441227157 0 -0.00254558441227157 0.003429467888754755 0 0 2 13 -43 
254 -0.004849999999999999 0 0 -0.003599999999999999 0 0 0 2 14 -44 
255 -0.003429467888754755 -0.003429467888754755 0 -0.00254558441227157 -0.00254558441227157 0 0 2 15 -45 
256 0 -0.004849999999999999 0 0 -0.003599999999999999 0 0 2 16 -46 
257 0.00254558441227157 -0.003429467888754755 0 0.003429467888754755 -0.00254558441227157 0 0 2 17 -47 
260 0.07071067811865477 0 0 0.1 0.07071067811865475 0 0 2 50 -51 
261 -2.081668171172169e-17 0.07071067811865474 0 0.07071067811865474 0.09999999999999998 0 0 2 51 -52 
262 -0.07071067811865475 0.07071067811865477 0 0 0.1 0 0 2 52 -53 
263 -0.09999999999999998 -2.081668171172169e-17 0 -0.07071067811865474 0.07071067811865474 0 0 2 53 -54 
264 -0.1 -0.07071067811865475 0 -0.07071067811865477 0 0 0 2 54 -55 
265 -0.07071067811865474 -0.09999999999999998 0 2.081668171172169e-17 -0.07071067811865474 0 0 2 55 -56 
266 0 -0.1 0 0.07071067811865475 -0.07071067811865477 0 0 2 56 -57 
267 0.07071067811865474 -0.07071067811865474 0 0.09999999999999998 2.081668171172169e-17 0 0 2 57 -50 
270 0.00485 0 0 0.1 0 0 0 2 40 -50 
271 0.003429467888754756 0.003429467888754756 0 0.07071067811865475 0.07071067811865475 0 0 2 41 -51 
272 0 0.00485 0 0 0.1 0 0 2 42 -52 
273 -0.07071067811865475 0.003429467888754756 0 -0.003429467888754756 0.07071067811865475 0 0 2 43 -53 
274 -0.1 0 0 -0.00485 0 0 0 2 44 -54 
275 -0.07071067811865475 -0.07071067811865475 0 -0.003429467888754756 -0.003429467888754756 0 0 2 45 -55 
276 0 -0.1 0 0 -0.00485 0 0 2 46 -56 
277 0.003429467888754756 -0.07071067811865475 0 0.07071067811865475 -0.003429467888754756 0 0 2 47 -57 
280 0.1414213562373095 0 0 0.2 0.1414213562373095 0 0 2 60 -61 
281 -4.163336342344337e-17 0.1414213562373095 0 0.1414213562373095 0.2 0 0 2 61 -62 
282 -0.1414213562373095 0.1414213562373095 0 0 0.2 0 0 2 62 -63 
283 -0.2 -4.163336342344337e-17 0 -0.1414213562373095 0.1414213562373095 0 0 2 63 -64 
284 -0.2 -0.1414213562373095 0 -0.1414213562373095 0 0 0 2 64 -65 
285 -0.1414213562373095 -0.2 0 4.163336342344337e-17 -0.1414213562373095 0 0 2 65 -66 
286 0 -0.2 0 0.1414213562373095 -0.1414213562373095 0 0 2 66 -67 
287 0.1414213562373095 -0.1414213562373095 0 0.2 4.163336342344337e-17 0 0 2 67 -60 
290 0.1 0 0 0.2 0 0 0 2 50 -60 
291 0.07071067811865475 0.07071067811865475 0 0.1414213562373095 0.1414213562373095 0 0 2 51 -61 
292 0 0.1 0 0 0.2 0 0 2 52 -62 
293 -0.1414213562373095 0.07071067811865475 0 -0.07071067811865475 0.1414213562373095 0 0 2 53 -63 
294 -0.2 0 0 -0.1 0 0 0 2 54 -64 
295 -0.1414213562373095 -0.1414213562373095 0 -0.07071067811865475 -0.07071067811865475 0 0 2 55 -65 
296 0 -0.2 0 0 -0.1 0 0 2 56 -66 
297 0.07071067811865475 -0.1414213562373095 0 0.1414213562373095 -0.07071067811865475 0 0 2 57 -67 
300 0.002545584412271569 0 -0.075 0.003599999999999998 0.00254558441227157 -0.075 0 2 110 -111 
301 2.168404344971009e-19 0.002545584412271571 -0.075 0.002545584412271571 0.003599999999999999 -0.075 0 2 111 -112 
302 -0.00254558441227157 0.002545584412271569 -0.075 0 0.003599999999999998 -0.075 0 2 112 -113 
303 -0.003599999999999999 2.168404344971009e-19 -0.075 -0.002545584412271571 0.002545584412271571 -0.075 0 2 113 -114 
304 -0.003599999999999998 -0.00254558441227157 -0.075 -0.002545584412271569 0 -0.075 0 2 114 -115 
305 -0.002545584412271571 -0.003599999999999999 -0.075 -2.168404344971009e-19 -0.002545584412271571 -0.075 0 2 115 -116 
306 0 -0.003599999999999998 -0.075 0.00254558441227157 -0.002545584412271569 -0.075 0 2 116 -117 
307 0.002545584412271571 -0.002545584412271571 -0.075 0.003599999999999999 -2.168404344971009e-19 -0.075 0 2 117 -110 
310 0.002003291999999999 0 -0.075 0.003599999999999999 0 -0.075 0 2 110 -120 
311 0.001543787999999999 0.001543787999999999 -0.075 0.00254558441227157 0.00254558441227157 -0.075 0 2 111 -130 
312 0 0.002003291999999999 -0.075 0 0.003599999999999999 -0.075 0 2 112 -121 
313 -0.00254558441227157 0.001543787999999999 -0.075 -0.001543787999999999 0.00254558441227157 -0.075 0 2 113 -131 
314 -0.003599999999999999 0 -0.075 -0.002003291999999999 0 -0.075 0 2 114 -122 
315 -0.00254558441227157 -0.00254558441227157 -0.075 -0.001543787999999999 -0.001543787999999999 -0.075 0 2 115 -132 
316 0 -0.003599999999999999 -0.075 0 -0.002003291999999999 -0.075 0 2 116 -123 
317 0.001543787999999999 -0.00254558441227157 -0.075 0.00254558441227157 -0.001543787999999999 -0.075 0 2 117 -133 
320 0.001543787999999999 0 -0.075 0.002003291999999999 0.001543787999999999 -0.075 0 2 120 -130 
321 0 0.001543787999999999 -0.075 0.001543787999999999 0.002003291999999999 -0.075 0 2 130 -121 
322 -0.001543787999999999 0.001543787999999999 -0.075 0 0.002003291999999999 -0.075 0 2 121 -131 
323 -0.002003291999999999 0 -0.075 -0.001543787999999999 0.001543787999999999 -0.075 0 2 131 -122 
324 -0.002003291999999999 -0.001543787999999999 -0.075 -0.001543787999999999 0 -0.075 0 2 122 -132 
325 -0.001543787999999999 -0.002003291999999999 -0.075 0 -0.001543787999999999 -0.075 0 2 132 -123 
326 0 -0.002003291999999999 -0.075 0.001543787999999999 -0.001543787999999999 -0.075 0 2 123 -133 
327 0.001543787999999999 -0.001543787999999999 -0.075 0.002003291999999999 0 -0.075 0 2 133 -120 
330 0 0 -0.075 0.002003291999999999 0 -0.075 0 2 101 -120 
331 0 0 -0.075 0 0.002003291999999999 -0.075 0 2 101 -121 
332 -0.002003291999999999 0 -0.075 0 0 -0.075 0 2 101 -122 
333 0 -0.002003291999999999 -0.075 0 0 -0.075 0 2 101 -123 
335 0 0 0.05 0.002003291999999999 0 0.05 0 2 134 -135 
336 0.001543787999999999 0 0.05 0.002003291999999999 0.001543787999999999 0.05 0 2 135 -139 
337 0 0.001543787999999999 0.05 0.001543787999999999 0.002003291999999999 0.05 0 2 139 -143 
338 0 0 0.05 0 0.002003291999999999 0.05 0 2 143 -134 
340 0 0 0 0 0 0.05 0 2 1 -134 
341 0.002003291999999999 0 0 0.002003291999999999 0 0.05 0 2 20 -135 
345 0.001543787999999999 0.001543787999999999 0 0.001543787999999999 0.001543787999999999 0.05 0 2 30 -139 
349 0 0.002003291999999999 0 0 0.002003291999999999 0.05 0 2 21 -143 
358 -0.001543787999999999 0.001543787999999999 0.05 0 0.002003291999999999 0.05 0 2 143 -149 
359 -0.002003291999999999 0 0.05 -0.001543787999999999 0.001543787999999999 0.05 0 2 149 -153 
360 -0.002003291999999999 0 0.05 0 0 0.05 0 2 153 -134 
367 -0.001543787999999999 0.001543787999999999 0 -0.001543787999999999 0.001543787999999999 0.05 0 2 31 -149 
371 -0.002003291999999999 0 0 -0.002003291999999999 0 0.05 0 2 22 -153 
380 -0.002003291999999999 -0.001543787999999999 0.05 -0.001543787999999999 0 0.05 0 2 153 -159 
381 -0.001543787999999999 -0.002003291999999999 0.05 0 -0.001543787999999999 0.05 0 2 159 -163 
382 0 -0.002003291999999999 0.05 0 0 0.05 0 2 163 -134 
389 -0.001543787999999999 -0.001543787999999999 0 -0.001543787999999999 -0.001543787999999999 0.05 0 2 32 -159 
393 0 -0.002003291999999999 0 0 -0.002003291999999999 0.05 0 2 23 -163 
402 0 -0.002003291999999999 0.05 0.001543787999999999 -0.001543787999999999 0.05 0 2 163 -169 
403 0.001543787999999999 -0.001543787999999999 0.05 0.002003291999999999 0 0.05 0 2 169 -135 
411 0.001543787999999999 -0.001543787999999999 0 0.001543787999999999 -0.001543787999999999 0.05 0 2 33 -169 
423 0.002545584412271569 0 0.05 0.003599999999999998 0.00254558441227157 0.05 0 2 170 -172 
424 0.001543787999999999 0.001543787999999999 0.05 0.00254558441227157 0.00254558441227157 0.05 0 2 172 -139 
426 0.002003291999999999 0 0.05 0.003599999999999999 0 0.05 0 2 135 -170 
428 0.003599999999999999 0 0 0.003599999999999999 0 0.05 0 2 10 -170 
429 0.00254558441227157 0.00254558441227157 0 0.00254558441227157 0.00254558441227157 0.05 0 2 11 -172 
445 2.168404344971009e-19 0.002545584412271571 0.05 0.002545584412271571 0.003599999999999999 0.05 0 2 172 -175 
446 0 0.002003291999999999 0.05 0 0.003599999999999999 0.05 0 2 175 -143 
451 0 0.003599999999999999 0 0 0.003599999999999999 0.05 0 2 12 -175 
467 -0.00254558441227157 0.002545584412271569 0.05 0 0.003599999999999998 0.05 0 2 175 -178 
468 -0.00254558441227157 0.001543787999999999 0.05 -0.001543787999999999 0.00254558441227157 0.05 0 2 178 -149 
473 -0.00254558441227157 0.00254558441227157 0 -0.00254558441227157 0.00254558441227157 0.05 0 2 13 -178 
489 -0.003599999999999999 2.168404344971009e-19 0.05 -0.002545584412271571 0.002545584412271571 0.05 0 2 178 -181 
490 -0.003599999999999999 0 0.05 -0.002003291999999999 0 0.05 0 2 181 -153 
495 -0.003599999999999999 0 0 -0.003599999999999999 0 0.05 0 2 14 -181 
511 -0.003599999999999998 -0.00254558441227157 0.05 -0.002545584412271569 0 0.05 0 2 181 -184 
512 -0.00254558441227157 -0.00254558441227157 0.05 -0.001543787999999999 -0.001543787999999999 0.05 0 2 184 -159 
517 -0.00254558441227157 -0.00254558441227157 0 -0.00254558441227157 -0.00254558441227157 0.05 0 2 15 -184 
533 -0.002545584412271571 -0.003599999999999999 0.05 -2.168404344971009e-19 -0.002545584412271571 0.05 0 2 184 -187 
534 0 -0.003599999999999999 0.05 0 -0.002003291999999999 0.05 0 2 187 -163 
539 0 -0.003599999999999999 0 0 -0.003599999999999999 0.05 0 2 16 -187 
555 0 -0.003599999999999998 0.05 0.00254558441227157 -0.002545584412271569 0.05 0 2 187 -190 
556 0.001543787999999999 -0.00254558441227157 0.05 0.00254558441227157 -0.001543787999999999 0.05 0 2 190 -169 
561 0.00254558441227157 -0.00254558441227157 0 0.00254558441227157 -0.00254558441227157 0.05 0 2 17 -190 
577 0.002545584412271571 -0.002545584412271571 0.05 0.003599999999999999 -2.168404344971009e-19 0.05 0 2 190 -170 
600 0.00254558441227157 0.00254558441227157 0.05 0.003429467888754755 0.003429467888754755 0.05 0 2 172 -197 
601 0.003429467888754755 0 0.05 0.004849999999999999 0.003429467888754755 0.05 0 2 197 -202 
602 0.003599999999999999 0 0.05 0.004849999999999999 0 0.05 0 2 202 -170 
609 0.003429467888754755 0.003429467888754755 0 0.003429467888754755 0.003429467888754755 0.05 0 2 41 -197 
613 0.004849999999999999 0 0 0.004849999999999999 0 0.05 0 2 40 -202 
622 0 0.003599999999999999 0.05 0 0.004849999999999999 0.05 0 2 175 -209 
623 4.336808689942018e-19 0.003429467888754755 0.05 0.003429467888754755 0.00485 0.05 0 2 209 -197 
631 0 0.004849999999999999 0 0 0.004849999999999999 0.05 0 2 42 -209 
644 -0.003429467888754755 0.00254558441227157 0.05 -0.00254558441227157 0.003429467888754755 0.05 0 2 178 -216 
645 -0.003429467888754755 0.003429467888754755 0.05 0 0.004849999999999999 0.05 0 2 216 -209 
653 -0.003429467888754755 0.003429467888754755 0 -0.003429467888754755 0.003429467888754755 0.05 0 2 43 -216 
666 -0.004849999999999999 0 0.05 -0.003599999999999999 0 0.05 0 2 181 -223 
667 -0.00485 4.336808689942018e-19 0.05 -0.003429467888754755 0.003429467888754755 0.05 0 2 223 -216 
675 -0.004849999999999999 0 0 -0.004849999999999999 0 0.05 0 2 44 -223 
688 -0.003429467888754755 -0.003429467888754755 0.05 -0.00254558441227157 -0.00254558441227157 0.05 0 2 184 -230 
689 -0.004849999999999999 -0.003429467888754755 0.05 -0.003429467888754755 0 0.05 0 2 230 -223 
697 -0.003429467888754755 -0.003429467888754755 0 -0.003429467888754755 -0.003429467888754755 0.05 0 2 45 -230 
710 0 -0.004849999999999999 0.05 0 -0.003599999999999999 0.05 0 2 187 -237 
711 -0.003429467888754755 -0.00485 0.05 -4.336808689942018e-19 -0.003429467888754755 0.05 0 2 237 -230 
719 0 -0.004849999999999999 0 0 -0.004849999999999999 0.05 0 2 46 -237 
732 0.00254558441227157 -0.003429467888754755 0.05 0.003429467888754755 -0.00254558441227157 0.05 0 2 190 -244 
733 0 -0.004849999999999999 0.05 0.003429467888754755 -0.003429467888754755 0.05 0 2 244 -237 
741 0.003429467888754755 -0.003429467888754755 0 0.003429467888754755 -0.003429467888754755 0.05 0 2 47 -244 
755 0.003429467888754755 -0.003429467888754755 0.05 0.00485 -4.336808689942018e-19 0.05 0 2 202 -244 
776 0.003429467888754756 0.003429467888754756 0.05 0.07071067811865475 0.07071067811865475 0.05 0 2 197 -251 
777 0.07071067811865477 0 0.05 0.1 0.07071067811865475 0.05 0 2 251 -256 
778 0.004849999999999993 0 0.05 0.1 0 0.05 0 2 256 -202 
785 0.07071067811865475 0.07071067811865475 0 0.07071067811865475 0.07071067811865475 0.05 0 2 51 -251 
789 0.1 0 0 0.1 0 0.05 0 2 50 -256 
798 0 0.00485 0.05 0 0.1 0.05 0 2 209 -263 
799 -2.081668171172169e-17 0.07071067811865474 0.05 0.07071067811865474 0.09999999999999998 0.05 0 2 263 -251 
807 0 0.1 0 0 0.1 0.05 0 2 52 -263 
820 -0.07071067811865475 0.003429467888754756 0.05 -0.003429467888754756 0.07071067811865475 0.05 0 2 216 -270 
821 -0.07071067811865475 0.07071067811865477 0.05 0 0.1 0.05 0 2 270 -263 
829 -0.07071067811865475 0.07071067811865475 0 -0.07071067811865475 0.07071067811865475 0.05 0 2 53 -270 
842 -0.1 0 0.05 -0.00485 0 0.05 0 2 223 -277 
843 -0.09999999999999998 -2.081668171172169e-17 0.05 -0.07071067811865474 0.07071067811865474 0.05 0 2 277 -270 
851 -0.1 0 0 -0.1 0 0.05 0 2 54 -277 
864 -0.07071067811865475 -0.07071067811865475 0.05 -0.003429467888754756 -0.003429467888754756 0.05 0 2 230 -284 
865 -0.1 -0.07071067811865475 0.05 -0.07071067811865477 0 0.05 0 2 284 -277 
873 -0.07071067811865475 -0.07071067811865475 0 -0.07071067811865475 -0.07071067811865475 0.05 0 2 55 -284 
886 0 -0.1 0.05 0 -0.00485 0.05 0 2 237 -291 
887 -0.07071067811865474 -0.09999999999999998 0.05 2.081668171172169e-17 -0.07071067811865474 0.05 0 2 291 -284 
895 0 -0.1 0 0 -0.1 0.05 0 2 56 -291 
908 0.003429467888754756 -0.07071067811865475 0.05 0.07071067811865475 -0.003429467888754756 0.05 0 2 244 -298 
909 0 -0.1 0.05 0.07071067811865475 -0.07071067811865477 0.05 0 2 298 -291 
917 0.07071067811865475 -0.07071067811865475 0 0.07071067811865475 -0.07071067811865475 0.05 0 2 57 -298 
931 0.07071067811865474 -0.07071067811865474 0.05 0.09999999999999998 2.081668171172169e-17 0.05 0 2 256 -298 
952 0.07071067811865475 0.07071067811865475 0.05 0.1414213562373095 0.1414213562373095 0.05 0 2 251 -305 
953 0.1414213562373095 0 0.05 0.2 0.1414213562373095 0.05 0 2 305 -310 
954 0.1 0 0.05 0.2 0 0.05 0 2 310 -256 
961 0.1414213562373095 0.1414213562373095 0 0.1414213562373095 0.1414213562373095 0.05 0 2 61 -305 
965 0.2 0 0 0.2 0 0.05 0 2 60 -310 
974 0 0.1 0.05 0 0.2 0.05 0 2 263 -317 
975 -4.163336342344337e-17 0.1414213562373095 0.05 0.1414213562373095 0.2 0.05 0 2 317 -305 
983 0 0.2 0 0 0.2 0.05 0 2 62 -317 
996 -0.1414213562373095 0.07071067811865475 0.05 -0.07071067811865475 0.1414213562373095 0.05 0 2 270 -324 
997 -0.1414213562373095 0.1414213562373095 0.05 0 0.2 0.05 0 2 324 -317 
1005 -0.1414213562373095 0.1414213562373095 0 -0.1414213562373095 0.1414213562373095 0.05 0 2 63 -324 
1018 -0.2 0 0.05 -0.1 0 0.05 0 2 277 -331 
1019 -0.2 -4.163336342344337e-17 0.05 -0.1414213562373095 0.1414213562373095 0.05 0 2 331 -324 
1027 -0.2 0 0 -0.2 0 0.05 0 2 64 -331 
1040 -0.1414213562373095 -0.1414213562373095 0.05 -0.07071067811865475 -0.07071067811865475 0.05 0 2 284 -338 
1041 -0.2 -0.1414213562373095 0.05 -0.1414213562373095 0 0.05 0 2 338 -331 
1049 -0.1414213562373095 -0.1414213562373095 0 -0.1414213562373095 -0.1414213562373095 0.05 0 2 65 -338 
1062 0 -0.2 0.05 0 -0.1 0.05 0 2 291 -345 
1063 -0.1414213562373095 -0.2 0.05 4.163336342344337e-17 -0.1414213562373095 0.05 0 2 345 -338 
1071 0 -0.2 0 0 -0.2 0.05 0 2 66 -345 
1084 0.07071067811865475 -0.1414213562373095 0.05 0.1414213562373095 -0.07071067811865475 0.05 0 2 298 -352 
1085 0 -0.2 0.05 0.1414213562373095 -0.1414213562373095 0.05 0 2 352 -345 
1093 0.1414213562373095 -0.1414213562373095 0 0.1414213562373095 -0.1414213562373095 0.05 0 2 67 -352 
1107 0.1414213562373095 -0.1414213562373095 0.05 0.2 4.163336342344337e-17 0.05 0 2 310 -352 
1132 0 0 -0.075 0 0 0 0 2 101 -1 
1133 0.002003291999999999 0 -0.075 0.002003291999999999 0 0 0 2 120 -20 
1137 0.001543787999999999 0.001543787999999999 -0.075 0.001543787999999999 0.001543787999999999 0 0 2 130 -30 
1141 0 0.002003291999999999 -0.075 0 0.002003291999999999 0 0 2 121 -21 
1158 -0.001543787999999999 0.001543787999999999 -0.075 -0.001543787999999999 0.001543787999999999 0 0 2 131 -31 
1162 -0.002003291999999999 0 -0.075 -0.002003291999999999 0 0 0 2 122 -22 
1179 -0.001543787999999999 -0.001543787999999999 -0.075 -0.001543787999999999 -0.001543787999999999 0 0 2 132 -32 
1183 0 -0.002003291999999999 -0.075 0 -0.002003291999999999 0 0 2 123 -23 
1200 0.001543787999999999 -0.001543787999999999 -0.075 0.001543787999999999 -0.001543787999999999 0 0 2 133 -33 
1212 0.003599999999999999 0 -0.075 0.003599999999999999 0 0 0 2 110 -10 
1213 0.00254558441227157 0.00254558441227157 -0.075 0.00254558441227157 0.00254558441227157 0 0 2 111 -11 
1234 0 0.003599999999999999 -0.075 0 0.003599999999999999 0 0 2 112 -12 
1247 -0.00254558441227157 0.00254558441227157 -0.075 -0.00254558441227157 0.00254558441227157 0 0 2 113 -13 
1260 -0.003599999999999999 0 -0.075 -0.003599999999999999 0 0 0 2 114 -14 
1273 -0.00254558441227157 -0.00254558441227157 -0.075 -0.00254558441227157 -0.00254558441227157 0 0 2 115 -15 
1286 0 -0.003599999999999999 -0.075 0 -0.003599999999999999 0 0 2 116 -16 
1299 0.00254558441227157 -0.00254558441227157 -0.075 0.00254558441227157 -0.00254558441227157 0 0 2 117 -17 
1315 0.003429467888754755 0 -0.075 0.004849999999999999 0.003429467888754755 -0.075 0 2 353 -355 
1316 0.003429467888754756 0.003429467888754756 -0.075 0.07071067811865475 0.07071067811865475 -0.075 0 2 355 -359 
1317 0.07071067811865477 0 -0.075 0.1 0.07071067811865475 -0.075 0 2 359 -364 
1318 0.004849999999999993 0 -0.075 0.1 0 -0.075 0 2 364 -353 
1320 0.004849999999999999 0 -0.075 0.004849999999999999 0 0 0 2 40 -353 
1321 0.003429467888754755 0.003429467888754755 -0.075 0.003429467888754755 0.003429467888754755 0 0 2 41 -355 
1325 0.07071067811865475 0.07071067811865475 -0.075 0.07071067811865475 0.07071067811865475 0 0 2 51 -359 
1329 0.1 0 -0.075 0.1 0 0 0 2 50 -364 
1337 4.336808689942018e-19 0.003429467888754755 -0.075 0.003429467888754755 0.00485 -0.075 0 2 355 -367 
1338 0 0.00485 -0.075 0 0.1 -0.075 0 2 367 -371 
1339 -2.081668171172169e-17 0.07071067811865474 -0.075 0.07071067811865474 0.09999999999999998 -0.075 0 2 371 -359 
1343 0 0.004849999999999999 -0.075 0 0.004849999999999999 0 0 2 42 -367 
1347 0 0.1 -0.075 0 0.1 0 0 2 52 -371 
1359 -0.003429467888754755 0.003429467888754755 -0.075 0 0.004849999999999999 -0.075 0 2 367 -374 
1360 -0.07071067811865475 0.003429467888754756 -0.075 -0.003429467888754756 0.07071067811865475 -0.075 0 2 374 -378 
1361 -0.07071067811865475 0.07071067811865477 -0.075 0 0.1 -0.075 0 2 378 -371 
1365 -0.003429467888754755 0.003429467888754755 -0.075 -0.003429467888754755 0.003429467888754755 0 0 2 43 -374 
1369 -0.07071067811865475 0.07071067811865475 -0.075 -0.07071067811865475 0.07071067811865475 0 0 2 53 -378 
1381 -0.00485 4.336808689942018e-19 -0.075 -0.003429467888754755 0.003429467888754755 -0.075 0 2 374 -381 
1382 -0.1 0 -0.075 -0.00485 0 -0.075 0 2 381 -385 
1383 -0.09999999999999998 -2.081668171172169e-17 -0.075 -0.07071067811865474 0.07071067811865474 -0.075 0 2 385 -378 
1387 -0.004849999999999999 0 -0.075 -0.004849999999999999 0 0 0 2 44 -381 
1391 -0.1 0 -0.075 -0.1 0 0 0 2 54 -385 
1403 -0.004849999999999999 -0.003429467888754755 -0.075 -0.003429467888754755 0 -0.075 0 2 381 -388 
1404 -0.07071067811865475 -0.07071067811865475 -0.075 -0.003429467888754756 -0.003429467888754756 -0.075 0 2 388 -392 
1405 -0.1 -0.07071067811865475 -0.075 -0.07071067811865477 0 -0.075 0 2 392 -385 
1409 -0.003429467888754755 -0.003429467888754755 -0.075 -0.003429467888754755 -0.003429467888754755 0 0 2 45 -388 
1413 -0.07071067811865475 -0.07071067811865475 -0.075 -0.07071067811865475 -0.07071067811865475 0 0 2 55 -392 
1425 -0.003429467888754755 -0.00485 -0.075 -4.336808689942018e-19 -0.003429467888754755 -0.075 0 2 388 -395 
1426 0 -0.1 -0.075 0 -0.00485 -0.075 0 2 395 -399 
1427 -0.07071067811865474 -0.09999999999999998 -0.075 2.081668171172169e-17 -0.07071067811865474 -0.075 0 2 399 -392 
1431 0 -0.004849999999999999 -0.075 0 -0.004849999999999999 0 0 2 46 -395 
1435 0 -0.1 -0.075 0 -0.1 0 0 2 56 -399 
1447 0 -0.004849999999999999 -0.075 0.003429467888754755 -0.003429467888754755 -0.075 0 2 395 -402 
1448 0.003429467888754756 -0.07071067811865475 -0.075 0.07071067811865475 -0.003429467888754756 -0.075 0 2 402 -406 
1449 0 -0.1 -0.075 0.07071067811865475 -0.07071067811865477 -0.075 0 2 406 -399 
1453 0.003429467888754755 -0.003429467888754755 -0.075 0.003429467888754755 -0.003429467888754755 0 0 2 47 -402 
1457 0.07071067811865475 -0.07071067811865475 -0.075 0.07071067811865475 -0.07071067811865475 0 0 2 57 -406 
1469 0.003429467888754755 -0.003429467888754755 -0.075 0.00485 -4.336808689942018e-19 -0.075 0 2 402 -353 
1471 0.07071067811865474 -0.07071067811865474 -0.075 0.09999999999999998 2.081668171172169e-17 -0.075 0 2 364 -406 
1492 0.07071067811865475 0.07071067811865475 -0.075 0.1414213562373095 0.1414213562373095 -0.075 0 2 359 -413 
1493 0.1414213562373095 0 -0.075 0.2 0.1414213562373095 -0.075 0 2 413 -418 
1494 0.1 0 -0.075 0.2 0 -0.075 0 2 418 -364 
1501 0.1414213562373095 0.1414213562373095 -0.075 0.1414213562373095 0.1414213562373095 0 0 2 61 -413 
1505 0.2 0 -0.075 0.2 0 0 0 2 60 -418 
1514 0 0.1 -0.075 0 0.2 -0.075 0 2 371 -425 
1515 -4.163336342344337e-17 0.1414213562373095 -0.075 0.1414213562373095 0.2 -0.075 0 2 425 -413 
1523 0 0.2 -0.075 0 0.2 0 0 2 62 -425 
1536 -0.1414213562373095 0.07071067811865475 -0.075 -0.07071067811865475 0.1414213562373095 -0.075 0 2 378 -432 
1537 -0.1414213562373095 0.1414213562373095 -0.075 0 0.2 -0.075 0 2 432 -425 
1545 -0.1414213562373095 0.1414213562373095 -0.075 -0.1414213562373095 0.1414213562373095 0 0 2 63 -432 
1558 -0.2 0 -0.075 -0.1 0 -0.075 0 2 385 -439 
1559 -0.2 -4.163336342344337e-17 -0.075 -0.1414213562373095 0.1414213562373095 -0.075 0 2 439 -432 
1567 -0.2 0 -0.075 -0.2 0 0 0 2 64 -439 
1580 -0.1414213562373095 -0.1414213562373095 -0.075 -0.07071067811865475 -0.07071067811865475 -0.075 0 2 392 -446 
1581 -0.2 -0.1414213562373095 -0.075 -0.1414213562373095 0 -0.075 0 2 446 -439 
1589 -0.1414213562373095 -0.1414213562373095 -0.075 -0.1414213562373095 -0.1414213562373095 0 0 2 65 -446 
1602 0 -0.2 -0.075 0 -0.1 -0.075 0 2 399 -453 
1603 -0.1414213562373095 -0.2 -0.075 4.163336342344337e-17 -0.1414213562373095 -0.075 0 2 453 -446 
1611 0 -0.2 -0.075 0 -0.2 0 0 2 66 -453 
1624 0.07071067811865475 -0.1414213562373095 -0.075 0.1414213562373095 -0.07071067811865475 -0.075 0 2 406 -460 
1625 0 -0.2 -0.075 0.1414213562373095 -0.1414213562373095 -0.075 0 2 460 -453 
1633 0.1414213562373095 -0.1414213562373095 -0.075 0.1414213562373095 -0.1414213562373095 0 0 2 67 -460 
1647 0.1414213562373095 -0.1414213562373095 -0.075 0.2 4.163336342344337e-17 -0.075 0 2 418 -460 
1 0 0 0 0.002003291999999999 0.002003291999999999 0 0 4 230 220 221 -231 
2 -0.002003291999999999 0 0 0 0.002003291999999999 0 0 4 231 222 223 -232 
3 -0.002003291999999999 -0.002003291999999999 0 0 0 0 0 4 232 224 225 -233 
4 0 -0.002003291999999999 0 0.002003291999999999 0 0 0 4 233 226 227 -230 
5 0.001543787999999999 0 0 0.003599999999999999 0.00254558441227157 0 0 4 200 211 -220 -210 
6 0 0.001543787999999999 0 0.002545584412271571 0.003599999999999999 0 0 4 201 212 -221 -211 
7 -0.00254558441227157 0.001543787999999999 0 0 0.003599999999999999 0 0 4 202 213 -222 -212 
8 -0.003599999999999999 0 0 -0.001543787999999999 0.002545584412271571 0 0 4 203 214 -223 -213 
9 -0.003599999999999999 -0.00254558441227157 0 -0.001543787999999999 0 0 0 4 204 215 -224 -214 
10 -0.002545584412271571 -0.003599999999999999 0 0 -0.001543787999999999 0 0 4 205 216 -225 -215 
11 0 -0.003599999999999999 0 0.00254558441227157 -0.001543787999999999 0 0 4 206 217 -226 -216 
12 0.001543787999999999 -0.002545584412271571 0 0.003599999999999999 0 0 0 4 207 210 -227 -217 
13 0.002545584412271569 0 0 0.004849999999999999 0.003429467888754755 0 1 3 4 200 251 -240 -250 
14 0 0.00254558441227157 0 0.003429467888754755 0.00485 0 1 3 4 201 252 -241 -251 
15 -0.003429467888754755 0.002545584412271569 0 0 0.004849999999999999 0 1 3 4 202 253 -242 -252 
16 -0.00485 0 0 -0.00254558441227157 0.003429467888754755 0 1 3 4 203 254 -243 -253 
17 -0.004849999999999999 -0.003429467888754755 0 -0.002545584412271569 0 0 1 3 4 204 255 -244 -254 
18 -0.003429467888754755 -0.00485 0 0 -0.00254558441227157 0 1 3 4 205 256 -245 -255 
19 0 -0.004849999999999999 0 0.003429467888754755 -0.002545584412271569 0 1 3 4 206 257 -246 -256 
20 0.00254558441227157 -0.003429467888754755 0 0.00485 0 0 1 3 4 207 250 -247 -257 
21 0.003429467888754756 0 0 0.1 0.07071067811865475 0 0 4 240 271 -260 -270 
22 -2.081668171172169e-17 0.003429467888754756 0 0.07071067811865475 0.1 0 0 4 241 272 -261 -271 
23 -0.07071067811865475 0.003429467888754756 0 0 0.1 0 0 4 242 273 -262 -272 
24 -0.1 -2.081668171172169e-17 0 -0.003429467888754756 0.07071067811865475 0 0 4 243 274 -263 -273 
25 -0.1 -0.07071067811865475 0 -0.003429467888754756 0 0 0 4 244 275 -264 -274 
26 -0.07071067811865475 -0.1 0 2.081668171172169e-17 -0.003429467888754756 0 0 4 245 276 -265 -275 
27 0 -0.1 0 0.07071067811865475 -0.003429467888754756 0 0 4 246 277 -266 -276 
28 0.003429467888754756 -0.07071067811865475 0 0.1 2.081668171172169e-17 0 0 4 247 270 -267 -277 
29 0.07071067811865475 0 0 0.2 0.1414213562373095 0 0 4 260 291 -280 -290 
30 -4.163336342344337e-17 0.07071067811865474 0 0.1414213562373095 0.2 0 0 4 261 292 -281 -291 
31 -0.1414213562373095 0.07071067811865475 0 0 0.2 0 0 4 262 293 -282 -292 
32 -0.2 -4.163336342344337e-17 0 -0.07071067811865474 0.1414213562373095 0 0 4 263 294 -283 -293 
33 -0.2 -0.1414213562373095 0 -0.07071067811865475 0 0 0 4 264 295 -284 -294 
34 -0.1414213562373095 -0.2 0 4.163336342344337e-17 -0.07071067811865474 0 0 4 265 296 -285 -295 
35 0 -0.2 0 0.1414213562373095 -0.07071067811865475 0 0 4 266 297 -286 -296 
36 0.07071067811865474 -0.1414213562373095 0 0.2 4.163336342344337e-17 0 0 4 267 290 -287 -297 
41 0 0 -0.075 0.002003291999999999 0.002003291999999999 -0.075 1 0 4 330 320 321 -331 
42 -0.002003291999999999 0 -0.075 0 0.002003291999999999 -0.075 1 0 4 331 322 323 -332 
43 -0.002003291999999999 -0.002003291999999999 -0.075 0 0 -0.075 1 0 4 332 324 325 -333 
44 0 -0.002003291999999999 -0.075 0.002003291999999999 0 -0.075 1 0 4 333 326 327 -330 
45 0.001543787999999999 0 -0.075 0.003599999999999999 0.00254558441227157 -0.075 1 0 4 300 311 -320 -310 
46 0 0.001543787999999999 -0.075 0.002545584412271571 0.003599999999999999 -0.075 1 0 4 301 312 -321 -311 
47 -0.00254558441227157 0.001543787999999999 -0.075 0 0.003599999999999999 -0.075 1 0 4 302 313 -322 -312 
48 -0.003599999999999999 0 -0.075 -0.001543787999999999 0.002545584412271571 -0.075 1 0 4 303 314 -323 -313 
49 -0.003599999999999999 -0.00254558441227157 -0.075 -0.001543787999999999 0 -0.075 1 0 4 304 315 -324 -314 
50 -0.002545584412271571 -0.003599999999999999 -0.075 0 -0.001543787999999999 -0.075 1 0 4 305 316 -325 -315 
51 0 -0.003599999999999999 -0.075 0.00254558441227157 -0.001543787999999999 -0.075 1 0 4 306 317 -326 -316 
52 0.001543787999999999 -0.002545584412271571 -0.075 0.003599999999999999 0 -0.075 1 0 4 307 310 -327 -317 
342 0 0 0 0.002003291999999999 0 0.05 0 4 230 341 -335 -340 
346 0.001543787999999999 0 0 0.002003291999999999 0.001543787999999999 0.05 0 4 220 345 -336 -341 
350 0 0.001543787999999999 0 0.001543787999999999 0.002003291999999999 0.05 0 4 221 349 -337 -345 
354 0 0 0 0 0.002003291999999999 0.05 0 4 -231 340 -338 -349 
355 0 0 0.05 0.002003291999999999 0.002003291999999999 0.05 1 2 4 335 336 337 338 
368 -0.001543787999999999 0.001543787999999999 0 0 0.002003291999999999 0.05 0 4 222 367 -358 -349 
372 -0.002003291999999999 0 0 -0.001543787999999999 0.001543787999999999 0.05 0 4 223 371 -359 -367 
376 -0.002003291999999999 0 0 0 0 0.05 0 4 -232 340 -360 -371 
377 -0.002003291999999999 0 0.05 0 0.002003291999999999 0.05 1 2 4 -338 358 359 360 
390 -0.002003291999999999 -0.001543787999999999 0 -0.001543787999999999 0 0.05 0 4 224 389 -380 -371 
394 -0.001543787999999999 -0.002003291999999999 0 0 -0.001543787999999999 0.05 0 4 225 393 -381 -389 
398 0 -0.002003291999999999 0 0 0 0.05 0 4 -233 340 -382 -393 
399 -0.002003291999999999 -0.002003291999999999 0.05 0 0 0.05 1 2 4 -360 380 381 382 
412 0 -0.002003291999999999 0 0.001543787999999999 -0.001543787999999999 0.05 0 4 226 411 -402 -393 
416 0.001543787999999999 -0.001543787999999999 0 0.002003291999999999 0 0.05 0 4 227 341 -403 -411 
421 0 -0.002003291999999999 0.05 0.002003291999999999 0 0.05 1 2 4 -382 402 403 -335 
430 0.002545584412271569 0 0 0.003599999999999999 0.00254558441227157 0.05 0 4 200 429 -423 -428 
434 0.001543787999999999 0.001543787999999999 0 0.00254558441227157 0.00254558441227157 0.05 0 4 211 345 -424 -429 
442 0.002003291999999999 0 0 0.003599999999999999 0 0.05 0 4 -210 428 -426 -341 
443 0.001543787999999999 0 0.05 0.003599999999999999 0.00254558441227157 0.05 1 2 4 423 424 -336 426 
452 0 0.00254558441227157 0 0.002545584412271571 0.003599999999999999 0.05 0 4 201 451 -445 -429 
456 0 0.002003291999999999 0 0 0.003599999999999999 0.05 0 4 212 349 -446 -451 
465 0 0.001543787999999999 0.05 0.002545584412271571 0.003599999999999999 0.05 1 2 4 445 446 -337 -424 
474 -0.00254558441227157 0.002545584412271569 0 0 0.003599999999999999 0.05 0 4 202 473 -467 -451 
478 -0.00254558441227157 0.001543787999999999 0 -0.001543787999999999 0.00254558441227157 0.05 0 4 213 367 -468 -473 
487 -0.00254558441227157 0.001543787999999999 0.05 0 0.003599999999999999 0.05 1 2 4 467 468 -358 -446 
496 -0.003599999999999999 0 0 -0.00254558441227157 0.002545584412271571 0.05 0 4 203 495 -489 -473 
500 -0.003599999999999999 0 0 -0.002003291999999999 0 0.05 0 4 214 371 -490 -495 
509 -0.003599999999999999 0 0.05 -0.001543787999999999 0.002545584412271571 0.05 1 2 4 489 490 -359 -468 
518 -0.003599999999999999 -0.00254558441227157 0 -0.002545584412271569 0 0.05 0 4 204 517 -511 -495 
522 -0.00254558441227157 -0.00254558441227157 0 -0.001543787999999999 -0.001543787999999999 0.05 0 4 215 389 -512 -517 
531 -0.003599999999999999 -0.00254558441227157 0.05 -0.001543787999999999 0 0.05 1 2 4 511 512 -380 -490 
540 -0.002545584412271571 -0.003599999999999999 0 0 -0.00254558441227157 0.05 0 4 205 539 -533 -517 
544 0 -0.003599999999999999 0 0 -0.002003291999999999 0.05 0 4 216 393 -534 -539 
553 -0.002545584412271571 -0.003599999999999999 0.05 0 -0.001543787999999999 0.05 1 2 4 533 534 -381 -512 
562 0 -0.003599999999999999 0 0.00254558441227157 -0.002545584412271569 0.05 0 4 206 561 -555 -539 
566 0.001543787999999999 -0.00254558441227157 0 0.00254558441227157 -0.001543787999999999 0.05 0 4 217 411 -556 -561 
575 0 -0.003599999999999999 0.05 0.00254558441227157 -0.001543787999999999 0.05 1 2 4 555 556 -402 -534 
584 0.00254558441227157 -0.002545584412271571 0 0.003599999999999999 0 0.05 0 4 207 428 -577 -561 
597 0.001543787999999999 -0.002545584412271571 0.05 0.003599999999999999 0 0.05 1 2 4 577 -426 -403 -556 
610 0.00254558441227157 0.00254558441227157 0 0.003429467888754755 0.003429467888754755 0.05 0 4 251 609 -600 -429 
614 0.003429467888754755 0 0 0.004849999999999999 0.003429467888754755 0.05 0 4 -240 613 -601 -609 
618 0.003599999999999999 0 0 0.004849999999999999 0 0.05 0 4 -250 428 -602 -613 
619 0.002545584412271569 0 0.05 0.004849999999999999 0.003429467888754755 0.05 1 2 4 423 600 601 602 
632 0 0.003599999999999999 0 0 0.004849999999999999 0.05 0 4 252 631 -622 -451 
636 0 0.003429467888754755 0 0.003429467888754755 0.00485 0.05 0 4 -241 609 -623 -631 
641 0 0.00254558441227157 0.05 0.003429467888754755 0.00485 0.05 1 2 4 445 622 623 -600 
654 -0.003429467888754755 0.00254558441227157 0 -0.00254558441227157 0.003429467888754755 0.05 0 4 253 653 -644 -473 
658 -0.003429467888754755 0.003429467888754755 0 0 0.004849999999999999 0.05 0 4 -242 631 -645 -653 
663 -0.003429467888754755 0.002545584412271569 0.05 0 0.004849999999999999 0.05 1 2 4 467 644 645 -622 
676 -0.004849999999999999 0 0 -0.003599999999999999 0 0.05 0 4 254 675 -666 -495 
680 -0.00485 0 0 -0.003429467888754755 0.003429467888754755 0.05 0 4 -243 653 -667 -675 
685 -0.00485 0 0.05 -0.00254558441227157 0.003429467888754755 0.05 1 2 4 489 666 667 -644 
698 -0.003429467888754755 -0.003429467888754755 0 -0.00254558441227157 -0.00254558441227157 0.05 0 4 255 697 -688 -517 
702 -0.004849999999999999 -0.003429467888754755 0 -0.003429467888754755 0 0.05 0 4 -244 675 -689 -697 
707 -0.004849999999999999 -0.003429467888754755 0.05 -0.002545584412271569 0 0.05 1 2 4 511 688 689 -666 
720 0 -0.004849999999999999 0 0 -0.003599999999999999 0.05 0 4 256 719 -710 -539 
724 -0.003429467888754755 -0.00485 0 0 -0.003429467888754755 0.05 0 4 -245 697 -711 -719 
729 -0.003429467888754755 -0.00485 0.05 0 -0.00254558441227157 0.05 1 2 4 533 710 711 -688 
742 0.00254558441227157 -0.003429467888754755 0 0.003429467888754755 -0.00254558441227157 0.05 0 4 257 741 -732 -561 
746 0 -0.004849999999999999 0 0.003429467888754755 -0.003429467888754755 0.05 0 4 -246 719 -733 -741 
751 0 -0.004849999999999999 0.05 0.003429467888754755 -0.002545584412271569 0.05 1 2 4 555 732 733 -710 
768 0.003429467888754755 -0.003429467888754755 0 0.00485 0 0.05 0 4 -247 741 -755 -613 
773 0.00254558441227157 -0.003429467888754755 0.05 0.00485 0 0.05 1 2 4 577 -602 755 -732 
786 0.003429467888754756 0.003429467888754756 0 0.07071067811865475 0.07071067811865475 0.05 0 4 271 785 -776 -609 
790 0.07071067811865475 0 0 0.1 0.07071067811865475 0.05 0 4 -260 789 -777 -785 
794 0.004849999999999993 0 0 0.1 0 0.05 0 4 -270 613 -778 -789 
795 0.003429467888754756 0 0.05 0.1 0.07071067811865475 0.05 1 2 4 -601 776 777 778 
808 0 0.00485 0 0 0.1 0.05 0 4 272 807 -798 -631 
812 -2.081668171172169e-17 0.07071067811865474 0 0.07071067811865475 0.1 0.05 0 4 -261 785 -799 -807 
817 -2.081668171172169e-17 0.003429467888754756 0.05 0.07071067811865475 0.1 0.05 1 2 4 -623 798 799 -776 
830 -0.07071067811865475 0.003429467888754756 0 -0.003429467888754756 0.07071067811865475 0.05 0 4 273 829 -820 -653 
834 -0.07071067811865475 0.07071067811865475 0 0 0.1 0.05 0 4 -262 807 -821 -829 
839 -0.07071067811865475 0.003429467888754756 0.05 0 0.1 0.05 1 2 4 -645 820 821 -798 
852 -0.1 0 0 -0.00485 0 0.05 0 4 274 851 -842 -675 
856 -0.1 -2.081668171172169e-17 0 -0.07071067811865474 0.07071067811865475 0.05 0 4 -263 829 -843 -851 
861 -0.1 -2.081668171172169e-17 0.05 -0.003429467888754756 0.07071067811865475 0.05 1 2 4 -667 842 843 -820 
874 -0.07071067811865475 -0.07071067811865475 0 -0.003429467888754756 -0.003429467888754756 0.05 0 4 275 873 -864 -697 
878 -0.1 -0.07071067811865475 0 -0.07071067811865475 0 0.05 0 4 -264 851 -865 -873 
883 -0.1 -0.07071067811865475 0.05 -0.003429467888754756 0 0.05 1 2 4 -689 864 865 -842 
896 0 -0.1 0 0 -0.00485 0.05 0 4 276 895 -886 -719 
900 -0.07071067811865475 -0.1 0 2.081668171172169e-17 -0.07071067811865474 0.05 0 4 -265 873 -887 -895 
905 -0.07071067811865475 -0.1 0.05 2.081668171172169e-17 -0.003429467888754756 0.05 1 2 4 -711 886 887 -864 
918 0.003429467888754756 -0.07071067811865475 0 0.07071067811865475 -0.003429467888754756 0.05 0 4 277 917 -908 -741 
922 0 -0.1 0 0.07071067811865475 -0.07071067811865475 0.05 0 4 -266 895 -909 -917 
927 0 -0.1 0.05 0.07071067811865475 -0.003429467888754756 0.05 1 2 4 -733 908 909 -886 
944 0.07071067811865474 -0.07071067811865475 0 0.1 2.081668171172169e-17 0.05 0 4 -267 917 -931 -789 
949 0.003429467888754756 -0.07071067811865475 0.05 0.1 2.081668171172169e-17 0.05 1 2 4 -755 -778 931 -908 
962 0.07071067811865475 0.07071067811865475 0 0.1414213562373095 0.1414213562373095 0.05 0 4 291 961 -952 -785 
966 0.1414213562373095 0 0 0.2 0.1414213562373095 0.05 1 4 4 -280 965 -953 -961 
970 0.1 0 0 0.2 0 0.05 0 4 -290 789 -954 -965 
971 0.07071067811865475 0 0.05 0.2 0.1414213562373095 0.05 1 2 4 -777 952 953 954 
984 0 0.1 0 0 0.2 0.05 0 4 292 983 -974 -807 
988 -4.163336342344337e-17 0.1414213562373095 0 0.1414213562373095 0.2 0.05 1 4 4 -281 961 -975 -983 
993 -4.163336342344337e-17 0.07071067811865474 0.05 0.1414213562373095 0.2 0.05 1 2 4 -799 974 975 -952 
1006 -0.1414213562373095 0.07071067811865475 0 -0.07071067811865475 0.1414213562373095 0.05 0 4 293 1005 -996 -829 
1010 -0.1414213562373095 0.1414213562373095 0 0 0.2 0.05 1 4 4 -282 983 -997 -1005 
1015 -0.1414213562373095 0.07071067811865475 0.05 0 0.2 0.05 1 2 4 -821 996 997 -974 
1028 -0.2 0 0 -0.1 0 0.05 0 4 294 1027 -1018 -851 
1032 -0.2 -4.163336342344337e-17 0 -0.1414213562373095 0.1414213562373095 0.05 1 4 4 -283 1005 -1019 -1027 
1037 -0.2 -4.163336342344337e-17 0.05 -0.07071067811865474 0.1414213562373095 0.05 1 2 4 -843 1018 1019 -996 
1050 -0.1414213562373095 -0.1414213562373095 0 -0.07071067811865475 -0.07071067811865475 0.05 0 4 295 1049 -1040 -873 
1054 -0.2 -0.1414213562373095 0 -0.1414213562373095 0 0.05 1 4 4 -284 1027 -1041 -1049 
1059 -0.2 -0.1414213562373095 0.05 -0.07071067811865475 0 0.05 1 2 4 -865 1040 1041 -1018 
1072 0 -0.2 0 0 -0.1 0.05 0 4 296 1071 -1062 -895 
1076 -0.1414213562373095 -0.2 0 4.163336342344337e-17 -0.1414213562373095 0.05 1 4 4 -285 1049 -1063 -1071 
1081 -0.1414213562373095 -0.2 0.05 4.163336342344337e-17 -0.07071067811865474 0.05 1 2 4 -887 1062 1063 -1040 
1094 0.07071067811865475 -0.1414213562373095 0 0.1414213562373095 -0.07071067811865475 0.05 0 4 297 1093 -1084 -917 
1098 0 -0.2 0 0.1414213562373095 -0.1414213562373095 0.05 1 4 4 -286 1071 -1085 -1093 
1103 0 -0.2 0.05 0.1414213562373095 -0.07071067811865475 0.05 1 2 4 -909 1084 1085 -1062 
1120 0.1414213562373095 -0.1414213562373095 0 0.2 4.163336342344337e-17 0.05 1 4 4 -287 1093 -1107 -965 
1125 0.07071067811865474 -0.1414213562373095 0.05 0.2 4.163336342344337e-17 0.05 1 2 4 -931 -954 1107 -1084 
1134 0 0 -0.075 0.002003291999999999 0 0 0 4 330 1133 -230 -1132 
1138 0.001543787999999999 0 -0.075 0.002003291999999999 0.001543787999999999 0 0 4 320 1137 -220 -1133 
1142 0 0.001543787999999999 -0.075 0.001543787999999999 0.002003291999999999 0 0 4 321 1141 -221 -1137 
1146 0 0 -0.075 0 0.002003291999999999 0 0 4 -331 1132 231 -1141 
1159 -0.001543787999999999 0.001543787999999999 -0.075 0 0.002003291999999999 0 0 4 322 1158 -222 -1141 
1163 -0.002003291999999999 0 -0.075 -0.001543787999999999 0.001543787999999999 0 0 4 323 1162 -223 -1158 
1167 -0.002003291999999999 0 -0.075 0 0 0 0 4 -332 1132 232 -1162 
1180 -0.002003291999999999 -0.001543787999999999 -0.075 -0.001543787999999999 0 0 0 4 324 1179 -224 -1162 
1184 -0.001543787999999999 -0.002003291999999999 -0.075 0 -0.001543787999999999 0 0 4 325 1183 -225 -1179 
1188 0 -0.002003291999999999 -0.075 0 0 0 0 4 -333 1132 233 -1183 
1201 0 -0.002003291999999999 -0.075 0.001543787999999999 -0.001543787999999999 0 0 4 326 1200 -226 -1183 
1205 0.001543787999999999 -0.001543787999999999 -0.075 0.002003291999999999 0 0 0 4 327 1133 -227 -1200 
1214 0.002545584412271569 0 -0.075 0.003599999999999999 0.00254558441227157 0 1 3 4 300 1213 -200 -1212 
1218 0.001543787999999999 0.001543787999999999 -0.075 0.00254558441227157 0.00254558441227157 0 0 4 311 1137 -211 -1213 
1226 0.002003291999999999 0 -0.075 0.003599999999999999 0 0 0 4 -310 1212 210 -1133 
1235 0 0.00254558441227157 -0.075 0.002545584412271571 0.003599999999999999 0 1 3 4 301 1234 -201 -1213 
1239 0 0.002003291999999999 -0.075 0 0.003599999999999999 0 0 4 312 1141 -212 -1234 
1248 -0.00254558441227157 0.002545584412271569 -0.075 0 0.003599999999999999 0 1 3 4 302 1247 -202 -1234 
1252 -0.00254558441227157 0.001543787999999999 -0.075 -0.001543787999999999 0.00254558441227157 0 0 4 313 1158 -213 -1247 
1261 -0.003599999999999999 0 -0.075 -0.00254558441227157 0.002545584412271571 0 1 3 4 303 1260 -203 -1247 
1265 -0.003599999999999999 0 -0.075 -0.002003291999999999 0 0 0 4 314 1162 -214 -1260 
1274 -0.003599999999999999 -0.00254558441227157 -0.075 -0.002545584412271569 0 0 1 3 4 304 1273 -204 -1260 
1278 -0.00254558441227157 -0.00254558441227157 -0.075 -0.001543787999999999 -0.001543787999999999 0 0 4 315 1179 -215 -1273 
1287 -0.002545584412271571 -0.003599999999999999 -0.075 0 -0.00254558441227157 0 1 3 4 305 1286 -205 -1273 
1291 0 -0.003599999999999999 -0.075 0 -0.002003291999999999 0 0 4 316 1183 -216 -1286 
1300 0 -0.003599999999999999 -0.075 0.00254558441227157 -0.002545584412271569 0 1 3 4 306 1299 -206 -1286 
1304 0.001543787999999999 -0.00254558441227157 -0.075 0.00254558441227157 -0.001543787999999999 0 0 4 317 1200 -217 -1299 
1313 0.00254558441227157 -0.002545584412271571 -0.075 0.003599999999999999 0 0 1 3 4 307 1212 -207 -1299 
1322 0.003429467888754755 0 -0.075 0.004849999999999999 0.003429467888754755 0 1 3 4 240 1321 -1315 -1320 
1326 0.003429467888754756 0.003429467888754756 -0.075 0.07071067811865475 0.07071067811865475 0 0 4 271 1325 -1316 -1321 
1330 0.07071067811865475 0 -0.075 0.1 0.07071067811865475 0 0 4 -260 1329 -1317 -1325 
1334 0.004849999999999993 0 -0.075 0.1 0 0 0 4 -270 1320 -1318 -1329 
1335 0.003429467888754756 0 -0.075 0.1 0.07071067811865475 -0.075 1 1 4 1315 1316 1317 1318 
1344 0 0.003429467888754755 -0.075 0.003429467888754755 0.00485 0 1 3 4 241 1343 -1337 -1321 
1348 0 0.00485 -0.075 0 0.1 0 0 4 272 1347 -1338 -1343 
1352 -2.081668171172169e-17 0.07071067811865474 -0.075 0.07071067811865475 0.1 0 0 4 -261 1325 -1339 -1347 
1357 -2.081668171172169e-17 0.003429467888754756 -0.075 0.07071067811865475 0.1 -0.075 1 1 4 1337 1338 1339 -1316 
1366 -0.003429467888754755 0.003429467888754755 -0.075 0 0.004849999999999999 0 1 3 4 242 1365 -1359 -1343 
1370 -0.07071067811865475 0.003429467888754756 -0.075 -0.003429467888754756 0.07071067811865475 0 0 4 273 1369 -1360 -1365 
1374 -0.07071067811865475 0.07071067811865475 -0.075 0 0.1 0 0 4 -262 1347 -1361 -1369 
1379 -0.07071067811865475 0.003429467888754756 -0.075 0 0.1 -0.075 1 1 4 1359 1360 1361 -1338 
1388 -0.00485 0 -0.075 -0.003429467888754755 0.003429467888754755 0 1 3 4 243 1387 -1381 -1365 
1392 -0.1 0 -0.075 -0.00485 0 0 0 4 274 1391 -1382 -1387 
1396 -0.1 -2.081668171172169e-17 -0.075 -0.07071067811865474 0.07071067811865475 0 0 4 -263 1369 -1383 -1391 
1401 -0.1 -2.081668171172169e-17 -0.075 -0.003429467888754756 0.07071067811865475 -0.075 1 1 4 1381 1382 1383 -1360 
1410 -0.004849999999999999 -0.003429467888754755 -0.075 -0.003429467888754755 0 0 1 3 4 244 1409 -1403 -1387 
1414 -0.07071067811865475 -0.07071067811865475 -0.075 -0.003429467888754756 -0.003429467888754756 0 0 4 275 1413 -1404 -1409 
1418 -0.1 -0.07071067811865475 -0.075 -0.07071067811865475 0 0 0 4 -264 1391 -1405 -1413 
1423 -0.1 -0.07071067811865475 -0.075 -0.003429467888754756 0 -0.075 1 1 4 1403 1404 1405 -1382 
1432 -0.003429467888754755 -0.00485 -0.075 0 -0.003429467888754755 0 1 3 4 245 1431 -1425 -1409 
1436 0 -0.1 -0.075 0 -0.00485 0 0 4 276 1435 -1426 -1431 
1440 -0.07071067811865475 -0.1 -0.075 2.081668171172169e-17 -0.07071067811865474 0 0 4 -265 1413 -1427 -1435 
1445 -0.07071067811865475 -0.1 -0.075 2.081668171172169e-17 -0.003429467888754756 -0.075 1 1 4 1425 1426 1427 -1404 
1454 0 -0.004849999999999999 -0.075 0.003429467888754755 -0.003429467888754755 0 1 3 4 246 1453 -1447 -1431 
1458 0.003429467888754756 -0.07071067811865475 -0.075 0.07071067811865475 -0.003429467888754756 0 0 4 277 1457 -1448 -1453 
1462 0 -0.1 -0.075 0.07071067811865475 -0.07071067811865475 0 0 4 -266 1435 -1449 -1457 
1467 0 -0.1 -0.075 0.07071067811865475 -0.003429467888754756 -0.075 1 1 4 1447 1448 1449 -1426 
1476 0.003429467888754755 -0.003429467888754755 -0.075 0.00485 0 0 1 3 4 247 1320 -1469 -1453 
1484 0.07071067811865474 -0.07071067811865475 -0.075 0.1 2.081668171172169e-17 0 0 4 -267 1457 -1471 -1329 
1489 0.003429467888754756 -0.07071067811865475 -0.075 0.1 2.081668171172169e-17 -0.075 1 1 4 1469 -1318 1471 -1448 
1502 0.07071067811865475 0.07071067811865475 -0.075 0.1414213562373095 0.1414213562373095 0 0 4 291 1501 -1492 -1325 
1506 0.1414213562373095 0 -0.075 0.2 0.1414213562373095 0 1 4 4 -280 1505 -1493 -1501 
1510 0.1 0 -0.075 0.2 0 0 0 4 -290 1329 -1494 -1505 
1511 0.07071067811865475 0 -0.075 0.2 0.1414213562373095 -0.075 1 1 4 -1317 1492 1493 1494 
1524 0 0.1 -0.075 0 0.2 0 0 4 292 1523 -1514 -1347 
1528 -4.163336342344337e-17 0.1414213562373095 -0.075 0.1414213562373095 0.2 0 1 4 4 -281 1501 -1515 -1523 
1533 -4.163336342344337e-17 0.07071067811865474 -0.075 0.1414213562373095 0.2 -0.075 1 1 4 -1339 1514 1515 -1492 
1546 -0.1414213562373095 0.07071067811865475 -0.075 -0.07071067811865475 0.1414213562373095 0 0 4 293 1545 -1536 -1369 
1550 -0.1414213562373095 0.1414213562373095 -0.075 0 0.2 0 1 4 4 -282 1523 -1537 -1545 
1555 -0.1414213562373095 0.07071067811865475 -0.075 0 0.2 -0.075 1 1 4 -1361 1536 1537 -1514 
1568 -0.2 0 -0.075 -0.1 0 0 0 4 294 1567 -1558 -1391 
1572 -0.2 -4.163336342344337e-17 -0.075 -0.1414213562373095 0.1414213562373095 0 1 4 4 -283 1545 -1559 -1567 
1577 -0.2 -4.163336342344337e-17 -0.075 -0.07071067811865474 0.1414213562373095 -0.075 1 1 4 -1383 1558 1559 -1536 
1590 -0.1414213562373095 -0.1414213562373095 -0.075 -0.07071067811865475 -0.07071067811865475 0 0 4 295 1589 -1580 -1413 
1594 -0.2 -0.1414213562373095 -0.075 -0.1414213562373095 0 0 1 4 4 -284 1567 -1581 -1589 
1599 -0.2 -0.1414213562373095 -0.075 -0.07071067811865475 0 -0.075 1 1 4 -1405 1580 1581 -1558 
1612 0 -0.2 -0.075 0 -0.1 0 0 4 296 1611 -1602 -1435 
1616 -0.1414213562373095 -0.2 -0.075 4.163336342344337e-17 -0.1414213562373095 0 1 4 4 -285 1589 -1603 -1611 
1621 -0.1414213562373095 -0.2 -0.075 4.163336342344337e-17 -0.07071067811865474 -0.075 1 1 4 -1427 1602 1603 -1580 
1634 0.07071067811865475 -0.1414213562373095 -0.075 0.1414213562373095 -0.07071067811865475 0 0 4 297 1633 -1624 -1457 
1638 0 -0.2 -0.075 0.1414213562373095 -0.1414213562373095 0 1 4 4 -286 1611 -1625 -1633 
1643 0 -0.2 -0.075 0.1414213562373095 -0.07071067811865475 -0.075 1 1 4 -1449 1624 1625 -1602 
1660 0.1414213562373095 -0.1414213562373095 -0.075 0.2 4.163336342344337e-17 0 1 4 4 -287 1633 -1647 -1505 
1665 0.07071067811865474 -0.1414213562373095 -0.075 0.2 4.163336342344337e-17 -0.075 1 1 4 -1471 -1494 1647 -1624 
1 0 0 0 0.002003291999999999 0.002003291999999999 0.05 1 0 6 -1 355 342 346 350 -354 
2 -0.002003291999999999 0 0 0 0.002003291999999999 0.05 1 0 6 -2 377 354 368 372 -376 
3 -0.002003291999999999 -0.002003291999999999 0 0 0 0.05 1 0 6 -3 399 376 390 394 -398 
4 0 -0.002003291999999999 0 0.002003291999999999 0 0.05 1 0 6 -4 421 398 412 416 -342 
5 0.001543787999999999 0 0 0.003599999999999999 0.00254558441227157 0.05 1 0 6 -5 443 430 434 -346 -442 
6 0 0.001543787999999999 0 0.002545584412271571 0.003599999999999999 0.05 1 0 6 -6 465 452 456 -350 -434 
7 -0.00254558441227157 0.001543787999999999 0 0 0.003599999999999999 0.05 1 0 6 -7 487 474 478 -368 -456 
8 -0.003599999999999999 0 0 -0.001543787999999999 0.002545584412271571 0.05 1 0 6 -8 509 496 500 -372 -478 
9 -0.003599999999999999 -0.00254558441227157 0 -0.001543787999999999 0 0.05 1 0 6 -9 531 518 522 -390 -500 
10 -0.002545584412271571 -0.003599999999999999 0 0 -0.001543787999999999 0.05 1 0 6 -10 553 540 544 -394 -522 
11 0 -0.003599999999999999 0 0.00254558441227157 -0.001543787999999999 0.05 1 0 6 -11 575 562 566 -412 -544 
12 0.001543787999999999 -0.002545584412271571 0 0.003599999999999999 0 0.05 1 0 6 -12 597 584 442 -416 -566 
13 0.002545584412271569 0 0 0.004849999999999999 0.003429467888754755 0.05 1 0 6 -13 619 430 610 -614 -618 
14 0 0.00254558441227157 0 0.003429467888754755 0.00485 0.05 1 0 6 -14 641 452 632 -636 -610 
15 -0.003429467888754755 0.002545584412271569 0 0 0.004849999999999999 0.05 1 0 6 -15 663 474 654 -658 -632 
16 -0.00485 0 0 -0.00254558441227157 0.003429467888754755 0.05 1 0 6 -16 685 496 676 -680 -654 
17 -0.004849999999999999 -0.003429467888754755 0 -0.002545584412271569 0 0.05 1 0 6 -17 707 518 698 -702 -676 
18 -0.003429467888754755 -0.00485 0 0 -0.00254558441227157 0.05 1 0 6 -18 729 540 720 -724 -698 
19 0 -0.004849999999999999 0 0.003429467888754755 -0.002545584412271569 0.05 1 0 6 -19 751 562 742 -746 -720 
20 0.00254558441227157 -0.003429467888754755 0 0.00485 0 0.05 1 0 6 -20 773 584 618 -768 -742 
21 0.003429467888754756 0 0 0.1 0.07071067811865475 0.05 1 0 6 -21 795 614 786 -790 -794 
22 -2.081668171172169e-17 0.003429467888754756 0 0.07071067811865475 0.1 0.05 1 0 6 -22 817 636 808 -812 -786 
23 -0.07071067811865475 0.003429467888754756 0 0 0.1 0.05 1 0 6 -23 839 658 830 -834 -808 
24 -0.1 -2.081668171172169e-17 0 -0.003429467888754756 0.07071067811865475 0.05 1 0 6 -24 861 680 852 -856 -830 
25 -0.1 -0.07071067811865475 0 -0.003429467888754756 0 0.05 1 0 6 -25 883 702 874 -878 -852 
26 -0.07071067811865475 -0.1 0 2.081668171172169e-17 -0.003429467888754756 0.05 1 0 6 -26 905 724 896 -900 -874 
27 0 -0.1 0 0.07071067811865475 -0.003429467888754756 0.05 1 0 6 -27 927 746 918 -922 -896 
28 0.003429467888754756 -0.07071067811865475 0 0.1 2.081668171172169e-17 0.05 1 0 6 -28 949 768 794 -944 -918 
29 0.07071067811865475 0 0 0.2 0.1414213562373095 0.05 1 0 6 -29 971 790 962 -966 -970 
30 -4.163336342344337e-17 0.07071067811865474 0 0.1414213562373095 0.2 0.05 1 0 6 -30 993 812 984 -988 -962 
31 -0.1414213562373095 0.07071067811865475 0 0 0.2 0.05 1 0 6 -31 1015 834 1006 -1010 -984 
32 -0.2 -4.163336342344337e-17 0 -0.07071067811865474 0.1414213562373095 0.05 1 0 6 -32 1037 856 1028 -1032 -1006 
33 -0.2 -0.1414213562373095 0 -0.07071067811865475 0 0.05 1 0 6 -33 1059 878 1050 -1054 -1028 
34 -0.1414213562373095 -0.2 0 4.163336342344337e-17 -0.07071067811865474 0.05 1 0 6 -34 1081 900 1072 -1076 -1050 
35 0 -0.2 0 0.1414213562373095 -0.07071067811865475 0.05 1 0 6 -35 1103 922 1094 -1098 -1072 
36 0.07071067811865474 -0.1414213562373095 0 0.2 4.163336342344337e-17 0.05 1 0 6 -36 1125 944 970 -1120 -1094 
37 0 0 -0.075 0.002003291999999999 0.002003291999999999 0 1 0 6 -41 1 1134 1138 1142 -1146 
38 -0.002003291999999999 0 -0.075 0 0.002003291999999999 0 1 0 6 -42 2 1146 1159 1163 -1167 
39 -0.002003291999999999 -0.002003291999999999 -0.075 0 0 0 1 0 6 -43 3 1167 1180 1184 -1188 
40 0 -0.002003291999999999 -0.075 0.002003291999999999 0 0 1 0 6 -44 4 1188 1201 1205 -1134 
41 0.001543787999999999 0 -0.075 0.003599999999999999 0.00254558441227157 0 1 0 6 -45 5 1214 1218 -1138 -1226 
42 0 0.001543787999999999 -0.075 0.002545584412271571 0.003599999999999999 0 1 0 6 -46 6 1235 1239 -1142 -1218 
43 -0.00254558441227157 0.001543787999999999 -0.075 0 0.003599999999999999 0 1 0 6 -47 7 1248 1252 -1159 -1239 
44 -0.003599999999999999 0 -0.075 -0.001543787999999999 0.002545584412271571 0 1 0 6 -48 8 1261 1265 -1163 -1252 
45 -0.003599999999999999 -0.00254558441227157 -0.075 -0.001543787999999999 0 0 1 0 6 -49 9 1274 1278 -1180 -1265 
46 -0.002545584412271571 -0.003599999999999999 -0.075 0 -0.001543787999999999 0 1 0 6 -50 10 1287 1291 -1184 -1278 
47 0 -0.003599999999999999 -0.075 0.00254558441227157 -0.001543787999999999 0 1 0 6 -51 11 1300 1304 -1201 -1291 
48 0.001543787999999999 -0.002545584412271571 -0.075 0.003599999999999999 0 0 1 0 6 -52 12 1313 1226 -1205 -1304 
49 0.003429467888754756 0 -0.075 0.1 0.07071067811865475 0 1 0 6 -21 1335 1322 1326 -1330 -1334 
50 -2.081668171172169e-17 0.003429467888754756 -0.075 0.07071067811865475 0.1 0 1 0 6 -22 1357 1344 1348 -1352 -1326 
51 -0.07071067811865475 0.003429467888754756 -0.075 0 0.1 0 1 0 6 -23 1379 1366 1370 -1374 -1348 
52 -0.1 -2.081668171172169e-17 -0.075 -0.003429467888754756 0.07071067811865475 0 1 0 6 -24 1401 1388 1392 -1396 -1370 
53 -0.1 -0.07071067811865475 -0.075 -0.003429467888754756 0 0 1 0 6 -25 1423 1410 1414 -1418 -1392 
54 -0.07071067811865475 -0.1 -0.075 2.081668171172169e-17 -0.003429467888754756 0 1 0 6 -26 1445 1432 1436 -1440 -1414 
55 0 -0.1 -0.075 0.07071067811865475 -0.003429467888754756 0 1 0 6 -27 1467 1454 1458 -1462 -1436 
56 0.003429467888754756 -0.07071067811865475 -0.075 0.1 2.081668171172169e-17 0 1 0 6 -28 1489 1476 1334 -1484 -1458 
57 0.07071067811865475 0 -0.075 0.2 0.1414213562373095 0 1 0 6 -29 1511 1330 1502 -1506 -1510 
58 -4.163336342344337e-17 0.07071067811865474 -0.075 0.1414213562373095 0.2 0 1 0 6 -30 1533 1352 1524 -1528 -1502 
59 -0.1414213562373095 0.07071067811865475 -0.075 0 0.2 0 1 0 6 -31 1555 1374 1546 -1550 -1524 
60 -0.2 -4.163336342344337e-17 -0.075 -0.07071067811865474 0.1414213562373095 0 1 0 6 -32 1577 1396 1568 -1572 -1546 
61 -0.2 -0.1414213562373095 -0.075 -0.07071067811865475 0 0 1 0 6 -33 1599 1418 1590 -1594 -1568 
62 -0.1414213562373095 -0.2 -0.075 4.163336342344337e-17 -0.07071067811865474 0 1 0 6 -34 1621 1440 1612 -1616 -1590 
63 0 -0.2 -0.075 0.1414213562373095 -0.07071067811865475 0 1 0 6 -35 1643 1462 1634 -1638 -1612 
64 0.07071067811865474 -0.1414213562373095 -0.075 0.2 4.163336342344337e-17 0 1 0 6 -36 1665 1484 1510 -1660 -1634 
$EndEntities
$Nodes
709 3906 1 3906
0 1 0 1
1
0 0 0
0 10 0 1
2
0.003599999999999999 0 0
0 11 0 1
3
0.00254558441227157 0.00254558441227157 0
0 12 0 1
4
0 0.003599999999999999 0
0 13 0 1
5
-0.00254558441227157 0.00254558441227157 0
0 14 0 1
6
-0.003599999999999999 0 0
0 15 0 1
7
-0.00254558441227157 -0.00254558441227157 0
0 16 0 1
8
0 -0.003599999999999999 0
0 17 0 1
9
0.00254558441227157 -0.00254558441227157 0
0 20 0 1
10
0.002003291999999999 0 0
0 21 0 1
11
0 0.002003291999999999 0
0 22 0 1
12
-0.002003291999999999 0 0
0 23 0 1
13
0 -0.002003291999999999 0
0 30 0 1
14
0.001543787999999999 0.001543787999999999 0
0 31 0 1
15
-0.001543787999999999 0.001543787999999999 0
0 32 0 1
16
-0.001543787999999999 -0.001543787999999999 0
0 33 0 1
17
0.001543787999999999 -0.001543787999999999 0
0 40 0 1
18
0.004849999999999999 0 0
0 41 0 1
19
0.003429467888754755 0.003429467888754755 0
0 42 0 1
20
0 0.004849999999999999 0
0 43 0 1
21
-0.003429467888754755 0.003429467888754755 0
0 44 0 1
22
-0.004849999999999999 0 0
0 45 0 1
23
-0.003429467888754755 -0.003429467888754755 0
0 46 0 1
24
0 -0.004849999999999999 0
0 47 0 1
25
0.003429467888754755 -0.003429467888754755 0
0 50 0 1
26
0.1 0 0
0 51 0 1
27
0.07071067811865475 0.07071067811865475 0
0 52 0 1
28
0 0.1 0
0 53 0 1
29
-0.07071067811865475 0.07071067811865475 0
0 54 0 1
30
-0.1 0 0
0 55 0 1
31
-0.07071067811865475 -0.07071067811865475 0
0 56 0 1
32
0 -0.1 0
0 57 0 1
33
0.07071067811865475 -0.07071067811865475 0
0 60 0 1
34
0.2 0 0
0 61 0 1
35
0.1414213562373095 0.1414213562373095 0
0 62 0 1
36
0 0.2 0
0 63 0 1
37
-0.1414213562373095 0.1414213562373095 0
0 64 0 1
38
-0.2 0 0
0 65 0 1
39
-0.1414213562373095 -0.1414213562373095 0
0 66 0 1
40
0 -0.2 0
0 67 0 1
41
0.1414213562373095 -0.1414213562373095 0
0 101 0 1
42
0 0 -0.075
0 110 0 1
43
0.003599999999999999 0 -0.075
0 111 0 1
44
0.00254558441227157 0.00254558441227157 -0.075
0 112 0 1
45
0 0.003599999999999999 -0.075
0 113 0 1
46
-0.00254558441227157 0.00254558441227157 -0.075
0 114 0 1
47
-0.003599999999999999 0 -0.075
0 115 0 1
48
-0.00254558441227157 -0.00254558441227157 -0.075
0 116 0 1
49
0 -0.003599999999999999 -0.075
0 117 0 1
50
0.00254558441227157 -0.00254558441227157 -0.075
0 120 0 1
51
0.002003291999999999 0 -0.075
0 121 0 1
52
0 0.002003291999999999 -0.075
0 122 0 1
53
-0.002003291999999999 0 -0.075
0 123 0 1
54
0 -0.002003291999999999 -0.075
0 130 0 1
55
0.001543787999999999 0.001543787999999999 -0.075
0 131 0 1
56
-0.001543787999999999 0.001543787999999999 -0.075
0 132 0 1
57
-0.001543787999999999 -0.001543787999999999 -0.075
0 133 0 1
58
0.001543787999999999 -0.001543787999999999 -0.075
0 134 0 1
59
0 0 0.05
0 135 0 1
60
0.002003291999999999 0 0.05
0 139 0 1
61
0.001543787999999999 0.001543787999999999 0.05
0 143 0 1
62
0 0.002003291999999999 0.05
0 149 0 1
63
-0.001543787999999999 0.001543787999999999 0.05
0 153 0 1
64
-0.002003291999999999 0 0.05
0 159 0 1
65
-0.001543787999999999 -0.001543787999999999 0.05
0 163 0 1
66
0 -0.002003291999999999 0.05
0 169 0 1
67
0.001543787999999999 -0.001543787999999999 0.05
0 170 0 1
68
0.003599999999999999 0 0.05
0 172 0 1
69
0.00254558441227157 0.00254558441227157 0.05
0 175 0 1
70
0 0.003599999999999999 0.05
0 178 0 1
71
-0.00254558441227157 0.00254558441227157 0.05
0 181 0 1
72
-0.003599999999999999 0 0.05
0 184 0 1
73
-0.00254558441227157 -0.00254558441227157 0.05
0 187 0 1
74
0 -0.003599999999999999 0.05
0 190 0 1
75
0.00254558441227157 -0.00254558441227157 0.05
0 197 0 1
76
0.003429467888754755 0.003429467888754755 0.05
0 202 0 1
77
0.004849999999999999 0 0.05
0 209 0 1
78
0 0.004849999999999999 0.05
0 216 0 1
79
-0.003429467888754755 0.003429467888754755 0.05
0 223 0 1
80
-0.004849999999999999 0 0.05
0 230 0 1
81
-0.003429467888754755 -0.003429467888754755 0.05
0 237 0 1
82
0 -0.004849999999999999 0.05
0 244 0 1
83
0.003429467888754755 -0.003429467888754755 0.05
0 251 0 1
84
0.07071067811865475 0.07071067811865475 0.05
0 256 0 1
85
0.1 0 0.05
0 263 0 1
86
0 0.1 0.05
0 270 0 1
87
-0.07071067811865475 0.07071067811865475 0.05
0 277 0 1
88
-0.1 0 0.05
0 284 0 1
89
-0.07071067811865475 -0.07071067811865475 0.05
0 291 0 1
90
0 -0.1 0.05
0 298 0 1
91
0.07071067811865475 -0.07071067811865475 0.05
0 305 0 1
92
0.1414213562373095 0.1414213562373095 0.05
0 310 0 1
93
0.2 0 0.05
0 317 0 1
94
0 0.2 0.05
0 324 0 1
95
-0.1414213562373095 0.1414213562373095 0.05
0 331 0 1
96
-0.2 0 0.05
0 338 0 1
97
-0.1414213562373095 -0.1414213562373095 0.05
0 345 0 1
98
0 -0.2 0.05
0 352 0 1
99
0.1414213562373095 -0.1414213562373095 0.05
0 353 0 1
100
0.004849999999999999 0 -0.075
0 355 0 1
101
0.003429467888754755 0.003429467888754755 -0.075
0 359 0 1
102
0.07071067811865475 0.07071067811865475 -0.075
0 364 0 1
103
0.1 0 -0.075
0 367 0 1
104
0 0.004849999999999999 -0.075
0 371 0 1
105
0 0.1 -0.075
0 374 0 1
106
-0.003429467888754755 0.003429467888754755 -0.075
0 378 0 1
107
-0.07071067811865475 0.07071067811865475 -0.075
0 381 0 1
108
-0.004849999999999999 0 -0.075
0 385 0 1
109
-0.1 0 -0.075
0 388 0 1
110
-0.003429467888754755 -0.003429467888754755 -0.075
0 392 0 1
111
-0.07071067811865475 -0.07071067811865475 -0.075
0 395 0 1
112
0 -0.004849999999999999 -0.075
0 399 0 1
113
0 -0.1 -0.075
0 402 0 1
114
0.003429467888754755 -0.003429467888754755 -0.075
0 406 0 1
115
0.07071067811865475 -0.07071067811865475 -0.075
0 413 0 1
116
0.1414213562373095 0.1414213562373095 -0.075
0 418 0 1
117
0.2 0 -0.075
0 425 0 1
118
0 0.2 -0.075
0 432 0 1
119
-0.1414213562373095 0.1414213562373095 -0.075
0 439 0 1
120
-0.2 0 -0.075
0 446 0 1
121
-0.1414213562373095 -0.1414213562373095 -0.075
0 453 0 1
122
0 -0.2 -0.075
0 460 0 1
123
0.1414213562373095 -0.1414213562373095 -0.075
1 200 0 1
124
0.003325966315682731 0.001377660359792581 0
1 201 0 1
125
0.001377660353174535 0.003325966318424018 0
1 202 0 1
126
-0.001377660359792581 0.003325966315682731 0
1 203 0 1
127
-0.003325966318424018 0.001377660353174535 0
1 204 0 1
128
-0.003325966315682731 -0.001377660359792581 0
1 205 0 1
129
-0.001377660353174535 -0.003325966318424018 0
1 206 0 1
130
0.001377660359792581 -0.003325966315682731 0
1 207 0 1
131
0.003325966318424018 -0.001377660353174535 0
1 210 0 1
132
0.002801646000001949 0 0
1 211 0 1
133
0.002044686206137099 0.002044686206137099 0
1 212 0 1
134
0 0.002801646000001949 0
1 213 0 1
135
-0.002044686206137099 0.002044686206137099 0
1 214 0 1
136
-0.002801646000001949 0 0
1 215 0 1
137
-0.002044686206137099 -0.002044686206137099 0
1 216 0 1
138
0 -0.002801646000001949 0
1 217 0 1
139
0.002044686206137099 -0.002044686206137099 0
1 220 0 1
140
0.001773540000000612 0.0007718939999979432 0
1 221 0 1
141
0.0007718940000022085 0.001773539999999342 0
1 222 0 1
142
-0.0007718939999979432 0.001773540000000612 0
1 223 0 1
143
-0.001773539999999342 0.0007718940000022085 0
1 224 0 1
144
-0.001773540000000612 -0.0007718939999979432 0
1 225 0 1
145
-0.0007718940000022085 -0.001773539999999342 0
1 226 0 1
146
0.0007718939999979432 -0.001773540000000612 0
1 227 0 1
147
0.001773539999999342 -0.0007718940000022085 0
1 230 0 1
148
0.00100164599999733 0 0
1 231 0 1
149
0 0.00100164599999733 0
1 232 0 1
150
-0.00100164599999733 0 0
1 233 0 1
151
0 -0.00100164599999733 0
1 240 0 1
152
0.004480815730728006 0.001856014651682588 0
1 241 0 1
153
0.001856014642078604 0.004480815734706108 0
1 242 0 1
154
-0.001856014651682588 0.004480815730728006 0
1 243 0 1
155
-0.004480815734706108 0.001856014642078604 0
1 244 0 1
156
-0.004480815730728006 -0.001856014651682588 0
1 245 0 1
157
-0.001856014642078604 -0.004480815734706108 0
1 246 0 1
158
0.001856014651682588 -0.004480815730728006 0
1 247 0 1
159
0.004480815734706108 -0.001856014642078604 0
1 260 0 1
160
0.09238795320541432 0.03826834334687322 0
1 261 0 1
161
0.03826834312586492 0.09238795329695892 0
1 262 0 1
162
-0.03826834334687322 0.09238795320541432 0
1 263 0 1
163
-0.09238795329695892 0.03826834312586492 0
1 264 0 1
164
-0.09238795320541432 -0.03826834334687322 0
1 265 0 1
165
-0.03826834312586492 -0.09238795329695892 0
1 266 0 1
166
0.03826834334687322 -0.09238795320541432 0
1 267 0 1
167
0.09238795329695892 -0.03826834312586492 0
1 270 0 6
168
169
170
171
172
173
0.007403523837266638 0 0
0.01136148544226593 0 0
0.01749632572672102 0 0
0.02700532847405672 0 0
0.04174428295893668 0 0
0.06458966216228892 0 0
1 271 0 6
174
175
176
177
178
179
0.005235081910006933 0.005235081910006933 0
0.008033783400579128 0.008033783400579128 0
0.01237177056721306 0.01237177056721306 0
0.01909565089217542 0.01909565089217542 0
0.02951766555603563 0.02951766555603563 0
0.04567178810950862 0.04567178810950862 0
1 272 0 6
180
181
182
183
184
185
0 0.007403523837266638 0
0 0.01136148544226593 0
0 0.01749632572672102 0
0 0.02700532847405672 0
0 0.04174428295893668 0
0 0.06458966216228892 0
1 273 0 6
186
187
188
189
190
191
-0.005235081910006933 0.005235081910006933 0
-0.008033783400579128 0.008033783400579128 0
-0.01237177056721306 0.01237177056721306 0
-0.01909565089217542 0.01909565089217542 0
-0.02951766555603563 0.02951766555603563 0
-0.04567178810950862 0.04567178810950862 0
1 274 0 6
192
193
194
195
196
197
-0.007403523837266638 0 0
-0.01136148544226593 0 0
-0.01749632572672102 0 0
-0.02700532847405672 0 0
-0.04174428295893668 0 0
-0.06458966216228892 0 0
1 275 0 6
198
199
200
201
202
203
-0.005235081910006933 -0.005235081910006933 0
-0.008033783400579128 -0.008033783400579128 0
-0.01237177056721306 -0.01237177056721306 0
-0.01909565089217542 -0.01909565089217542 0
-0.02951766555603563 -0.02951766555603563 0
-0.04567178810950862 -0.04567178810950862 0
1 276 0 6
204
205
206
207
208
209
0 -0.007403523837266638 0
0 -0.01136148544226593 0
0 -0.01749632572672102 0
0 -0.02700532847405672 0
0 -0.04174428295893668 0
0 -0.06458966216228892 0
1 277 0 6
210
211
212
213
214
215
0.005235081910006933 -0.005235081910006933 0
0.008033783400579128 -0.008033783400579128 0
0.01237177056721306 -0.01237177056721306 0
0.01909565089217542 -0.01909565089217542 0
0.02951766555603563 -0.02951766555603563 0
0.04567178810950862 -0.04567178810950862 0
1 280 0 1
216
0.1847759064108286 0.07653668669374644 0
1 281 0 1
217
0.07653668625172984 0.1847759065939178 0
1 282 0 1
218
-0.07653668669374644 0.1847759064108286 0
1 283 0 1
219
-0.1847759065939178 0.07653668625172984 0
1 284 0 1
220
-0.1847759064108286 -0.07653668669374644 0
1 285 0 1
221
-0.07653668625172984 -0.1847759065939178 0
1 286 0 1
222
0.07653668669374644 -0.1847759064108286 0
1 287 0 1
223
0.1847759065939178 -0.07653668625172984 0
1 290 0 1
224
0.1414937759703538 0 0
1 291 0 1
225
0.100051208484338 0.100051208484338 0
1 292 0 1
226
0 0.1414937759703538 0
1 293 0 1
227
-0.100051208484338 0.100051208484338 0
1 294 0 1
228
-0.1414937759703538 0 0
1 295 0 1
229
-0.100051208484338 -0.100051208484338 0
1 296 0 1
230
0 -0.1414937759703538 0
1 297 0 1
231
0.100051208484338 -0.100051208484338 0
1 300 0 1
232
0.003325966315682731 0.001377660359792581 -0.075
1 301 0 1
233
0.001377660353174535 0.003325966318424018 -0.075
1 302 0 1
234
-0.001377660359792581 0.003325966315682731 -0.075
1 303 0 1
235
-0.003325966318424018 0.001377660353174535 -0.075
1 304 0 1
236
-0.003325966315682731 -0.001377660359792581 -0.075
1 305 0 1
237
-0.001377660353174535 -0.003325966318424018 -0.075
1 306 0 1
238
0.001377660359792581 -0.003325966315682731 -0.075
1 307 0 1
239
0.003325966318424018 -0.001377660353174535 -0.075
1 310 0 1
240
0.002801646000001949 0 -0.075
1 311 0 1
241
0.002044686206137099 0.002044686206137099 -0.075
1 312 0 1
242
0 0.002801646000001949 -0.075
1 313 0 1
243
-0.002044686206137099 0.002044686206137099 -0.075
1 314 0 1
244
-0.002801646000001949 0 -0.075
1 315 0 1
245
-0.002044686206137099 -0.002044686206137099 -0.075
1 316 0 1
246
0 -0.002801646000001949 -0.075
1 317 0 1
247
0.002044686206137099 -0.002044686206137099 -0.075
1 320 0 1
248
0.001773540000000612 0.0007718939999979432 -0.075
1 321 0 1
249
0.0007718940000022085 0.001773539999999342 -0.075
1 322 0 1
250
-0.0007718939999979432 0.001773540000000612 -0.075
1 323 0 1
251
-0.001773539999999342 0.0007718940000022085 -0.075
1 324 0 1
252
-0.001773540000000612 -0.0007718939999979432 -0.075
1 325 0 1
253
-0.0007718940000022085 -0.001773539999999342 -0.075
1 326 0 1
254
0.0007718939999979432 -0.001773540000000612 -0.075
1 327 0 1
255
0.001773539999999342 -0.0007718940000022085 -0.075
1 330 0 1
256
0.00100164599999733 0 -0.075
1 331 0 1
257
0 0.00100164599999733 -0.075
1 332 0 1
258
-0.00100164599999733 0 -0.075
1 333 0 1
259
0 -0.00100164599999733 -0.075
1 335 0 1
260
0.00100164599999733 0 0.05
1 336 0 1
261
0.001773540000000612 0.0007718939999979432 0.05
1 337 0 1
262
0.0007718940000022085 0.001773539999999342 0.05
1 338 0 1
263
0 0.00100164599999733 0.05
1 340 0 6
264
265
266
267
268
269
0 0 0.007142857142857143
0 0 0.01428571428571429
0 0 0.02142857142857143
0 0 0.02857142857142857
0 0 0.03571428571428572
0 0 0.04285714285714286
1 341 0 6
270
271
272
273
274
275
0.002003291999999999 0 0.007142857142857143
0.002003291999999999 0 0.01428571428571429
0.002003291999999999 0 0.02142857142857143
0.002003291999999999 0 0.02857142857142857
0.002003291999999999 0 0.03571428571428572
0.002003291999999999 0 0.04285714285714286
1 345 0 6
276
277
278
279
280
281
0.001543787999999999 0.001543787999999999 0.007142857142857143
0.001543787999999999 0.001543787999999999 0.01428571428571429
0.001543787999999999 0.001543787999999999 0.02142857142857143
0.001543787999999999 0.001543787999999999 0.02857142857142857
0.001543787999999999 0.001543787999999999 0.03571428571428572
0.001543787999999999 0.001543787999999999 0.04285714285714286
1 349 0 6
282
283
284
285
286
287
0 0.002003291999999999 0.007142857142857143
0 0.002003291999999999 0.01428571428571429
0 0.002003291999999999 0.02142857142857143
0 0.002003291999999999 0.02857142857142857
0 0.002003291999999999 0.03571428571428572
0 0.002003291999999999 0.04285714285714286
1 358 0 1
288
-0.0007718939999979432 0.001773540000000612 0.05
1 359 0 1
289
-0.001773539999999342 0.0007718940000022085 0.05
1 360 0 1
290
-0.00100164599999733 0 0.05
1 367 0 6
291
292
293
294
295
296
-0.001543787999999999 0.001543787999999999 0.007142857142857143
-0.001543787999999999 0.001543787999999999 0.01428571428571429
-0.001543787999999999 0.001543787999999999 0.02142857142857143
-0.001543787999999999 0.001543787999999999 0.02857142857142857
-0.001543787999999999 0.001543787999999999 0.03571428571428572
-0.001543787999999999 0.001543787999999999 0.04285714285714286
1 371 0 6
297
298
299
300
301
302
-0.002003291999999999 0 0.007142857142857143
-0.002003291999999999 0 0.01428571428571429
-0.002003291999999999 0 0.02142857142857143
-0.002003291999999999 0 0.02857142857142857
-0.002003291999999999 0 0.03571428571428572
-0.002003291999999999 0 0.04285714285714286
1 380 0 1
303
-0.001773540000000612 -0.0007718939999979432 0.05
1 381 0 1
304
-0.0007718940000022085 -0.001773539999999342 0.05
1 382 0 1
305
0 -0.00100164599999733 0.05
1 389 0 6
306
307
308
309
310
311
-0.001543787999999999 -0.001543787999999999 0.007142857142857143
-0.001543787999999999 -0.001543787999999999 0.01428571428571429
-0.001543787999999999 -0.001543787999999999 0.02142857142857143
-0.001543787999999999 -0.001543787999999999 0.02857142857142857
-0.001543787999999999 -0.001543787999999999 0.03571428571428572
-0.001543787999999999 -0.001543787999999999 0.04285714285714286
1 393 0 6
312
313
314
315
316
317
0 -0.002003291999999999 0.007142857142857143
0 -0.002003291999999999 0.01428571428571429
0 -0.002003291999999999 0.02142857142857143
0 -0.002003291999999999 0.02857142857142857
0 -0.002003291999999999 0.03571428571428572
0 -0.002003291999999999 0.04285714285714286
1 402 0 1
318
0.0007718939999979432 -0.001773540000000612 0.05
1 403 0 1
319
0.001773539999999342 -0.0007718940000022085 0.05
1 411 0 6
320
321
322
323
324
325
0.001543787999999999 -0.001543787999999999 0.007142857142857143
0.001543787999999999 -0.001543787999999999 0.01428571428571429
0.001543787999999999 -0.001543787999999999 0.02142857142857143
0.001543787999999999 -0.001543787999999999 0.02857142857142857
0.001543787999999999 -0.001543787999999999 0.03571428571428572
0.001543787999999999 -0.001543787999999999 0.04285714285714286
1 423 0 1
326
0.003325966315682731 0.001377660359792581 0.05
1 424 0 1
327
0.002044686206137099 0.002044686206137099 0.05
1 426 0 1
328
0.002801646000001949 0 0.05
1 428 0 6
329
330
331
332
333
334
0.003599999999999999 0 0.007142857142857143
0.003599999999999999 0 0.01428571428571429
0.003599999999999999 0 0.02142857142857143
0.003599999999999999 0 0.02857142857142857
0.003599999999999999 0 0.03571428571428572
0.003599999999999999 0 0.04285714285714286
1 429 0 6
335
336
337
338
339
340
0.00254558441227157 0.00254558441227157 0.007142857142857143
0.00254558441227157 0.00254558441227157 0.01428571428571429
0.00254558441227157 0.00254558441227157 0.02142857142857143
0.00254558441227157 0.00254558441227157 0.02857142857142857
0.00254558441227157 0.00254558441227157 0.03571428571428572
0.00254558441227157 0.00254558441227157 0.04285714285714286
1 445 0 1
341
0.001377660353174535 0.003325966318424018 0.05
1 446 0 1
342
0 0.002801646000001949 0.05
1 451 0 6
343
344
345
346
347
348
0 0.003599999999999999 0.007142857142857143
0 0.003599999999999999 0.01428571428571429
0 0.003599999999999999 0.02142857142857143
0 0.003599999999999999 0.02857142857142857
0 0.003599999999999999 0.03571428571428572
0 0.003599999999999999 0.04285714285714286
1 467 0 1
349
-0.001377660359792581 0.003325966315682731 0.05
1 468 0 1
350
-0.002044686206137099 0.002044686206137099 0.05
1 473 0 6
351
352
353
354
355
356
-0.00254558441227157 0.00254558441227157 0.007142857142857143
-0.00254558441227157 0.00254558441227157 0.01428571428571429
-0.00254558441227157 0.00254558441227157 0.02142857142857143
-0.00254558441227157 0.00254558441227157 0.02857142857142857
-0.00254558441227157 0.00254558441227157 0.03571428571428572
-0.00254558441227157 0.00254558441227157 0.04285714285714286
1 489 0 1
357
-0.003325966318424018 0.001377660353174535 0.05
1 490 0 1
358
-0.002801646000001949 0 0.05
1 495 0 6
359
360
361
362
363
364
-0.003599999999999999 0 0.007142857142857143
-0.003599999999999999 0 0.01428571428571429
-0.003599999999999999 0 0.02142857142857143
-0.003599999999999999 0 0.02857142857142857
-0.003599999999999999 0 0.03571428571428572
-0.003599999999999999 0 0.04285714285714286
1 511 0 1
365
-0.003325966315682731 -0.001377660359792581 0.05
1 512 0 1
366
-0.002044686206137099 -0.002044686206137099 0.05
1 517 0 6
367
368
369
370
371
372
-0.00254558441227157 -0.00254558441227157 0.007142857142857143
-0.00254558441227157 -0.00254558441227157 0.01428571428571429
-0.00254558441227157 -0.00254558441227157 0.02142857142857143
-0.00254558441227157 -0.00254558441227157 0.02857142857142857
-0.00254558441227157 -0.00254558441227157 0.03571428571428572
-0.00254558441227157 -0.00254558441227157 0.04285714285714286
1 533 0 1
373
-0.001377660353174535 -0.003325966318424018 0.05
1 534 0 1
374
0 -0.002801646000001949 0.05
1 539 0 6
375
376
377
378
379
380
0 -0.003599999999999999 0.007142857142857143
0 -0.003599999999999999 0.01428571428571429
0 -0.003599999999999999 0.02142857142857143
0 -0.003599999999999999 0.02857142857142857
0 -0.003599999999999999 0.03571428571428572
0 -0.003599999999999999 0.04285714285714286
1 555 0 1
381
0.001377660359792581 -0.003325966315682731 0.05
1 556 0 1
382
0.002044686206137099 -0.002044686206137099 0.05
1 561 0 6
383
384
385
386
387
388
0.00254558441227157 -0.00254558441227157 0.007142857142857143
0.00254558441227157 -0.00254558441227157 0.01428571428571429
0.00254558441227157 -0.00254558441227157 0.02142857142857143
0.00254558441227157 -0.00254558441227157 0.02857142857142857
0.00254558441227157 -0.00254558441227157 0.03571428571428572
0.00254558441227157 -0.00254558441227157 0.04285714285714286
1 577 0 1
389
0.003325966318424018 -0.001377660353174535 0.05
1 601 0 1
390
0.004480815730728006 0.001856014651682588 0.05
1 609 0 6
391
392
393
394
395
396
0.003429467888754755 0.003429467888754755 0.007142857142857143
0.003429467888754755 0.003429467888754755 0.01428571428571429
0.003429467888754755 0.003429467888754755 0.02142857142857143
0.003429467888754755 0.003429467888754755 0.02857142857142857
0.003429467888754755 0.003429467888754755 0.03571428571428572
0.003429467888754755 0.003429467888754755 0.04285714285714286
1 613 0 6
397
398
399
400
401
402
0.004849999999999999 0 0.007142857142857143
0.004849999999999999 0 0.01428571428571429
0.004849999999999999 0 0.02142857142857143
0.004849999999999999 0 0.02857142857142857
0.004849999999999999 0 0.03571428571428572
0.004849999999999999 0 0.04285714285714286
1 623 0 1
403
0.001856014642078604 0.004480815734706108 0.05
1 631 0 6
404
405
406
407
408
409
0 0.004849999999999999 0.007142857142857143
0 0.004849999999999999 0.01428571428571429
0 0.004849999999999999 0.02142857142857143
0 0.004849999999999999 0.02857142857142857
0 0.004849999999999999 0.03571428571428572
0 0.004849999999999999 0.04285714285714286
1 645 0 1
410
-0.001856014651682588 0.004480815730728006 0.05
1 653 0 6
411
412
413
414
415
416
-0.003429467888754755 0.003429467888754755 0.007142857142857143
-0.003429467888754755 0.003429467888754755 0.01428571428571429
-0.003429467888754755 0.003429467888754755 0.02142857142857143
-0.003429467888754755 0.003429467888754755 0.02857142857142857
-0.003429467888754755 0.003429467888754755 0.03571428571428572
-0.003429467888754755 0.003429467888754755 0.04285714285714286
1 667 0 1
417
-0.004480815734706108 0.001856014642078604 0.05
1 675 0 6
418
419
420
421
422
423
-0.004849999999999999 0 0.007142857142857143
-0.004849999999999999 0 0.01428571428571429
-0.004849999999999999 0 0.02142857142857143
-0.004849999999999999 0 0.02857142857142857
-0.004849999999999999 0 0.03571428571428572
-0.004849999999999999 0 0.04285714285714286
1 689 0 1
424
-0.004480815730728006 -0.001856014651682588 0.05
1 697 0 6
425
426
427
428
429
430
-0.003429467888754755 -0.003429467888754755 0.007142857142857143
-0.003429467888754755 -0.003429467888754755 0.01428571428571429
-0.003429467888754755 -0.003429467888754755 0.02142857142857143
-0.003429467888754755 -0.003429467888754755 0.02857142857142857
-0.003429467888754755 -0.003429467888754755 0.03571428571428572
-0.003429467888754755 -0.003429467888754755 0.04285714285714286
1 711 0 1
431
-0.001856014642078604 -0.004480815734706108 0.05
1 719 0 6
432
433
434
435
436
437
0 -0.004849999999999999 0.007142857142857143
0 -0.004849999999999999 0.01428571428571429
0 -0.004849999999999999 0.02142857142857143
0 -0.004849999999999999 0.02857142857142857
0 -0.004849999999999999 0.03571428571428572
0 -0.004849999999999999 0.04285714285714286
1 733 0 1
438
0.001856014651682588 -0.004480815730728006 0.05
1 741 0 6
439
440
441
442
443
444
0.003429467888754755 -0.003429467888754755 0.007142857142857143
0.003429467888754755 -0.003429467888754755 0.01428571428571429
0.003429467888754755 -0.003429467888754755 0.02142857142857143
0.003429467888754755 -0.003429467888754755 0.02857142857142857
0.003429467888754755 -0.003429467888754755 0.03571428571428572
0.003429467888754755 -0.003429467888754755 0.04285714285714286
1 755 0 1
445
0.004480815734706108 -0.001856014642078604 0.05
1 776 0 6
446
447
448
449
450
451
0.005235081910006933 0.005235081910006933 0.05
0.008033783400579128 0.008033783400579128 0.05
0.01237177056721306 0.01237177056721306 0.05
0.01909565089217542 0.01909565089217542 0.05
0.02951766555603563 0.02951766555603563 0.05
0.04567178810950862 0.04567178810950862 0.05
1 777 0 1
452
0.09238795320541432 0.03826834334687322 0.05
1 778 0 6
453
454
455
456
457
458
0.06458966216228892 0 0.05
0.04174428295893668 0 0.05
0.02700532847405672 0 0.05
0.01749632572672102 0 0.05
0.01136148544226593 0 0.05
0.007403523837266638 0 0.05
1 785 0 6
459
460
461
462
463
464
0.07071067811865475 0.07071067811865475 0.007142857142857143
0.07071067811865475 0.07071067811865475 0.01428571428571429
0.07071067811865475 0.07071067811865475 0.02142857142857143
0.07071067811865475 0.07071067811865475 0.02857142857142857
0.07071067811865475 0.07071067811865475 0.03571428571428572
0.07071067811865475 0.07071067811865475 0.04285714285714286
1 789 0 6
465
466
467
468
469
470
0.1 0 0.007142857142857143
0.1 0 0.01428571428571429
0.1 0 0.02142857142857143
0.1 0 0.02857142857142857
0.1 0 0.03571428571428572
0.1 0 0.04285714285714286
1 798 0 6
471
472
473
474
475
476
0 0.007403523837266638 0.05
0 0.01136148544226593 0.05
0 0.01749632572672102 0.05
0 0.02700532847405672 0.05
0 0.04174428295893668 0.05
0 0.06458966216228892 0.05
1 799 0 1
477
0.03826834312586492 0.09238795329695892 0.05
1 807 0 6
478
479
480
481
482
483
0 0.1 0.007142857142857143
0 0.1 0.01428571428571429
0 0.1 0.02142857142857143
0 0.1 0.02857142857142857
0 0.1 0.03571428571428572
0 0.1 0.04285714285714286
1 820 0 6
484
485
486
487
488
489
-0.005235081910006933 0.005235081910006933 0.05
-0.008033783400579128 0.008033783400579128 0.05
-0.01237177056721306 0.01237177056721306 0.05
-0.01909565089217542 0.01909565089217542 0.05
-0.02951766555603563 0.02951766555603563 0.05
-0.04567178810950862 0.04567178810950862 0.05
1 821 0 1
490
-0.03826834334687322 0.09238795320541432 0.05
1 829 0 6
491
492
493
494
495
496
-0.07071067811865475 0.07071067811865475 0.007142857142857143
-0.07071067811865475 0.07071067811865475 0.01428571428571429
-0.07071067811865475 0.07071067811865475 0.02142857142857143
-0.07071067811865475 0.07071067811865475 0.02857142857142857
-0.07071067811865475 0.07071067811865475 0.03571428571428572
-0.07071067811865475 0.07071067811865475 0.04285714285714286
1 842 0 6
497
498
499
500
501
502
-0.007403523837266638 0 0.05
-0.01136148544226593 0 0.05
-0.01749632572672102 0 0.05
-0.02700532847405672 0 0.05
-0.04174428295893668 0 0.05
-0.06458966216228892 0 0.05
1 843 0 1
503
-0.09238795329695892 0.03826834312586492 0.05
1 851 0 6
504
505
506
507
508
509
-0.1 0 0.007142857142857143
-0.1 0 0.01428571428571429
-0.1 0 0.02142857142857143
-0.1 0 0.02857142857142857
-0.1 0 0.03571428571428572
-0.1 0 0.04285714285714286
1 864 0 6
510
511
512
513
514
515
-0.005235081910006933 -0.005235081910006933 0.05
-0.008033783400579128 -0.008033783400579128 0.05
-0.01237177056721306 -0.01237177056721306 0.05
-0.01909565089217542 -0.01909565089217542 0.05
-0.02951766555603563 -0.02951766555603563 0.05
-0.04567178810950862 -0.04567178810950862 0.05
1 865 0 1
516
-0.09238795320541432 -0.03826834334687322 0.05
1 873 0 6
517
518
519
520
521
522
-0.07071067811865475 -0.07071067811865475 0.007142857142857143
-0.07071067811865475 -0.07071067811865475 0.01428571428571429
-0.07071067811865475 -0.07071067811865475 0.02142857142857143
-0.07071067811865475 -0.07071067811865475 0.02857142857142857
-0.07071067811865475 -0.07071067811865475 0.03571428571428572
-0.07071067811865475 -0.07071067811865475 0.04285714285714286
1 886 0 6
523
524
525
526
527
528
0 -0.007403523837266638 0.05
0 -0.01136148544226593 0.05
0 -0.01749632572672102 0.05
0 -0.02700532847405672 0.05
0 -0.04174428295893668 0.05
0 -0.06458966216228892 0.05
1 887 0 1
529
-0.03826834312586492 -0.09238795329695892 0.05
1 895 0 6
530
531
532
533
534
535
0 -0.1 0.007142857142857143
0 -0.1 0.01428571428571429
0 -0.1 0.02142857142857143
0 -0.1 0.02857142857142857
0 -0.1 0.03571428571428572
0 -0.1 0.04285714285714286
1 908 0 6
536
537
538
539
540
541
0.005235081910006933 -0.005235081910006933 0.05
0.008033783400579128 -0.008033783400579128 0.05
0.01237177056721306 -0.01237177056721306 0.05
0.01909565089217542 -0.01909565089217542 0.05
0.02951766555603563 -0.02951766555603563 0.05
0.04567178810950862 -0.04567178810950862 0.05
1 909 0 1
542
0.03826834334687322 -0.09238795320541432 0.05
1 917 0 6
543
544
545
546
547
548
0.07071067811865475 -0.07071067811865475 0.007142857142857143
0.07071067811865475 -0.07071067811865475 0.01428571428571429
0.07071067811865475 -0.07071067811865475 0.02142857142857143
0.07071067811865475 -0.07071067811865475 0.02857142857142857
0.07071067811865475 -0.07071067811865475 0.03571428571428572
0.07071067811865475 -0.07071067811865475 0.04285714285714286
1 931 0 1
549
0.09238795329695892 -0.03826834312586492 0.05
1 952 0 1
550
0.100051208484338 0.100051208484338 0.05
1 953 0 1
551
0.1847759064108286 0.07653668669374644 0.05
1 954 0 1
552
0.1414937759703538 0 0.05
1 961 0 6
553
554
555
556
557
558
0.1414213562373095 0.1414213562373095 0.007142857142857143
0.1414213562373095 0.1414213562373095 0.01428571428571429
0.1414213562373095 0.1414213562373095 0.02142857142857143
0.1414213562373095 0.1414213562373095 0.02857142857142857
0.1414213562373095 0.1414213562373095 0.03571428571428572
0.1414213562373095 0.1414213562373095 0.04285714285714286
1 965 0 6
559
560
561
562
563
564
0.2 0 0.007142857142857143
0.2 0 0.01428571428571429
0.2 0 0.02142857142857143
0.2 0 0.02857142857142857
0.2 0 0.03571428571428572
0.2 0 0.04285714285714286
1 974 0 1
565
0 0.1414937759703538 0.05
1 975 0 1
566
0.07653668625172984 0.1847759065939178 0.05
1 983 0 6
567
568
569
570
571
572
0 0.2 0.007142857142857143
0 0.2 0.01428571428571429
0 0.2 0.02142857142857143
0 0.2 0.02857142857142857
0 0.2 0.03571428571428572
0 0.2 0.04285714285714286
1 996 0 1
573
-0.100051208484338 0.100051208484338 0.05
1 997 0 1
574
-0.07653668669374644 0.1847759064108286 0.05
1 1005 0 6
575
576
577
578
579
580
-0.1414213562373095 0.1414213562373095 0.007142857142857143
-0.1414213562373095 0.1414213562373095 0.01428571428571429
-0.1414213562373095 0.1414213562373095 0.02142857142857143
-0.1414213562373095 0.1414213562373095 0.02857142857142857
-0.1414213562373095 0.1414213562373095 0.03571428571428572
-0.1414213562373095 0.1414213562373095 0.04285714285714286
1 1018 0 1
581
-0.1414937759703538 0 0.05
1 1019 0 1
582
-0.1847759065939178 0.07653668625172984 0.05
1 1027 0 6
583
584
585
586
587
588
-0.2 0 0.007142857142857143
-0.2 0 0.01428571428571429
-0.2 0 0.02142857142857143
-0.2 0 0.02857142857142857
-0.2 0 0.03571428571428572
-0.2 0 0.04285714285714286
1 1040 0 1
589
-0.100051208484338 -0.100051208484338 0.05
1 1041 0 1
590
-0.1847759064108286 -0.07653668669374644 0.05
1 1049 0 6
591
592
593
594
595
596
-0.1414213562373095 -0.1414213562373095 0.007142857142857143
-0.1414213562373095 -0.1414213562373095 0.01428571428571429
-0.1414213562373095 -0.1414213562373095 0.02142857142857143
-0.1414213562373095 -0.1414213562373095 0.02857142857142857
-0.1414213562373095 -0.1414213562373095 0.03571428571428572
-0.1414213562373095 -0.1414213562373095 0.04285714285714286
1 1062 0 1
597
0 -0.1414937759703538 0.05
1 1063 0 1
598
-0.07653668625172984 -0.1847759065939178 0.05
1 1071 0 6
599
600
601
602
603
604
0 -0.2 0.007142857142857143
0 -0.2 0.01428571428571429
0 -0.2 0.02142857142857143
0 -0.2 0.02857142857142857
0 -0.2 0.03571428571428572
0 -0.2 0.04285714285714286
1 1084 0 1
605
0.100051208484338 -0.100051208484338 0.05
1 1085 0 1
606
0.07653668669374644 -0.1847759064108286 0.05
1 1093 0 6
607
608
609
610
611
612
0.1414213562373095 -0.1414213562373095 0.007142857142857143
0.1414213562373095 -0.1414213562373095 0.01428571428571429
0.1414213562373095 -0.1414213562373095 0.02142857142857143
0.1414213562373095 -0.1414213562373095 0.02857142857142857
0.1414213562373095 -0.1414213562373095 0.03571428571428572
0.1414213562373095 -0.1414213562373095 0.04285714285714286
1 1107 0 1
613
0.1847759065939178 -0.07653668625172984 0.05
1 1132 0 9
614
615
616
617
618
619
620
621
622
0 0 -0.0675
0 0 -0.06
0 0 -0.0525
0 0 -0.045
0 0 -0.0375
0 0 -0.03
0 0 -0.0225
0 0 -0.015
0 0 -0.007499999999999993
1 1133 0 9
623
624
625
626
627
628
629
630
631
0.002003291999999999 0 -0.0675
0.002003291999999999 0 -0.06
0.002003291999999999 0 -0.0525
0.002003291999999999 0 -0.045
0.002003291999999999 0 -0.0375
0.002003291999999999 0 -0.03
0.002003291999999999 0 -0.0225
0.002003291999999999 0 -0.015
0.002003291999999999 0 -0.007499999999999993
1 1137 0 9
632
633
634
635
636
637
638
639
640
0.001543787999999999 0.001543787999999999 -0.0675
0.001543787999999999 0.001543787999999999 -0.06
0.001543787999999999 0.001543787999999999 -0.0525
0.001543787999999999 0.001543787999999999 -0.045
0.001543787999999999 0.001543787999999999 -0.0375
0.001543787999999999 0.001543787999999999 -0.03
0.001543787999999999 0.001543787999999999 -0.0225
0.001543787999999999 0.001543787999999999 -0.015
0.001543787999999999 0.001543787999999999 -0.007499999999999993
1 1141 0 9
641
642
643
644
645
646
647
648
649
0 0.002003291999999999 -0.0675
0 0.002003291999999999 -0.06
0 0.002003291999999999 -0.0525
0 0.002003291999999999 -0.045
0 0.002003291999999999 -0.0375
0 0.002003291999999999 -0.03
0 0.002003291999999999 -0.0225
0 0.002003291999999999 -0.015
0 0.002003291999999999 -0.007499999999999993
1 1158 0 9
650
651
652
653
654
655
656
657
658
-0.001543787999999999 0.001543787999999999 -0.0675
-0.001543787999999999 0.001543787999999999 -0.06
-0.001543787999999999 0.001543787999999999 -0.0525
-0.001543787999999999 0.001543787999999999 -0.045
-0.001543787999999999 0.001543787999999999 -0.0375
-0.001543787999999999 0.001543787999999999 -0.03
-0.001543787999999999 0.001543787999999999 -0.0225
-0.001543787999999999 0.001543787999999999 -0.015
-0.001543787999999999 0.001543787999999999 -0.007499999999999993
1 1162 0 9
659
660
661
662
663
664
665
666
667
-0.002003291999999999 0 -0.0675
-0.002003291999999999 0 -0.06
-0.002003291999999999 0 -0.0525
-0.002003291999999999 0 -0.045
-0.002003291999999999 0 -0.0375
-0.002003291999999999 0 -0.03
-0.002003291999999999 0 -0.0225
-0.002003291999999999 0 -0.015
-0.002003291999999999 0 -0.007499999999999993
1 1179 0 9
668
669
670
671
672
673
674
675
676
-0.001543787999999999 -0.001543787999999999 -0.0675
-0.001543787999999999 -0.001543787999999999 -0.06
-0.001543787999999999 -0.001543787999999999 -0.0525
-0.001543787999999999 -0.001543787999999999 -0.045
-0.001543787999999999 -0.001543787999999999 -0.0375
-0.001543787999999999 -0.001543787999999999 -0.03
-0.001543787999999999 -0.001543787999999999 -0.0225
-0.001543787999999999 -0.001543787999999999 -0.015
-0.001543787999999999 -0.001543787999999999 -0.007499999999999993
1 1183 0 9
677
678
679
680
681
682
683
684
685
0 -0.002003291999999999 -0.0675
0 -0.002003291999999999 -0.06
0 -0.002003291999999999 -0.0525
0 -0.002003291999999999 -0.045
0 -0.002003291999999999 -0.0375
0 -0.002003291999999999 -0.03
0 -0.002003291999999999 -0.0225
0 -0.002003291999999999 -0.015
0 -0.002003291999999999 -0.007499999999999993
1 1200 0 9
686
687
688
689
690
691
692
693
694
0.001543787999999999 -0.001543787999999999 -0.0675
0.001543787999999999 -0.001543787999999999 -0.06
0.001543787999999999 -0.001543787999999999 -0.0525
0.001543787999999999 -0.001543787999999999 -0.045
0.001543787999999999 -0.001543787999999999 -0.0375
0.001543787999999999 -0.001543787999999999 -0.03
0.001543787999999999 -0.001543787999999999 -0.0225
0.001543787999999999 -0.001543787999999999 -0.015
0.001543787999999999 -0.001543787999999999 -0.007499999999999993
1 1212 0 9
695
696
697
698
699
700
701
702
703
0.003599999999999999 0 -0.0675
0.003599999999999999 0 -0.06
0.003599999999999999 0 -0.0525
0.003599999999999999 0 -0.045
0.003599999999999999 0 -0.0375
0.003599999999999999 0 -0.03
0.003599999999999999 0 -0.0225
0.003599999999999999 0 -0.015
0.003599999999999999 0 -0.007499999999999993
1 1213 0 9
704
705
706
707
708
709
710
711
712
0.00254558441227157 0.00254558441227157 -0.0675
0.00254558441227157 0.00254558441227157 -0.06
0.00254558441227157 0.00254558441227157 -0.0525
0.00254558441227157 0.00254558441227157 -0.045
0.00254558441227157 0.00254558441227157 -0.0375
0.00254558441227157 0.00254558441227157 -0.03
0.00254558441227157 0.00254558441227157 -0.0225
0.00254558441227157 0.00254558441227157 -0.015
0.00254558441227157 0.00254558441227157 -0.007499999999999993
1 1234 0 9
713
714
715
716
717
718
719
720
721
0 0.003599999999999999 -0.0675
0 0.003599999999999999 -0.06
0 0.003599999999999999 -0.0525
0 0.003599999999999999 -0.045
0 0.003599999999999999 -0.0375
0 0.003599999999999999 -0.03
0 0.003599999999999999 -0.0225
0 0.003599999999999999 -0.015
0 0.003599999999999999 -0.007499999999999993
1 1247 0 9
722
723
724
725
726
727
728
729
730
-0.00254558441227157 0.00254558441227157 -0.0675
-0.00254558441227157 0.00254558441227157 -0.06
-0.00254558441227157 0.00254558441227157 -0.0525
-0.00254558441227157 0.00254558441227157 -0.045
-0.00254558441227157 0.00254558441227157 -0.0375
-0.00254558441227157 0.00254558441227157 -0.03
-0.00254558441227157 0.00254558441227157 -0.0225
-0.00254558441227157 0.00254558441227157 -0.015
-0.00254558441227157 0.00254558441227157 -0.007499999999999993
1 1260 0 9
731
732
733
734
735
736
737
738
739
-0.003599999999999999 0 -0.0675
-0.003599999999999999 0 -0.06
-0.003599999999999999 0 -0.0525
-0.003599999999999999 0 -0.045
-0.003599999999999999 0 -0.0375
-0.003599999999999999 0 -0.03
-0.003599999999999999 0 -0.0225
-0.003599999999999999 0 -0.015
-0.003599999999999999 0 -0.007499999999999993
1 1273 0 9
740
741
742
743
744
745
746
747
748
-0.00254558441227157 -0.00254558441227157 -0.0675
-0.00254558441227157 -0.00254558441227157 -0.06
-0.00254558441227157 -0.00254558441227157 -0.0525
-0.00254558441227157 -0.00254558441227157 -0.045
-0.00254558441227157 -0.00254558441227157 -0.0375
-0.00254558441227157 -0.00254558441227157 -0.03
-0.00254558441227157 -0.00254558441227157 -0.0225
-0.00254558441227157 -0.00254558441227157 -0.015
-0.00254558441227157 -0.00254558441227157 -0.007499999999999993
1 1286 0 9
749
750
751
752
753
754
755
756
757
0 -0.003599999999999999 -0.0675
0 -0.003599999999999999 -0.06
0 -0.003599999999999999 -0.0525
0 -0.003599999999999999 -0.045
0 -0.003599999999999999 -0.0375
0 -0.003599999999999999 -0.03
0 -0.003599999999999999 -0.0225
0 -0.003599999999999999 -0.015
0 -0.003599999999999999 -0.007499999999999993
1 1299 0 9
758
759
760
761
762
763
764
765
766
0.00254558441227157 -0.00254558441227157 -0.0675
0.00254558441227157 -0.00254558441227157 -0.06
0.00254558441227157 -0.00254558441227157 -0.0525
0.00254558441227157 -0.00254558441227157 -0.045
0.00254558441227157 -0.00254558441227157 -0.0375
0.00254558441227157 -0.00254558441227157 -0.03
0.00254558441227157 -0.00254558441227157 -0.0225
0.00254558441227157 -0.00254558441227157 -0.015
0.00254558441227157 -0.00254558441227157 -0.007499999999999993
1 1315 0 1
767
0.004480815730728006 0.001856014651682588 -0.075
1 1316 0 6
768
769
770
771
772
773
0.005235081910006933 0.005235081910006933 -0.075
0.008033783400579128 0.008033783400579128 -0.075
0.01237177056721306 0.01237177056721306 -0.075
0.01909565089217542 0.01909565089217542 -0.075
0.02951766555603563 0.02951766555603563 -0.075
0.04567178810950862 0.04567178810950862 -0.075
1 1317 0 1
774
0.09238795320541432 0.03826834334687322 -0.075
1 1318 0 6
775
776
777
778
779
780
0.06458966216228892 0 -0.075
0.04174428295893668 0 -0.075
0.02700532847405672 0 -0.075
0.01749632572672102 0 -0.075
0.01136148544226593 0 -0.075
0.007403523837266638 0 -0.075
1 1320 0 9
781
782
783
784
785
786
787
788
789
0.004849999999999999 0 -0.0075
0.004849999999999999 0 -0.015
0.004849999999999999 0 -0.0225
0.004849999999999999 0 -0.03
0.004849999999999999 0 -0.0375
0.004849999999999999 0 -0.045
0.004849999999999999 0 -0.0525
0.004849999999999999 0 -0.06
0.004849999999999999 0 -0.0675
1 1321 0 9
790
791
792
793
794
795
796
797
798
0.003429467888754755 0.003429467888754755 -0.0075
0.003429467888754755 0.003429467888754755 -0.015
0.003429467888754755 0.003429467888754755 -0.0225
0.003429467888754755 0.003429467888754755 -0.03
0.003429467888754755 0.003429467888754755 -0.0375
0.003429467888754755 0.003429467888754755 -0.045
0.003429467888754755 0.003429467888754755 -0.0525
0.003429467888754755 0.003429467888754755 -0.06
0.003429467888754755 0.003429467888754755 -0.0675
1 1325 0 9
799
800
801
802
803
804
805
806
807
0.07071067811865475 0.07071067811865475 -0.0075
0.07071067811865475 0.07071067811865475 -0.015
0.07071067811865475 0.07071067811865475 -0.0225
0.07071067811865475 0.07071067811865475 -0.03
0.07071067811865475 0.07071067811865475 -0.0375
0.07071067811865475 0.07071067811865475 -0.045
0.07071067811865475 0.07071067811865475 -0.0525
0.07071067811865475 0.07071067811865475 -0.06
0.07071067811865475 0.07071067811865475 -0.0675
1 1329 0 9
808
809
810
811
812
813
814
815
816
0.1 0 -0.0075
0.1 0 -0.015
0.1 0 -0.0225
0.1 0 -0.03
0.1 0 -0.0375
0.1 0 -0.045
0.1 0 -0.0525
0.1 0 -0.06
0.1 0 -0.0675
1 1337 0 1
817
0.001856014642078604 0.004480815734706108 -0.075
1 1338 0 6
818
819
820
821
822
823
0 0.007403523837266638 -0.075
0 0.01136148544226593 -0.075
0 0.01749632572672102 -0.075
0 0.02700532847405672 -0.075
0 0.04174428295893668 -0.075
0 0.06458966216228892 -0.075
1 1339 0 1
824
0.03826834312586492 0.09238795329695892 -0.075
1 1343 0 9
825
826
827
828
829
830
831
832
833
0 0.004849999999999999 -0.0075
0 0.004849999999999999 -0.015
0 0.004849999999999999 -0.0225
0 0.004849999999999999 -0.03
0 0.004849999999999999 -0.0375
0 0.004849999999999999 -0.045
0 0.004849999999999999 -0.0525
0 0.004849999999999999 -0.06
0 0.004849999999999999 -0.0675
1 1347 0 9
834
835
836
837
838
839
840
841
842
0 0.1 -0.0075
0 0.1 -0.015
0 0.1 -0.0225
0 0.1 -0.03
0 0.1 -0.0375
0 0.1 -0.045
0 0.1 -0.0525
0 0.1 -0.06
0 0.1 -0.0675
1 1359 0 1
843
-0.001856014651682588 0.004480815730728006 -0.075
1 1360 0 6
844
845
846
847
848
849
-0.005235081910006933 0.005235081910006933 -0.075
-0.008033783400579128 0.008033783400579128 -0.075
-0.01237177056721306 0.01237177056721306 -0.075
-0.01909565089217542 0.01909565089217542 -0.075
-0.02951766555603563 0.02951766555603563 -0.075
-0.04567178810950862 0.04567178810950862 -0.075
1 1361 0 1
850
-0.03826834334687322 0.09238795320541432 -0.075
1 1365 0 9
851
852
853
854
855
856
857
858
859
-0.003429467888754755 0.003429467888754755 -0.0075
-0.003429467888754755 0.003429467888754755 -0.015
-0.003429467888754755 0.003429467888754755 -0.0225
-0.003429467888754755 0.003429467888754755 -0.03
-0.003429467888754755 0.003429467888754755 -0.0375
-0.003429467888754755 0.003429467888754755 -0.045
-0.003429467888754755 0.003429467888754755 -0.0525
-0.003429467888754755 0.003429467888754755 -0.06
-0.003429467888754755 0.003429467888754755 -0.0675
1 1369 0 9
860
861
862
863
864
865
866
867
868
-0.07071067811865475 0.07071067811865475 -0.0075
-0.07071067811865475 0.07071067811865475 -0.015
-0.07071067811865475 0.07071067811865475 -0.0225
-0.07071067811865475 0.07071067811865475 -0.03
-0.07071067811865475 0.07071067811865475 -0.0375
-0.07071067811865475 0.07071067811865475 -0.045
-0.07071067811865475 0.07071067811865475 -0.0525
-0.07071067811865475 0.07071067811865475 -0.06
-0.07071067811865475 0.07071067811865475 -0.0675
1 1381 0 1
869
-0.004480815734706108 0.001856014642078604 -0.075
1 1382 0 6
870
871
872
873
874
875
-0.007403523837266638 0 -0.075
-0.01136148544226593 0 -0.075
-0.01749632572672102 0 -0.075
-0.02700532847405672 0 -0.075
-0.04174428295893668 0 -0.075
-0.06458966216228892 0 -0.075
1 1383 0 1
876
-0.09238795329695892 0.03826834312586492 -0.075
1 1387 0 9
877
878
879
880
881
882
883
884
885
-0.004849999999999999 0 -0.0075
-0.004849999999999999 0 -0.015
-0.004849999999999999 0 -0.0225
-0.004849999999999999 0 -0.03
-0.004849999999999999 0 -0.0375
-0.004849999999999999 0 -0.045
-0.004849999999999999 0 -0.0525
-0.004849999999999999 0 -0.06
-0.004849999999999999 0 -0.0675
1 1391 0 9
886
887
888
889
890
891
892
893
894
-0.1 0 -0.0075
-0.1 0 -0.015
-0.1 0 -0.0225
-0.1 0 -0.03
-0.1 0 -0.0375
-0.1 0 -0.045
-0.1 0 -0.0525
-0.1 0 -0.06
-0.1 0 -0.0675
1 1403 0 1
895
-0.004480815730728006 -0.001856014651682588 -0.075
1 1404 0 6
896
897
898
899
900
901
-0.005235081910006933 -0.005235081910006933 -0.075
-0.008033783400579128 -0.008033783400579128 -0.075
-0.01237177056721306 -0.01237177056721306 -0.075
-0.01909565089217542 -0.01909565089217542 -0.075
-0.02951766555603563 -0.02951766555603563 -0.075
-0.04567178810950862 -0.04567178810950862 -0.075
1 1405 0 1
902
-0.09238795320541432 -0.03826834334687322 -0.075
1 1409 0 9
903
904
905
906
907
908
909
910
911
-0.003429467888754755 -0.003429467888754755 -0.0075
-0.003429467888754755 -0.003429467888754755 -0.015
-0.003429467888754755 -0.003429467888754755 -0.0225
-0.003429467888754755 -0.003429467888754755 -0.03
-0.003429467888754755 -0.003429467888754755 -0.0375
-0.003429467888754755 -0.003429467888754755 -0.045
-0.003429467888754755 -0.003429467888754755 -0.0525
-0.003429467888754755 -0.003429467888754755 -0.06
-0.003429467888754755 -0.003429467888754755 -0.0675
1 1413 0 9
912
913
914
915
916
917
918
919
920
-0.07071067811865475 -0.07071067811865475 -0.0075
-0.07071067811865475 -0.07071067811865475 -0.015
-0.07071067811865475 -0.07071067811865475 -0.0225
-0.07071067811865475 -0.07071067811865475 -0.03
-0.07071067811865475 -0.07071067811865475 -0.0375
-0.07071067811865475 -0.07071067811865475 -0.045
-0.07071067811865475 -0.07071067811865475 -0.0525
-0.07071067811865475 -0.07071067811865475 -0.06
-0.07071067811865475 -0.07071067811865475 -0.0675
1 1425 0 1
921
-0.001856014642078604 -0.004480815734706108 -0.075
1 1426 0 6
922
923
924
925
926
927
0 -0.007403523837266638 -0.075
0 -0.01136148544226593 -0.075
0 -0.01749632572672102 -0.075
0 -0.02700532847405672 -0.075
0 -0.04174428295893668 -0.075
0 -0.06458966216228892 -0.075
1 1427 0 1
928
-0.03826834312586492 -0.09238795329695892 -0.075
1 1431 0 9
929
930
931
932
933
934
935
936
937
0 -0.004849999999999999 -0.0075
0 -0.004849999999999999 -0.015
0 -0.004849999999999999 -0.0225
0 -0.004849999999999999 -0.03
0 -0.004849999999999999 -0.0375
0 -0.004849999999999999 -0.045
0 -0.004849999999999999 -0.0525
0 -0.004849999999999999 -0.06
0 -0.004849999999999999 -0.0675
1 1435 0 9
938
939
940
941
942
943
944
945
946
0 -0.1 -0.0075
0 -0.1 -0.015
0 -0.1 -0.0225
0 -0.1 -0.03
0 -0.1 -0.0375
0 -0.1 -0.045
0 -0.1 -0.0525
0 -0.1 -0.06
0 -0.1 -0.0675
1 1447 0 1
947
0.001856014651682588 -0.004480815730728006 -0.075
1 1448 0 6
948
949
950
951
952
953
0.005235081910006933 -0.005235081910006933 -0.075
0.008033783400579128 -0.008033783400579128 -0.075
0.01237177056721306 -0.01237177056721306 -0.075
0.01909565089217542 -0.01909565089217542 -0.075
0.02951766555603563 -0.02951766555603563 -0.075
0.04567178810950862 -0.04567178810950862 -0.075
1 1449 0 1
954
0.03826834334687322 -0.09238795320541432 -0.075
1 1453 0 9
955
956
957
958
959
960
961
962
963
0.003429467888754755 -0.003429467888754755 -0.0075
0.003429467888754755 -0.003429467888754755 -0.015
0.003429467888754755 -0.003429467888754755 -0.0225
0.003429467888754755 -0.003429467888754755 -0.03
0.003429467888754755 -0.003429467888754755 -0.0375
0.003429467888754755 -0.003429467888754755 -0.045
0.003429467888754755 -0.003429467888754755 -0.0525
0.003429467888754755 -0.003429467888754755 -0.06
0.003429467888754755 -0.003429467888754755 -0.0675
1 1457 0 9
964
965
966
967
968
969
970
971
972
0.07071067811865475 -0.07071067811865475 -0.0075
0.07071067811865475 -0.07071067811865475 -0.015
0.07071067811865475 -0.07071067811865475 -0.0225
0.07071067811865475 -0.07071067811865475 -0.03
0.07071067811865475 -0.07071067811865475 -0.0375
0.07071067811865475 -0.07071067811865475 -0.045
0.07071067811865475 -0.07071067811865475 -0.0525
0.07071067811865475 -0.07071067811865475 -0.06
0.07071067811865475 -0.07071067811865475 -0.0675
1 1469 0 1
973
0.004480815734706108 -0.001856014642078604 -0.075
1 1471 0 1
974
0.09238795329695892 -0.03826834312586492 -0.075
1 1492 0 1
975
0.100051208484338 0.100051208484338 -0.075
1 1493 0 1
976
0.1847759064108286 0.07653668669374644 -0.075
1 1494 0 1
977
0.1414937759703538 0 -0.075
1 1501 0 9
978
979
980
981
982
983
984
985
986
0.1414213562373095 0.1414213562373095 -0.0075
0.1414213562373095 0.1414213562373095 -0.015
0.1414213562373095 0.1414213562373095 -0.0225
0.1414213562373095 0.1414213562373095 -0.03
0.1414213562373095 0.1414213562373095 -0.0375
0.1414213562373095 0.1414213562373095 -0.045
0.1414213562373095 0.1414213562373095 -0.0525
0.1414213562373095 0.1414213562373095 -0.06
0.1414213562373095 0.1414213562373095 -0.0675
1 1505 0 9
987
988
989
990
991
992
993
994
995
0.2 0 -0.0075
0.2 0 -0.015
0.2 0 -0.0225
0.2 0 -0.03
0.2 0 -0.0375
0.2 0 -0.045
0.2 0 -0.0525
0.2 0 -0.06
0.2 0 -0.0675
1 1514 0 1
996
0 0.1414937759703538 -0.075
1 1515 0 1
997
0.07653668625172984 0.1847759065939178 -0.075
1 1523 0 9
998
999
1000
1001
1002
1003
1004
1005
1006
0 0.2 -0.0075
0 0.2 -0.015
0 0.2 -0.0225
0 0.2 -0.03
0 0.2 -0.0375
0 0.2 -0.045
0 0.2 -0.0525
0 0.2 -0.06
0 0.2 -0.0675
1 1536 0 1
1007
-0.100051208484338 0.100051208484338 -0.075
1 1537 0 1
1008
-0.07653668669374644 0.1847759064108286 -0.075
1 1545 0 9
1009
1010
1011
1012
1013
1014
1015
1016
1017
-0.1414213562373095 0.1414213562373095 -0.0075
-0.1414213562373095 0.1414213562373095 -0.015
-0.1414213562373095 0.1414213562373095 -0.0225
-0.1414213562373095 0.1414213562373095 -0.03
-0.1414213562373095 0.1414213562373095 -0.0375
-0.1414213562373095 0.1414213562373095 -0.045
-0.1414213562373095 0.1414213562373095 -0.0525
-0.1414213562373095 0.1414213562373095 -0.06
-0.1414213562373095 0.1414213562373095 -0.0675
1 1558 0 1
1018
-0.1414937759703538 0 -0.075
1 1559 0 1
1019
-0.1847759065939178 0.07653668625172984 -0.075
1 1567 0 9
1020
1021
1022
1023
1024
1025
1026
1027
1028
-0.2 0 -0.0075
-0.2 0 -0.015
-0.2 0 -0.0225
-0.2 0 -0.03
-0.2 0 -0.0375
-0.2 0 -0.045
-0.2 0 -0.0525
-0.2 0 -0.06
-0.2 0 -0.0675
1 1580 0 1
1029
-0.100051208484338 -0.100051208484338 -0.075
1 1581 0 1
1030
-0.1847759064108286 -0.07653668669374644 -0.075
1 1589 0 9
1031
1032
1033
1034
1035
1036
1037
1038
1039
-0.1414213562373095 -0.1414213562373095 -0.0075
-0.1414213562373095 -0.1414213562373095 -0.015
-0.1414213562373095 -0.1414213562373095 -0.0225
-0.1414213562373095 -0.1414213562373095 -0.03
-0.1414213562373095 -0.1414213562373095 -0.0375
-0.1414213562373095 -0.1414213562373095 -0.045
-0.1414213562373095 -0.1414213562373095 -0.0525
-0.1414213562373095 -0.1414213562373095 -0.06
-0.1414213562373095 -0.1414213562373095 -0.0675
1 1602 0 1
1040
0 -0.1414937759703538 -0.075
1 1603 0 1
1041
-0.07653668625172984 -0.1847759065939178 -0.075
1 1611 0 9
1042
1043
1044
1045
1046
1047
1048
1049
1050
0 -0.2 -0.0075
0 -0.2 -0.015
0 -0.2 -0.0225
0 -0.2 -0.03
0 -0.2 -0.0375
0 -0.2 -0.045
0 -0.2 -0.0525
0 -0.2 -0.06
0 -0.2 -0.0675
1 1624 0 1
1051
0.100051208484338 -0.100051208484338 -0.075
1 1625 0 1
1052
0.07653668669374644 -0.1847759064108286 -0.075
1 1633 0 9
1053
1054
1055
1056
1057
1058
1059
1060
1061
0.1414213562373095 -0.1414213562373095 -0.0075
0.1414213562373095 -0.1414213562373095 -0.015
0.1414213562373095 -0.1414213562373095 -0.0225
0.1414213562373095 -0.1414213562373095 -0.03
0.1414213562373095 -0.1414213562373095 -0.0375
0.1414213562373095 -0.1414213562373095 -0.045
0.1414213562373095 -0.1414213562373095 -0.0525
0.1414213562373095 -0.1414213562373095 -0.06
0.1414213562373095 -0.1414213562373095 -0.0675
1 1647 0 1
1062
0.1847759065939178 -0.07653668625172984 -0.075
2 1 0 1
1063
0.0008867700000000755 0.000886769999997308 0
2 2 0 1
1064
-0.000886769999997308 0.0008867700000000755 0
2 3 0 1
1065
-0.0008867700000000755 -0.000886769999997308 0
2 4 0 1
1066
0.000886769999997308 -0.0008867700000000755 0
2 5 0 1
1067
0.002549753157843623 0.001074777179896051 0
2 6 0 1
1068
0.001074777176589161 0.002549753159213632 0
2 7 0 1
1069
-0.001074777179896051 0.002549753157843623 0
2 8 0 1
1070
-0.002549753159213632 0.001074777176589161 0
2 9 0 1
1071
-0.002549753157843623 -0.001074777179896051 0
2 10 0 1
1072
-0.001074777176589161 -0.002549753159213632 0
2 11 0 1
1073
0.001074777179896051 -0.002549753157843623 0
2 12 0 1
1074
0.002549753159213632 -0.001074777176589161 0
2 13 0 0
2 14 0 0
2 15 0 0
2 16 0 0
2 17 0 0
2 18 0 0
2 19 0 0
2 20 0 0
2 21 0 6
1075
1076
1077
1078
1079
1080
0.006839964138583579 0.002833205921188944 0
0.01049664385408821 0.004347852257754768 0
0.01616449722530001 0.006695554001633301 0
0.02494967023378342 0.01033449182191125 0
0.03856668860620147 0.01597484553002463 0
0.05967306685413274 0.02471739368261483 0
2 22 0 6
1081
1082
1083
1084
1085
1086
0.002833205905911539 0.006839964144911688 0
0.004347852233683562 0.01049664386405883 0
0.006695553963931705 0.01616449724091652 0
0.01033449176308255 0.02494967025815106 0
0.01597484543844891 0.03856668864413335 0
0.02471739354028123 0.05967306691308923 0
2 23 0 6
1087
1088
1089
1090
1091
1092
-0.002833205921188944 0.006839964138583579 0
-0.004347852257754768 0.01049664385408821 0
-0.006695554001633301 0.01616449722530001 0
-0.01033449182191125 0.02494967023378342 0
-0.01597484553002463 0.03856668860620147 0
-0.02471739368261483 0.05967306685413274 0
2 24 0 6
1093
1094
1095
1096
1097
1098
-0.006839964144911688 0.002833205905911539 0
-0.01049664386405883 0.004347852233683562 0
-0.01616449724091652 0.006695553963931705 0
-0.02494967025815106 0.01033449176308255 0
-0.03856668864413335 0.01597484543844891 0
-0.05967306691308923 0.02471739354028123 0
2 25 0 6
1099
1100
1101
1102
1103
1104
-0.006839964138583579 -0.002833205921188944 0
-0.01049664385408821 -0.004347852257754768 0
-0.01616449722530001 -0.006695554001633301 0
-0.02494967023378342 -0.01033449182191125 0
-0.03856668860620147 -0.01597484553002463 0
-0.05967306685413274 -0.02471739368261483 0
2 26 0 6
1105
1106
1107
1108
1109
1110
-0.002833205905911539 -0.006839964144911688 0
-0.004347852233683562 -0.01049664386405883 0
-0.006695553963931705 -0.01616449724091652 0
-0.01033449176308255 -0.02494967025815106 0
-0.01597484543844891 -0.03856668864413335 0
-0.02471739354028123 -0.05967306691308923 0
2 27 0 6
1111
1112
1113
1114
1115
1116
0.002833205921188944 -0.006839964138583579 0
0.004347852257754768 -0.01049664385408821 0
0.006695554001633301 -0.01616449722530001 0
0.01033449182191125 -0.02494967023378342 0
0.01597484553002463 -0.03856668860620147 0
0.02471739368261483 -0.05967306685413274 0
2 28 0 6
1117
1118
1119
1120
1121
1122
0.006839964144911688 -0.002833205905911539 0
0.01049664386405883 -0.004347852233683562 0
0.01616449724091652 -0.006695553963931705 0
0.02494967025815106 -0.01033449176308255 0
0.03856668864413335 -0.01597484543844891 0
0.05967306691308923 -0.02471739354028123 0
2 29 0 1
1123
0.1307232035320701 0.05414732400279616 0
2 30 0 1
1124
0.05414732369008315 0.1307232036616 0
2 31 0 1
1125
-0.05414732400279616 0.1307232035320701 0
2 32 0 1
1126
-0.1307232036616 0.05414732369008315 0
2 33 0 1
1127
-0.1307232035320701 -0.05414732400279616 0
2 34 0 1
1128
-0.05414732369008315 -0.1307232036616 0
2 35 0 1
1129
0.05414732400279616 -0.1307232035320701 0
2 36 0 1
1130
0.1307232036616 -0.05414732369008315 0
2 41 0 1
1131
0.0008867700000000755 0.000886769999997308 -0.07499999999999998
2 42 0 1
1132
-0.000886769999997308 0.0008867700000000755 -0.07499999999999998
2 43 0 1
1133
-0.0008867700000000755 -0.000886769999997308 -0.07499999999999998
2 44 0 1
1134
0.000886769999997308 -0.0008867700000000755 -0.07499999999999998
2 45 0 1
1135
0.002549753157843623 0.001074777179896051 -0.07499999999999998
2 46 0 1
1136
0.001074777176589161 0.002549753159213632 -0.07499999999999998
2 47 0 1
1137
-0.001074777179896051 0.002549753157843623 -0.07499999999999998
2 48 0 1
1138
-0.002549753159213632 0.001074777176589161 -0.07499999999999998
2 49 0 1
1139
-0.002549753157843623 -0.001074777179896051 -0.07499999999999998
2 50 0 1
1140
-0.001074777176589161 -0.002549753159213632 -0.07499999999999998
2 51 0 1
1141
0.001074777179896051 -0.002549753157843623 -0.07499999999999998
2 52 0 1
1142
0.002549753159213632 -0.001074777176589161 -0.07499999999999998
2 342 0 6
1143
1144
1145
1146
1147
1148
0.00100164599999733 0 0.007142857142857143
0.00100164599999733 0 0.01428571428571429
0.00100164599999733 0 0.02142857142857143
0.00100164599999733 0 0.02857142857142857
0.00100164599999733 0 0.03571428571428572
0.00100164599999733 0 0.04285714285714286
2 346 0 6
1149
1150
1151
1152
1153
1154
0.001773540000000612 0.0007718939999979432 0.007142857142857143
0.001773540000000612 0.0007718939999979432 0.01428571428571429
0.001773540000000612 0.0007718939999979432 0.02142857142857143
0.001773540000000612 0.0007718939999979432 0.02857142857142857
0.001773540000000612 0.0007718939999979432 0.03571428571428572
0.001773540000000612 0.0007718939999979432 0.04285714285714286
2 350 0 6
1155
1156
1157
1158
1159
1160
0.0007718940000022085 0.001773539999999342 0.007142857142857143
0.0007718940000022085 0.001773539999999342 0.01428571428571429
0.0007718940000022085 0.001773539999999342 0.02142857142857143
0.0007718940000022085 0.001773539999999342 0.02857142857142857
0.0007718940000022085 0.001773539999999342 0.03571428571428572
0.0007718940000022085 0.001773539999999342 0.04285714285714286
2 354 0 6
1161
1162
1163
1164
1165
1166
0 0.00100164599999733 0.007142857142857143
0 0.00100164599999733 0.01428571428571429
0 0.00100164599999733 0.02142857142857143
0 0.00100164599999733 0.02857142857142857
0 0.00100164599999733 0.03571428571428572
0 0.00100164599999733 0.04285714285714286
2 355 0 1
1167
0.0008867700000000755 0.000886769999997308 0.05
2 368 0 6
1168
1169
1170
1171
1172
1173
-0.0007718939999979432 0.001773540000000612 0.007142857142857143
-0.0007718939999979432 0.001773540000000612 0.01428571428571429
-0.0007718939999979432 0.001773540000000612 0.02142857142857143
-0.0007718939999979432 0.001773540000000612 0.02857142857142857
-0.0007718939999979432 0.001773540000000612 0.03571428571428572
-0.0007718939999979432 0.001773540000000612 0.04285714285714286
2 372 0 6
1174
1175
1176
1177
1178
1179
-0.001773539999999342 0.0007718940000022085 0.007142857142857143
-0.001773539999999342 0.0007718940000022085 0.01428571428571429
-0.001773539999999342 0.0007718940000022085 0.02142857142857143
-0.001773539999999342 0.0007718940000022085 0.02857142857142857
-0.001773539999999342 0.0007718940000022085 0.03571428571428572
-0.001773539999999342 0.0007718940000022085 0.04285714285714286
2 376 0 6
1180
1181
1182
1183
1184
1185
-0.00100164599999733 0 0.007142857142857143
-0.00100164599999733 0 0.01428571428571429
-0.00100164599999733 0 0.02142857142857143
-0.00100164599999733 0 0.02857142857142857
-0.00100164599999733 0 0.03571428571428572
-0.00100164599999733 0 0.04285714285714286
2 377 0 1
1186
-0.000886769999997308 0.0008867700000000755 0.05
2 390 0 6
1187
1188
1189
1190
1191
1192
-0.001773540000000612 -0.0007718939999979432 0.007142857142857143
-0.001773540000000612 -0.0007718939999979432 0.01428571428571429
-0.001773540000000612 -0.0007718939999979432 0.02142857142857143
-0.001773540000000612 -0.0007718939999979432 0.02857142857142857
-0.001773540000000612 -0.0007718939999979432 0.03571428571428572
-0.001773540000000612 -0.0007718939999979432 0.04285714285714286
2 394 0 6
1193
1194
1195
1196
1197
1198
-0.0007718940000022085 -0.001773539999999342 0.007142857142857143
-0.0007718940000022085 -0.001773539999999342 0.01428571428571429
-0.0007718940000022085 -0.001773539999999342 0.02142857142857143
-0.0007718940000022085 -0.001773539999999342 0.02857142857142857
-0.0007718940000022085 -0.001773539999999342 0.03571428571428572
-0.0007718940000022085 -0.001773539999999342 0.04285714285714286
2 398 0 6
1199
1200
1201
1202
1203
1204
0 -0.00100164599999733 0.007142857142857143
0 -0.00100164599999733 0.01428571428571429
0 -0.00100164599999733 0.02142857142857143
0 -0.00100164599999733 0.02857142857142857
0 -0.00100164599999733 0.03571428571428572
0 -0.00100164599999733 0.04285714285714286
2 399 0 1
1205
-0.0008867700000000755 -0.000886769999997308 0.05
2 412 0 6
1206
1207
1208
1209
1210
1211
0.0007718939999979432 -0.001773540000000612 0.007142857142857143
0.0007718939999979432 -0.001773540000000612 0.01428571428571429
0.0007718939999979432 -0.001773540000000612 0.02142857142857143
0.0007718939999979432 -0.001773540000000612 0.02857142857142857
0.0007718939999979432 -0.001773540000000612 0.03571428571428572
0.0007718939999979432 -0.001773540000000612 0.04285714285714286
2 416 0 6
1212
1213
1214
1215
1216
1217
0.001773539999999342 -0.0007718940000022085 0.007142857142857143
0.001773539999999342 -0.0007718940000022085 0.01428571428571429
0.001773539999999342 -0.0007718940000022085 0.02142857142857143
0.001773539999999342 -0.0007718940000022085 0.02857142857142857
0.001773539999999342 -0.0007718940000022085 0.03571428571428572
0.001773539999999342 -0.0007718940000022085 0.04285714285714286
2 421 0 1
1218
0.000886769999997308 -0.0008867700000000755 0.05
2 430 0 6
1219
1220
1221
1222
1223
1224
0.003325966315682731 0.001377660359792581 0.007142857142857143
0.003325966315682731 0.001377660359792581 0.01428571428571429
0.003325966315682731 0.001377660359792581 0.02142857142857143
0.003325966315682731 0.001377660359792581 0.02857142857142857
0.003325966315682731 0.001377660359792581 0.03571428571428572
0.003325966315682731 0.001377660359792581 0.04285714285714286
2 434 0 6
1225
1226
1227
1228
1229
1230
0.002044686206137099 0.002044686206137099 0.007142857142857143
0.002044686206137099 0.002044686206137099 0.01428571428571429
0.002044686206137099 0.002044686206137099 0.02142857142857143
0.002044686206137099 0.002044686206137099 0.02857142857142857
0.002044686206137099 0.002044686206137099 0.03571428571428572
0.002044686206137099 0.002044686206137099 0.04285714285714286
2 442 0 6
1231
1232
1233
1234
1235
1236
0.002801646000001949 0 0.007142857142857143
0.002801646000001949 0 0.01428571428571429
0.002801646000001949 0 0.02142857142857143
0.002801646000001949 0 0.02857142857142857
0.002801646000001949 0 0.03571428571428572
0.002801646000001949 0 0.04285714285714286
2 443 0 1
1237
0.002549753157843623 0.001074777179896051 0.05
2 452 0 6
1238
1239
1240
1241
1242
1243
0.001377660353174535 0.003325966318424018 0.007142857142857143
0.001377660353174535 0.003325966318424018 0.01428571428571429
0.001377660353174535 0.003325966318424018 0.02142857142857143
0.001377660353174535 0.003325966318424018 0.02857142857142857
0.001377660353174535 0.003325966318424018 0.03571428571428572
0.001377660353174535 0.003325966318424018 0.04285714285714286
2 456 0 6
1244
1245
1246
1247
1248
1249
0 0.002801646000001949 0.007142857142857143
0 0.002801646000001949 0.01428571428571429
0 0.002801646000001949 0.02142857142857143
0 0.002801646000001949 0.02857142857142857
0 0.002801646000001949 0.03571428571428572
0 0.002801646000001949 0.04285714285714286
2 465 0 1
1250
0.001074777176589161 0.002549753159213632 0.05
2 474 0 6
1251
1252
1253
1254
1255
1256
-0.001377660359792581 0.003325966315682731 0.007142857142857143
-0.001377660359792581 0.003325966315682731 0.01428571428571429
-0.001377660359792581 0.003325966315682731 0.02142857142857143
-0.001377660359792581 0.003325966315682731 0.02857142857142857
-0.001377660359792581 0.003325966315682731 0.03571428571428572
-0.001377660359792581 0.003325966315682731 0.04285714285714286
2 478 0 6
1257
1258
1259
1260
1261
1262
-0.002044686206137099 0.002044686206137099 0.007142857142857143
-0.002044686206137099 0.002044686206137099 0.01428571428571429
-0.002044686206137099 0.002044686206137099 0.02142857142857143
-0.002044686206137099 0.002044686206137099 0.02857142857142857
-0.002044686206137099 0.002044686206137099 0.03571428571428572
-0.002044686206137099 0.002044686206137099 0.04285714285714286
2 487 0 1
1263
-0.001074777179896051 0.002549753157843623 0.05
2 496 0 6
1264
1265
1266
1267
1268
1269
-0.003325966318424018 0.001377660353174535 0.007142857142857143
-0.003325966318424018 0.001377660353174535 0.01428571428571429
-0.003325966318424018 0.001377660353174535 0.02142857142857143
-0.003325966318424018 0.001377660353174535 0.02857142857142857
-0.003325966318424018 0.001377660353174535 0.03571428571428572
-0.003325966318424018 0.001377660353174535 0.04285714285714286
2 500 0 6
1270
1271
1272
1273
1274
1275
-0.002801646000001949 0 0.007142857142857143
-0.002801646000001949 0 0.01428571428571429
-0.002801646000001949 0 0.02142857142857143
-0.002801646000001949 0 0.02857142857142857
-0.002801646000001949 0 0.03571428571428572
-0.002801646000001949 0 0.04285714285714286
2 509 0 1
1276
-0.002549753159213632 0.001074777176589161 0.05
2 518 0 6
1277
1278
1279
1280
1281
1282
-0.003325966315682731 -0.001377660359792581 0.007142857142857143
-0.003325966315682731 -0.001377660359792581 0.01428571428571429
-0.003325966315682731 -0.001377660359792581 0.02142857142857143
-0.003325966315682731 -0.001377660359792581 0.02857142857142857
-0.003325966315682731 -0.001377660359792581 0.03571428571428572
-0.003325966315682731 -0.001377660359792581 0.04285714285714286
2 522 0 6
1283
1284
1285
1286
1287
1288
-0.002044686206137099 -0.002044686206137099 0.007142857142857143
-0.002044686206137099 -0.002044686206137099 0.01428571428571429
-0.002044686206137099 -0.002044686206137099 0.02142857142857143
-0.002044686206137099 -0.002044686206137099 0.02857142857142857
-0.002044686206137099 -0.002044686206137099 0.03571428571428572
-0.002044686206137099 -0.002044686206137099 0.04285714285714286
2 531 0 1
1289
-0.002549753157843623 -0.001074777179896051 0.05
2 540 0 6
1290
1291
1292
1293
1294
1295
-0.001377660353174535 -0.003325966318424018 0.007142857142857143
-0.001377660353174535 -0.003325966318424018 0.01428571428571429
-0.001377660353174535 -0.003325966318424018 0.02142857142857143
-0.001377660353174535 -0.003325966318424018 0.02857142857142857
-0.001377660353174535 -0.003325966318424018 0.03571428571428572
-0.001377660353174535 -0.003325966318424018 0.04285714285714286
2 544 0 6
1296
1297
1298
1299
1300
1301
0 -0.002801646000001949 0.007142857142857143
0 -0.002801646000001949 0.01428571428571429
0 -0.002801646000001949 0.02142857142857143
0 -0.002801646000001949 0.02857142857142857
0 -0.002801646000001949 0.03571428571428572
0 -0.002801646000001949 0.04285714285714286
2 553 0 1
1302
-0.001074777176589161 -0.002549753159213632 0.05
2 562 0 6
1303
1304
1305
1306
1307
1308
0.001377660359792581 -0.003325966315682731 0.007142857142857143
0.001377660359792581 -0.003325966315682731 0.01428571428571429
0.001377660359792581 -0.003325966315682731 0.02142857142857143
0.001377660359792581 -0.003325966315682731 0.02857142857142857
0.001377660359792581 -0.003325966315682731 0.03571428571428572
0.001377660359792581 -0.003325966315682731 0.04285714285714286
2 566 0 6
1309
1310
1311
1312
1313
1314
0.002044686206137099 -0.002044686206137099 0.007142857142857143
0.002044686206137099 -0.002044686206137099 0.01428571428571429
0.002044686206137099 -0.002044686206137099 0.02142857142857143
0.002044686206137099 -0.002044686206137099 0.02857142857142857
0.002044686206137099 -0.002044686206137099 0.03571428571428572
0.002044686206137099 -0.002044686206137099 0.04285714285714286
2 575 0 1
1315
0.001074777179896051 -0.002549753157843623 0.05
2 584 0 6
1316
1317
1318
1319
1320
1321
0.003325966318424018 -0.001377660353174535 0.007142857142857143
0.003325966318424018 -0.001377660353174535 0.01428571428571429
0.003325966318424018 -0.001377660353174535 0.02142857142857143
0.003325966318424018 -0.001377660353174535 0.02857142857142857
0.003325966318424018 -0.001377660353174535 0.03571428571428572
0.003325966318424018 -0.001377660353174535 0.04285714285714286
2 597 0 1
1322
0.002549753159213632 -0.001074777176589161 0.05
2 614 0 6
1323
1324
1325
1326
1327
1328
0.004480815730728006 0.001856014651682588 0.007142857142857143
0.004480815730728006 0.001856014651682588 0.01428571428571429
0.004480815730728006 0.001856014651682588 0.02142857142857143
0.004480815730728006 0.001856014651682588 0.02857142857142857
0.004480815730728006 0.001856014651682588 0.03571428571428572
0.004480815730728006 0.001856014651682588 0.04285714285714286
2 619 0 0
2 636 0 6
1329
1330
1331
1332
1333
1334
0.001856014642078604 0.004480815734706108 0.007142857142857143
0.001856014642078604 0.004480815734706108 0.01428571428571429
0.001856014642078604 0.004480815734706108 0.02142857142857143
0.001856014642078604 0.004480815734706108 0.02857142857142857
0.001856014642078604 0.004480815734706108 0.03571428571428572
0.001856014642078604 0.004480815734706108 0.04285714285714286
2 641 0 0
2 658 0 6
1335
1336
1337
1338
1339
1340
-0.001856014651682588 0.004480815730728006 0.007142857142857143
-0.001856014651682588 0.004480815730728006 0.01428571428571429
-0.001856014651682588 0.004480815730728006 0.02142857142857143
-0.001856014651682588 0.004480815730728006 0.02857142857142857
-0.001856014651682588 0.004480815730728006 0.03571428571428572
-0.001856014651682588 0.004480815730728006 0.04285714285714286
2 663 0 0
2 680 0 6
1341
1342
1343
1344
1345
1346
-0.004480815734706108 0.001856014642078604 0.007142857142857143
-0.004480815734706108 0.001856014642078604 0.01428571428571429
-0.004480815734706108 0.001856014642078604 0.02142857142857143
-0.004480815734706108 0.001856014642078604 0.02857142857142857
-0.004480815734706108 0.001856014642078604 0.03571428571428572
-0.004480815734706108 0.001856014642078604 0.04285714285714286
2 685 0 0
2 702 0 6
1347
1348
1349
1350
1351
1352
-0.004480815730728006 -0.001856014651682588 0.007142857142857143
-0.004480815730728006 -0.001856014651682588 0.01428571428571429
-0.004480815730728006 -0.001856014651682588 0.02142857142857143
-0.004480815730728006 -0.001856014651682588 0.02857142857142857
-0.004480815730728006 -0.001856014651682588 0.03571428571428572
-0.004480815730728006 -0.001856014651682588 0.04285714285714286
2 707 0 0
2 724 0 6
1353
1354
1355
1356
1357
1358
-0.001856014642078604 -0.004480815734706108 0.007142857142857143
-0.001856014642078604 -0.004480815734706108 0.01428571428571429
-0.001856014642078604 -0.004480815734706108 0.02142857142857143
-0.001856014642078604 -0.004480815734706108 0.02857142857142857
-0.001856014642078604 -0.004480815734706108 0.03571428571428572
-0.001856014642078604 -0.004480815734706108 0.04285714285714286
2 729 0 0
2 746 0 6
1359
1360
1361
1362
1363
1364
0.001856014651682588 -0.004480815730728006 0.007142857142857143
0.001856014651682588 -0.004480815730728006 0.01428571428571429
0.001856014651682588 -0.004480815730728006 0.02142857142857143
0.001856014651682588 -0.004480815730728006 0.02857142857142857
0.001856014651682588 -0.004480815730728006 0.03571428571428572
0.001856014651682588 -0.004480815730728006 0.04285714285714286
2 751 0 0
2 768 0 6
1365
1366
1367
1368
1369
1370
0.004480815734706108 -0.001856014642078604 0.007142857142857143
0.004480815734706108 -0.001856014642078604 0.01428571428571429
0.004480815734706108 -0.001856014642078604 0.02142857142857143
0.004480815734706108 -0.001856014642078604 0.02857142857142857
0.004480815734706108 -0.001856014642078604 0.03571428571428572
0.004480815734706108 -0.001856014642078604 0.04285714285714286
2 773 0 0
2 786 0 36
1371
1372
1373
1374
1375
1376
1377
1378
1379
1380
1381
1382
1383
1384
1385
1386
1387
1388
1389
1390
1391
1392
1393
1394
1395
1396
1397
1398
1399
1400
1401
1402
1403
1404
1405
1406
0.005235081910006933 0.005235081910006933 0.007142857142857143
0.005235081910006933 0.005235081910006933 0.01428571428571429
0.005235081910006933 0.005235081910006933 0.02142857142857143
0.005235081910006933 0.005235081910006933 0.02857142857142857
0.005235081910006933 0.005235081910006933 0.03571428571428572
0.005235081910006933 0.005235081910006933 0.04285714285714286
0.008033783400579128 0.008033783400579128 0.007142857142857143
0.008033783400579128 0.008033783400579128 0.01428571428571429
0.008033783400579128 0.008033783400579128 0.02142857142857143
0.008033783400579128 0.008033783400579128 0.02857142857142857
0.008033783400579128 0.008033783400579128 0.03571428571428572
0.008033783400579128 0.008033783400579128 0.04285714285714286
0.01237177056721306 0.01237177056721306 0.007142857142857143
0.01237177056721306 0.01237177056721306 0.01428571428571429
0.01237177056721306 0.01237177056721306 0.02142857142857143
0.01237177056721306 0.01237177056721306 0.02857142857142857
0.01237177056721306 0.01237177056721306 0.03571428571428572
0.01237177056721306 0.01237177056721306 0.04285714285714286
0.01909565089217542 0.01909565089217542 0.007142857142857143
0.01909565089217542 0.01909565089217542 0.01428571428571429
0.01909565089217542 0.01909565089217542 0.02142857142857143
0.01909565089217542 0.01909565089217542 0.02857142857142857
0.01909565089217542 0.01909565089217542 0.03571428571428572
0.01909565089217542 0.01909565089217542 0.04285714285714286
0.02951766555603563 0.02951766555603563 0.007142857142857143
0.02951766555603563 0.02951766555603563 0.01428571428571429
0.02951766555603563 0.02951766555603563 0.02142857142857143
0.02951766555603563 0.02951766555603563 0.02857142857142857
0.02951766555603563 0.02951766555603563 0.03571428571428572
0.02951766555603563 0.02951766555603563 0.04285714285714286
0.04567178810950862 0.04567178810950862 0.007142857142857143
0.04567178810950862 0.04567178810950862 0.01428571428571429
0.04567178810950862 0.04567178810950862 0.02142857142857143
0.04567178810950862 0.04567178810950862 0.02857142857142857
0.04567178810950862 0.04567178810950862 0.03571428571428572
0.04567178810950862 0.04567178810950862 0.04285714285714286
2 790 0 6
1407
1408
1409
1410
1411
1412
0.09238795320541432 0.03826834334687322 0.007142857142857143
0.09238795320541432 0.03826834334687322 0.01428571428571429
0.09238795320541432 0.03826834334687322 0.02142857142857143
0.09238795320541432 0.03826834334687322 0.02857142857142857
0.09238795320541432 0.03826834334687322 0.03571428571428572
0.09238795320541432 0.03826834334687322 0.04285714285714286
2 794 0 36
1413
1414
1415
1416
1417
1418
1419
1420
1421
1422
1423
1424
1425
1426
1427
1428
1429
1430
1431
1432
1433
1434
1435
1436
1437
1438
1439
1440
1441
1442
1443
1444
1445
1446
1447
1448
0.007403523837266638 0 0.007142857142857143
0.007403523837266638 0 0.01428571428571429
0.007403523837266638 0 0.02142857142857143
0.007403523837266638 0 0.02857142857142857
0.007403523837266638 0 0.03571428571428572
0.007403523837266638 0 0.04285714285714286
0.01136148544226593 0 0.007142857142857143
0.01136148544226593 0 0.01428571428571429
0.01136148544226593 0 0.02142857142857143
0.01136148544226593 0 0.02857142857142857
0.01136148544226593 0 0.03571428571428572
0.01136148544226593 0 0.04285714285714286
0.01749632572672102 0 0.007142857142857143
0.01749632572672102 0 0.01428571428571429
0.01749632572672102 0 0.02142857142857143
0.01749632572672102 0 0.02857142857142857
0.01749632572672102 0 0.03571428571428572
0.01749632572672102 0 0.04285714285714286
0.02700532847405672 0 0.007142857142857143
0.02700532847405672 0 0.01428571428571429
0.02700532847405672 0 0.02142857142857143
0.02700532847405672 0 0.02857142857142857
0.02700532847405672 0 0.03571428571428572
0.02700532847405672 0 0.04285714285714286
0.04174428295893668 0 0.007142857142857143
0.04174428295893668 0 0.01428571428571429
0.04174428295893668 0 0.02142857142857143
0.04174428295893668 0 0.02857142857142857
0.04174428295893668 0 0.03571428571428572
0.04174428295893668 0 0.04285714285714286
0.06458966216228892 0 0.007142857142857143
0.06458966216228892 0 0.01428571428571429
0.06458966216228892 0 0.02142857142857143
0.06458966216228892 0 0.02857142857142857
0.06458966216228892 0 0.03571428571428572
0.06458966216228892 0 0.04285714285714286
2 795 0 6
1449
1450
1451
1452
1453
1454
0.006839964138583579 0.002833205921188944 0.05
0.01049664385408821 0.004347852257754768 0.05
0.01616449722530001 0.006695554001633301 0.05
0.02494967023378342 0.01033449182191125 0.05
0.03856668860620147 0.01597484553002463 0.05
0.05967306685413274 0.02471739368261483 0.05
2 808 0 36
1455
1456
1457
1458
1459
1460
1461
1462
1463
1464
1465
1466
1467
1468
1469
1470
1471
1472
1473
1474
1475
1476
1477
1478
1479
1480
1481
1482
1483
1484
1485
1486
1487
1488
1489
1490
0 0.007403523837266638 0.007142857142857143
0 0.007403523837266638 0.01428571428571429
0 0.007403523837266638 0.02142857142857143
0 0.007403523837266638 0.02857142857142857
0 0.007403523837266638 0.03571428571428572
0 0.007403523837266638 0.04285714285714286
0 0.01136148544226593 0.007142857142857143
0 0.01136148544226593 0.01428571428571429
0 0.01136148544226593 0.02142857142857143
0 0.01136148544226593 0.02857142857142857
0 0.01136148544226593 0.03571428571428572
0 0.01136148544226593 0.04285714285714286
0 0.01749632572672102 0.007142857142857143
0 0.01749632572672102 0.01428571428571429
0 0.01749632572672102 0.02142857142857143
0 0.01749632572672102 0.02857142857142857
0 0.01749632572672102 0.03571428571428572
0 0.01749632572672102 0.04285714285714286
0 0.02700532847405672 0.007142857142857143
0 0.02700532847405672 0.01428571428571429
0 0.02700532847405672 0.02142857142857143
0 0.02700532847405672 0.02857142857142857
0 0.02700532847405672 0.03571428571428572
0 0.02700532847405672 0.04285714285714286
0 0.04174428295893668 0.007142857142857143
0 0.04174428295893668 0.01428571428571429
0 0.04174428295893668 0.02142857142857143
0 0.04174428295893668 0.02857142857142857
0 0.04174428295893668 0.03571428571428572
0 0.04174428295893668 0.04285714285714286
0 0.06458966216228892 0.007142857142857143
0 0.06458966216228892 0.01428571428571429
0 0.06458966216228892 0.02142857142857143
0 0.06458966216228892 0.02857142857142857
0 0.06458966216228892 0.03571428571428572
0 0.06458966216228892 0.04285714285714286
2 812 0 6
1491
1492
1493
1494
1495
1496
0.03826834312586492 0.09238795329695892 0.007142857142857143
0.03826834312586492 0.09238795329695892 0.01428571428571429
0.03826834312586492 0.09238795329695892 0.02142857142857143
0.03826834312586492 0.09238795329695892 0.02857142857142857
0.03826834312586492 0.09238795329695892 0.03571428571428572
0.03826834312586492 0.09238795329695892 0.04285714285714286
2 817 0 6
1497
1498
1499
1500
1501
1502
0.002833205905911539 0.006839964144911688 0.05
0.004347852233683562 0.01049664386405883 0.05
0.006695553963931705 0.01616449724091652 0.05
0.01033449176308255 0.02494967025815106 0.05
0.01597484543844891 0.03856668864413335 0.05
0.02471739354028123 0.05967306691308923 0.05
2 830 0 36
1503
1504
1505
1506
1507
1508
1509
1510
1511
1512
1513
1514
1515
1516
1517
1518
1519
1520
1521
1522
1523
1524
1525
1526
1527
1528
1529
1530
1531
1532
1533
1534
1535
1536
1537
1538
-0.005235081910006933 0.005235081910006933 0.007142857142857143
-0.005235081910006933 0.005235081910006933 0.01428571428571429
-0.005235081910006933 0.005235081910006933 0.02142857142857143
-0.005235081910006933 0.005235081910006933 0.02857142857142857
-0.005235081910006933 0.005235081910006933 0.03571428571428572
-0.005235081910006933 0.005235081910006933 0.04285714285714286
-0.008033783400579128 0.008033783400579128 0.007142857142857143
-0.008033783400579128 0.008033783400579128 0.01428571428571429
-0.008033783400579128 0.008033783400579128 0.02142857142857143
-0.008033783400579128 0.008033783400579128 0.02857142857142857
-0.008033783400579128 0.008033783400579128 0.03571428571428572
-0.008033783400579128 0.008033783400579128 0.04285714285714286
-0.01237177056721306 0.01237177056721306 0.007142857142857143
-0.01237177056721306 0.01237177056721306 0.01428571428571429
-0.01237177056721306 0.01237177056721306 0.02142857142857143
-0.01237177056721306 0.01237177056721306 0.02857142857142857
-0.01237177056721306 0.01237177056721306 0.03571428571428572
-0.01237177056721306 0.01237177056721306 0.04285714285714286
-0.01909565089217542 0.01909565089217542 0.007142857142857143
-0.01909565089217542 0.01909565089217542 0.01428571428571429
-0.01909565089217542 0.01909565089217542 0.02142857142857143
-0.01909565089217542 0.01909565089217542 0.02857142857142857
-0.01909565089217542 0.01909565089217542 0.03571428571428572
-0.01909565089217542 0.01909565089217542 0.04285714285714286
-0.02951766555603563 0.02951766555603563 0.007142857142857143
-0.02951766555603563 0.02951766555603563 0.01428571428571429
-0.02951766555603563 0.02951766555603563 0.02142857142857143
-0.02951766555603563 0.02951766555603563 0.02857142857142857
-0.02951766555603563 0.02951766555603563 0.03571428571428572
-0.02951766555603563 0.02951766555603563 0.04285714285714286
-0.04567178810950862 0.04567178810950862 0.007142857142857143
-0.04567178810950862 0.04567178810950862 0.01428571428571429
-0.04567178810950862 0.04567178810950862 0.02142857142857143
-0.04567178810950862 0.04567178810950862 0.02857142857142857
-0.04567178810950862 0.04567178810950862 0.03571428571428572
-0.04567178810950862 0.04567178810950862 0.04285714285714286
2 834 0 6
1539
1540
1541
1542
1543
1544
-0.03826834334687322 0.09238795320541432 0.007142857142857143
-0.03826834334687322 0.09238795320541432 0.01428571428571429
-0.03826834334687322 0.09238795320541432 0.02142857142857143
-0.03826834334687322 0.09238795320541432 0.02857142857142857
-0.03826834334687322 0.09238795320541432 0.03571428571428572
-0.03826834334687322 0.09238795320541432 0.04285714285714286
2 839 0 6
1545
1546
1547
1548
1549
1550
-0.002833205921188944 0.006839964138583579 0.05
-0.004347852257754768 0.01049664385408821 0.05
-0.006695554001633301 0.01616449722530001 0.05
-0.01033449182191125 0.02494967023378342 0.05
-0.01597484553002463 0.03856668860620147 0.05
-0.02471739368261483 0.05967306685413274 0.05
2 852 0 36
1551
1552
1553
1554
1555
1556
1557
1558
1559
1560
1561
1562
1563
1564
1565
1566
1567
1568
1569
1570
1571
1572
1573
1574
1575
1576
1577
1578
1579
1580
1581
1582
1583
1584
1585
1586
-0.007403523837266638 0 0.007142857142857143
-0.007403523837266638 0 0.01428571428571429
-0.007403523837266638 0 0.02142857142857143
-0.007403523837266638 0 0.02857142857142857
-0.007403523837266638 0 0.03571428571428572
-0.007403523837266638 0 0.04285714285714286
-0.01136148544226593 0 0.007142857142857143
-0.01136148544226593 0 0.01428571428571429
-0.01136148544226593 0 0.02142857142857143
-0.01136148544226593 0 0.02857142857142857
-0.01136148544226593 0 0.03571428571428572
-0.01136148544226593 0 0.04285714285714286
-0.01749632572672102 0 0.007142857142857143
-0.01749632572672102 0 0.01428571428571429
-0.01749632572672102 0 0.02142857142857143
-0.01749632572672102 0 0.02857142857142857
-0.01749632572672102 0 0.03571428571428572
-0.01749632572672102 0 0.04285714285714286
-0.02700532847405672 0 0.007142857142857143
-0.02700532847405672 0 0.01428571428571429
-0.02700532847405672 0 0.02142857142857143
-0.02700532847405672 0 0.02857142857142857
-0.02700532847405672 0 0.03571428571428572
-0.02700532847405672 0 0.04285714285714286
-0.04174428295893668 0 0.007142857142857143
-0.04174428295893668 0 0.01428571428571429
-0.04174428295893668 0 0.02142857142857143
-0.04174428295893668 0 0.02857142857142857
-0.04174428295893668 0 0.03571428571428572
-0.04174428295893668 0 0.04285714285714286
-0.06458966216228892 0 0.007142857142857143
-0.06458966216228892 0 0.01428571428571429
-0.06458966216228892 0 0.02142857142857143
-0.06458966216228892 0 0.02857142857142857
-0.06458966216228892 0 0.03571428571428572
-0.06458966216228892 0 0.04285714285714286
2 856 0 6
1587
1588
1589
1590
1591
1592
-0.09238795329695892 0.03826834312586492 0.007142857142857143
-0.09238795329695892 0.03826834312586492 0.01428571428571429
-0.09238795329695892 0.03826834312586492 0.02142857142857143
-0.09238795329695892 0.03826834312586492 0.02857142857142857
-0.09238795329695892 0.03826834312586492 0.03571428571428572
-0.09238795329695892 0.03826834312586492 0.04285714285714286
2 861 0 6
1593
1594
1595
1596
1597
1598
-0.006839964144911688 0.002833205905911539 0.05
-0.01049664386405883 0.004347852233683562 0.05
-0.01616449724091652 0.006695553963931705 0.05
-0.02494967025815106 0.01033449176308255 0.05
-0.03856668864413335 0.01597484543844891 0.05
-0.05967306691308923 0.02471739354028123 0.05
2 874 0 36
1599
1600
1601
1602
1603
1604
1605
1606
1607
1608
1609
1610
1611
1612
1613
1614
1615
1616
1617
1618
1619
1620
1621
1622
1623
1624
1625
1626
1627
1628
1629
1630
1631
1632
1633
1634
-0.005235081910006933 -0.005235081910006933 0.007142857142857143
-0.005235081910006933 -0.005235081910006933 0.01428571428571429
-0.005235081910006933 -0.005235081910006933 0.02142857142857143
-0.005235081910006933 -0.005235081910006933 0.02857142857142857
-0.005235081910006933 -0.005235081910006933 0.03571428571428572
-0.005235081910006933 -0.005235081910006933 0.04285714285714286
-0.008033783400579128 -0.008033783400579128 0.007142857142857143
-0.008033783400579128 -0.008033783400579128 0.01428571428571429
-0.008033783400579128 -0.008033783400579128 0.02142857142857143
-0.008033783400579128 -0.008033783400579128 0.02857142857142857
-0.008033783400579128 -0.008033783400579128 0.03571428571428572
-0.008033783400579128 -0.008033783400579128 0.04285714285714286
-0.01237177056721306 -0.01237177056721306 0.007142857142857143
-0.01237177056721306 -0.01237177056721306 0.01428571428571429
-0.01237177056721306 -0.01237177056721306 0.02142857142857143
-0.01237177056721306 -0.01237177056721306 0.02857142857142857
-0.01237177056721306 -0.01237177056721306 0.03571428571428572
-0.01237177056721306 -0.01237177056721306 0.04285714285714286
-0.01909565089217542 -0.01909565089217542 0.007142857142857143
-0.01909565089217542 -0.01909565089217542 0.01428571428571429
-0.01909565089217542 -0.01909565089217542 0.02142857142857143
-0.01909565089217542 -0.01909565089217542 0.02857142857142857
-0.01909565089217542 -0.01909565089217542 0.03571428571428572
-0.01909565089217542 -0.01909565089217542 0.04285714285714286
-0.02951766555603563 -0.02951766555603563 0.007142857142857143
-0.02951766555603563 -0.02951766555603563 0.01428571428571429
-0.02951766555603563 -0.02951766555603563 0.02142857142857143
-0.02951766555603563 -0.02951766555603563 0.02857142857142857
-0.02951766555603563 -0.02951766555603563 0.03571428571428572
-0.02951766555603563 -0.02951766555603563 0.04285714285714286
-0.04567178810950862 -0.04567178810950862 0.007142857142857143
-0.04567178810950862 -0.04567178810950862 0.01428571428571429
-0.04567178810950862 -0.04567178810950862 0.02142857142857143
-0.04567178810950862 -0.04567178810950862 0.02857142857142857
-0.04567178810950862 -0.04567178810950862 0.03571428571428572
-0.04567178810950862 -0.04567178810950862 0.04285714285714286
2 878 0 6
1635
1636
1637
1638
1639
1640
-0.09238795320541432 -0.03826834334687322 0.007142857142857143
-0.09238795320541432 -0.03826834334687322 0.01428571428571429
-0.09238795320541432 -0.03826834334687322 0.02142857142857143
-0.09238795320541432 -0.03826834334687322 0.02857142857142857
-0.09238795320541432 -0.03826834334687322 0.03571428571428572
-0.09238795320541432 -0.03826834334687322 0.04285714285714286
2 883 0 6
1641
1642
1643
1644
1645
1646
-0.006839964138583579 -0.002833205921188944 0.05
-0.01049664385408821 -0.004347852257754768 0.05
-0.01616449722530001 -0.006695554001633301 0.05
-0.02494967023378342 -0.01033449182191125 0.05
-0.03856668860620147 -0.01597484553002463 0.05
-0.05967306685413274 -0.02471739368261483 0.05
2 896 0 36
1647
1648
1649
1650
1651
1652
1653
1654
1655
1656
1657
1658
1659
1660
1661
1662
1663
1664
1665
1666
1667
1668
1669
1670
1671
1672
1673
1674
1675
1676
1677
1678
1679
1680
1681
1682
0 -0.007403523837266638 0.007142857142857143
0 -0.007403523837266638 0.01428571428571429
0 -0.007403523837266638 0.02142857142857143
0 -0.007403523837266638 0.02857142857142857
0 -0.007403523837266638 0.03571428571428572
0 -0.007403523837266638 0.04285714285714286
0 -0.01136148544226593 0.007142857142857143
0 -0.01136148544226593 0.01428571428571429
0 -0.01136148544226593 0.02142857142857143
0 -0.01136148544226593 0.02857142857142857
0 -0.01136148544226593 0.03571428571428572
0 -0.01136148544226593 0.04285714285714286
0 -0.01749632572672102 0.007142857142857143
0 -0.01749632572672102 0.01428571428571429
0 -0.01749632572672102 0.02142857142857143
0 -0.01749632572672102 0.02857142857142857
0 -0.01749632572672102 0.03571428571428572
0 -0.01749632572672102 0.04285714285714286
0 -0.02700532847405672 0.007142857142857143
0 -0.02700532847405672 0.01428571428571429
0 -0.02700532847405672 0.02142857142857143
0 -0.02700532847405672 0.02857142857142857
0 -0.02700532847405672 0.03571428571428572
0 -0.02700532847405672 0.04285714285714286
0 -0.04174428295893668 0.007142857142857143
0 -0.04174428295893668 0.01428571428571429
0 -0.04174428295893668 0.02142857142857143
0 -0.04174428295893668 0.02857142857142857
0 -0.04174428295893668 0.03571428571428572
0 -0.04174428295893668 0.04285714285714286
0 -0.06458966216228892 0.007142857142857143
0 -0.06458966216228892 0.01428571428571429
0 -0.06458966216228892 0.02142857142857143
0 -0.06458966216228892 0.02857142857142857
0 -0.06458966216228892 0.03571428571428572
0 -0.06458966216228892 0.04285714285714286
2 900 0 6
1683
1684
1685
1686
1687
1688
-0.03826834312586492 -0.09238795329695892 0.007142857142857143
-0.03826834312586492 -0.09238795329695892 0.01428571428571429
-0.03826834312586492 -0.09238795329695892 0.02142857142857143
-0.03826834312586492 -0.09238795329695892 0.02857142857142857
-0.03826834312586492 -0.09238795329695892 0.03571428571428572
-0.03826834312586492 -0.09238795329695892 0.04285714285714286
2 905 0 6
1689
1690
1691
1692
1693
1694
-0.002833205905911539 -0.006839964144911688 0.05
-0.004347852233683562 -0.01049664386405883 0.05
-0.006695553963931705 -0.01616449724091652 0.05
-0.01033449176308255 -0.02494967025815106 0.05
-0.01597484543844891 -0.03856668864413335 0.05
-0.02471739354028123 -0.05967306691308923 0.05
2 918 0 36
1695
1696
1697
1698
1699
1700
1701
1702
1703
1704
1705
1706
1707
1708
1709
1710
1711
1712
1713
1714
1715
1716
1717
1718
1719
1720
1721
1722
1723
1724
1725
1726
1727
1728
1729
1730
0.005235081910006933 -0.005235081910006933 0.007142857142857143
0.005235081910006933 -0.005235081910006933 0.01428571428571429
0.005235081910006933 -0.005235081910006933 0.02142857142857143
0.005235081910006933 -0.005235081910006933 0.02857142857142857
0.005235081910006933 -0.005235081910006933 0.03571428571428572
0.005235081910006933 -0.005235081910006933 0.04285714285714286
0.008033783400579128 -0.008033783400579128 0.007142857142857143
0.008033783400579128 -0.008033783400579128 0.01428571428571429
0.008033783400579128 -0.008033783400579128 0.02142857142857143
0.008033783400579128 -0.008033783400579128 0.02857142857142857
0.008033783400579128 -0.008033783400579128 0.03571428571428572
0.008033783400579128 -0.008033783400579128 0.04285714285714286
0.01237177056721306 -0.01237177056721306 0.007142857142857143
0.01237177056721306 -0.01237177056721306 0.01428571428571429
0.01237177056721306 -0.01237177056721306 0.02142857142857143
0.01237177056721306 -0.01237177056721306 0.02857142857142857
0.01237177056721306 -0.01237177056721306 0.03571428571428572
0.01237177056721306 -0.01237177056721306 0.04285714285714286
0.01909565089217542 -0.01909565089217542 0.007142857142857143
0.01909565089217542 -0.01909565089217542 0.01428571428571429
0.01909565089217542 -0.01909565089217542 0.02142857142857143
0.01909565089217542 -0.01909565089217542 0.02857142857142857
0.01909565089217542 -0.01909565089217542 0.03571428571428572
0.01909565089217542 -0.01909565089217542 0.04285714285714286
0.02951766555603563 -0.02951766555603563 0.007142857142857143
0.02951766555603563 -0.02951766555603563 0.01428571428571429
0.02951766555603563 -0.02951766555603563 0.02142857142857143
0.02951766555603563 -0.02951766555603563 0.02857142857142857
0.02951766555603563 -0.02951766555603563 0.03571428571428572
0.02951766555603563 -0.02951766555603563 0.04285714285714286
0.04567178810950862 -0.04567178810950862 0.007142857142857143
0.04567178810950862 -0.04567178810950862 0.01428571428571429
0.04567178810950862 -0.04567178810950862 0.02142857142857143
0.04567178810950862 -0.04567178810950862 0.02857142857142857
0.04567178810950862 -0.04567178810950862 0.03571428571428572
0.04567178810950862 -0.04567178810950862 0.04285714285714286
2 922 0 6
1731
1732
1733
1734
1735
1736
0.03826834334687322 -0.09238795320541432 0.007142857142857143
0.03826834334687322 -0.09238795320541432 0.01428571428571429
0.03826834334687322 -0.09238795320541432 0.02142857142857143
0.03826834334687322 -0.09238795320541432 0.02857142857142857
0.03826834334687322 -0.09238795320541432 0.03571428571428572
0.03826834334687322 -0.09238795320541432 0.04285714285714286
2 927 0 6
1737
1738
1739
1740
1741
1742
0.002833205921188944 -0.006839964138583579 0.05
0.004347852257754768 -0.01049664385408821 0.05
0.006695554001633301 -0.01616449722530001 0.05
0.01033449182191125 -0.02494967023378342 0.05
0.01597484553002463 -0.03856668860620147 0.05
0.02471739368261483 -0.05967306685413274 0.05
2 944 0 6
1743
1744
1745
1746
1747
1748
0.09238795329695892 -0.03826834312586492 0.007142857142857143
0.09238795329695892 -0.03826834312586492 0.01428571428571429
0.09238795329695892 -0.03826834312586492 0.02142857142857143
0.09238795329695892 -0.03826834312586492 0.02857142857142857
0.09238795329695892 -0.03826834312586492 0.03571428571428572
0.09238795329695892 -0.03826834312586492 0.04285714285714286
2 949 0 6
1749
1750
1751
1752
1753
1754
0.006839964144911688 -0.002833205905911539 0.05
0.01049664386405883 -0.004347852233683562 0.05
0.01616449724091652 -0.006695553963931705 0.05
0.02494967025815106 -0.01033449176308255 0.05
0.03856668864413335 -0.01597484543844891 0.05
0.05967306691308923 -0.02471739354028123 0.05
2 962 0 6
1755
1756
1757
1758
1759
1760
0.100051208484338 0.100051208484338 0.007142857142857143
0.100051208484338 0.100051208484338 0.01428571428571429
0.100051208484338 0.100051208484338 0.02142857142857143
0.100051208484338 0.100051208484338 0.02857142857142857
0.100051208484338 0.100051208484338 0.03571428571428572
0.100051208484338 0.100051208484338 0.04285714285714286
2 966 0 6
1761
1762
1763
1764
1765
1766
0.1847759064108286 0.07653668669374644 0.007142857142857143
0.1847759064108286 0.07653668669374644 0.01428571428571429
0.1847759064108286 0.07653668669374644 0.02142857142857143
0.1847759064108286 0.07653668669374644 0.02857142857142857
0.1847759064108286 0.07653668669374644 0.03571428571428572
0.1847759064108286 0.07653668669374644 0.04285714285714286
2 970 0 6
1767
1768
1769
1770
1771
1772
0.1414937759703538 0 0.007142857142857143
0.1414937759703538 0 0.01428571428571429
0.1414937759703538 0 0.02142857142857143
0.1414937759703538 0 0.02857142857142857
0.1414937759703538 0 0.03571428571428572
0.1414937759703538 0 0.04285714285714286
2 971 0 1
1773
0.1307232035320701 0.05414732400279616 0.05
2 984 0 6
1774
1775
1776
1777
1778
1779
0 0.1414937759703538 0.007142857142857143
0 0.1414937759703538 0.01428571428571429
0 0.1414937759703538 0.02142857142857143
0 0.1414937759703538 0.02857142857142857
0 0.1414937759703538 0.03571428571428572
0 0.1414937759703538 0.04285714285714286
2 988 0 6
1780
1781
1782
1783
1784
1785
0.07653668625172984 0.1847759065939178 0.007142857142857143
0.07653668625172984 0.1847759065939178 0.01428571428571429
0.07653668625172984 0.1847759065939178 0.02142857142857143
0.07653668625172984 0.1847759065939178 0.02857142857142857
0.07653668625172984 0.1847759065939178 0.03571428571428572
0.07653668625172984 0.1847759065939178 0.04285714285714286
2 993 0 1
1786
0.05414732369008315 0.1307232036616 0.05
2 1006 0 6
1787
1788
1789
1790
1791
1792
-0.100051208484338 0.100051208484338 0.007142857142857143
-0.100051208484338 0.100051208484338 0.01428571428571429
-0.100051208484338 0.100051208484338 0.02142857142857143
-0.100051208484338 0.100051208484338 0.02857142857142857
-0.100051208484338 0.100051208484338 0.03571428571428572
-0.100051208484338 0.100051208484338 0.04285714285714286
2 1010 0 6
1793
1794
1795
1796
1797
1798
-0.07653668669374644 0.1847759064108286 0.007142857142857143
-0.07653668669374644 0.1847759064108286 0.01428571428571429
-0.07653668669374644 0.1847759064108286 0.02142857142857143
-0.07653668669374644 0.1847759064108286 0.02857142857142857
-0.07653668669374644 0.1847759064108286 0.03571428571428572
-0.07653668669374644 0.1847759064108286 0.04285714285714286
2 1015 0 1
1799
-0.05414732400279616 0.1307232035320701 0.05
2 1028 0 6
1800
1801
1802
1803
1804
1805
-0.1414937759703538 0 0.007142857142857143
-0.1414937759703538 0 0.01428571428571429
-0.1414937759703538 0 0.02142857142857143
-0.1414937759703538 0 0.02857142857142857
-0.1414937759703538 0 0.03571428571428572
-0.1414937759703538 0 0.04285714285714286
2 1032 0 6
1806
1807
1808
1809
1810
1811
-0.1847759065939178 0.07653668625172984 0.007142857142857143
-0.1847759065939178 0.07653668625172984 0.01428571428571429
-0.1847759065939178 0.07653668625172984 0.02142857142857143
-0.1847759065939178 0.07653668625172984 0.02857142857142857
-0.1847759065939178 0.07653668625172984 0.03571428571428572
-0.1847759065939178 0.07653668625172984 0.04285714285714286
2 1037 0 1
1812
-0.1307232036616 0.05414732369008315 0.05
2 1050 0 6
1813
1814
1815
1816
1817
1818
-0.100051208484338 -0.100051208484338 0.007142857142857143
-0.100051208484338 -0.100051208484338 0.01428571428571429
-0.100051208484338 -0.100051208484338 0.02142857142857143
-0.100051208484338 -0.100051208484338 0.02857142857142857
-0.100051208484338 -0.100051208484338 0.03571428571428572
-0.100051208484338 -0.100051208484338 0.04285714285714286
2 1054 0 6
1819
1820
1821
1822
1823
1824
-0.1847759064108286 -0.07653668669374644 0.007142857142857143
-0.1847759064108286 -0.07653668669374644 0.01428571428571429
-0.1847759064108286 -0.07653668669374644 0.02142857142857143
-0.1847759064108286 -0.07653668669374644 0.02857142857142857
-0.1847759064108286 -0.07653668669374644 0.03571428571428572
-0.1847759064108286 -0.07653668669374644 0.04285714285714286
2 1059 0 1
1825
-0.1307232035320701 -0.05414732400279616 0.05
2 1072 0 6
1826
1827
1828
1829
1830
1831
0 -0.1414937759703538 0.007142857142857143
0 -0.1414937759703538 0.01428571428571429
0 -0.1414937759703538 0.02142857142857143
0 -0.1414937759703538 0.02857142857142857
0 -0.1414937759703538 0.03571428571428572
0 -0.1414937759703538 0.04285714285714286
2 1076 0 6
1832
1833
1834
1835
1836
1837
-0.07653668625172984 -0.1847759065939178 0.007142857142857143
-0.07653668625172984 -0.1847759065939178 0.01428571428571429
-0.07653668625172984 -0.1847759065939178 0.02142857142857143
-0.07653668625172984 -0.1847759065939178 0.02857142857142857
-0.07653668625172984 -0.1847759065939178 0.03571428571428572
-0.07653668625172984 -0.1847759065939178 0.04285714285714286
2 1081 0 1
1838
-0.05414732369008315 -0.1307232036616 0.05
2 1094 0 6
1839
1840
1841
1842
1843
1844
0.100051208484338 -0.100051208484338 0.007142857142857143
0.100051208484338 -0.100051208484338 0.01428571428571429
0.100051208484338 -0.100051208484338 0.02142857142857143
0.100051208484338 -0.100051208484338 0.02857142857142857
0.100051208484338 -0.100051208484338 0.03571428571428572
0.100051208484338 -0.100051208484338 0.04285714285714286
2 1098 0 6
1845
1846
1847
1848
1849
1850
0.07653668669374644 -0.1847759064108286 0.007142857142857143
0.07653668669374644 -0.1847759064108286 0.01428571428571429
0.07653668669374644 -0.1847759064108286 0.02142857142857143
0.07653668669374644 -0.1847759064108286 0.02857142857142857
0.07653668669374644 -0.1847759064108286 0.03571428571428572
0.07653668669374644 -0.1847759064108286 0.04285714285714286
2 1103 0 1
1851
0.05414732400279616 -0.1307232035320701 0.05
2 1120 0 6
1852
1853
1854
1855
1856
1857
0.1847759065939178 -0.07653668625172984 0.007142857142857143
0.1847759065939178 -0.07653668625172984 0.01428571428571429
0.1847759065939178 -0.07653668625172984 0.02142857142857143
0.1847759065939178 -0.07653668625172984 0.02857142857142857
0.1847759065939178 -0.07653668625172984 0.03571428571428572
0.1847759065939178 -0.07653668625172984 0.04285714285714286
2 1125 0 1
1858
0.1307232036616 -0.05414732369008315 0.05
2 1134 0 9
1859
1860
1861
1862
1863
1864
1865
1866
1867
0.00100164599999733 0 -0.0675
0.00100164599999733 0 -0.06
0.00100164599999733 0 -0.0525
0.00100164599999733 0 -0.045
0.00100164599999733 0 -0.0375
0.00100164599999733 0 -0.03
0.00100164599999733 0 -0.0225
0.00100164599999733 0 -0.015
0.00100164599999733 0 -0.007499999999999993
2 1138 0 9
1868
1869
1870
1871
1872
1873
1874
1875
1876
0.001773540000000612 0.0007718939999979432 -0.0675
0.001773540000000612 0.0007718939999979432 -0.06
0.001773540000000612 0.0007718939999979432 -0.0525
0.001773540000000612 0.0007718939999979432 -0.045
0.001773540000000612 0.0007718939999979432 -0.0375
0.001773540000000612 0.0007718939999979432 -0.03
0.001773540000000612 0.0007718939999979432 -0.0225
0.001773540000000612 0.0007718939999979432 -0.015
0.001773540000000612 0.0007718939999979432 -0.007499999999999993
2 1142 0 9
1877
1878
1879
1880
1881
1882
1883
1884
1885
0.0007718940000022085 0.001773539999999342 -0.0675
0.0007718940000022085 0.001773539999999342 -0.06
0.0007718940000022085 0.001773539999999342 -0.0525
0.0007718940000022085 0.001773539999999342 -0.045
0.0007718940000022085 0.001773539999999342 -0.0375
0.0007718940000022085 0.001773539999999342 -0.03
0.0007718940000022085 0.001773539999999342 -0.0225
0.0007718940000022085 0.001773539999999342 -0.015
0.0007718940000022085 0.001773539999999342 -0.007499999999999993
2 1146 0 9
1886
1887
1888
1889
1890
1891
1892
1893
1894
0 0.00100164599999733 -0.0675
0 0.00100164599999733 -0.06
0 0.00100164599999733 -0.0525
0 0.00100164599999733 -0.045
0 0.00100164599999733 -0.0375
0 0.00100164599999733 -0.03
0 0.00100164599999733 -0.0225
0 0.00100164599999733 -0.015
0 0.00100164599999733 -0.007499999999999993
2 1159 0 9
1895
1896
1897
1898
1899
1900
1901
1902
1903
-0.0007718939999979432 0.001773540000000612 -0.0675
-0.0007718939999979432 0.001773540000000612 -0.06
-0.0007718939999979432 0.001773540000000612 -0.0525
-0.0007718939999979432 0.001773540000000612 -0.045
-0.0007718939999979432 0.001773540000000612 -0.0375
-0.0007718939999979432 0.001773540000000612 -0.03
-0.0007718939999979432 0.001773540000000612 -0.0225
-0.0007718939999979432 0.001773540000000612 -0.015
-0.0007718939999979432 0.001773540000000612 -0.007499999999999993
2 1163 0 9
1904
1905
1906
1907
1908
1909
1910
1911
1912
-0.001773539999999342 0.0007718940000022085 -0.0675
-0.001773539999999342 0.0007718940000022085 -0.06
-0.001773539999999342 0.0007718940000022085 -0.0525
-0.001773539999999342 0.0007718940000022085 -0.045
-0.001773539999999342 0.0007718940000022085 -0.0375
-0.001773539999999342 0.0007718940000022085 -0.03
-0.001773539999999342 0.0007718940000022085 -0.0225
-0.001773539999999342 0.0007718940000022085 -0.015
-0.001773539999999342 0.0007718940000022085 -0.007499999999999993
2 1167 0 9
1913
1914
1915
1916
1917
1918
1919
1920
1921
-0.00100164599999733 0 -0.0675
-0.00100164599999733 0 -0.06
-0.00100164599999733 0 -0.0525
-0.00100164599999733 0 -0.045
-0.00100164599999733 0 -0.0375
-0.00100164599999733 0 -0.03
-0.00100164599999733 0 -0.0225
-0.00100164599999733 0 -0.015
-0.00100164599999733 0 -0.007499999999999993
2 1180 0 9
1922
1923
1924
1925
1926
1927
1928
1929
1930
-0.001773540000000612 -0.0007718939999979432 -0.0675
-0.001773540000000612 -0.0007718939999979432 -0.06
-0.001773540000000612 -0.0007718939999979432 -0.0525
-0.001773540000000612 -0.0007718939999979432 -0.045
-0.001773540000000612 -0.0007718939999979432 -0.0375
-0.001773540000000612 -0.0007718939999979432 -0.03
-0.001773540000000612 -0.0007718939999979432 -0.0225
-0.001773540000000612 -0.0007718939999979432 -0.015
-0.001773540000000612 -0.0007718939999979432 -0.007499999999999993
2 1184 0 9
1931
1932
1933
1934
1935
1936
1937
1938
1939
-0.0007718940000022085 -0.001773539999999342 -0.0675
-0.0007718940000022085 -0.001773539999999342 -0.06
-0.0007718940000022085 -0.001773539999999342 -0.0525
-0.0007718940000022085 -0.001773539999999342 -0.045
-0.0007718940000022085 -0.001773539999999342 -0.0375
-0.0007718940000022085 -0.001773539999999342 -0.03
-0.0007718940000022085 -0.001773539999999342 -0.0225
-0.0007718940000022085 -0.001773539999999342 -0.015
-0.0007718940000022085 -0.001773539999999342 -0.007499999999999993
2 1188 0 9
1940
1941
1942
1943
1944
1945
1946
1947
1948
0 -0.00100164599999733 -0.0675
0 -0.00100164599999733 -0.06
0 -0.00100164599999733 -0.0525
0 -0.00100164599999733 -0.045
0 -0.00100164599999733 -0.0375
0 -0.00100164599999733 -0.03
0 -0.00100164599999733 -0.0225
0 -0.00100164599999733 -0.015
0 -0.00100164599999733 -0.007499999999999993
2 1201 0 9
1949
1950
1951
1952
1953
1954
1955
1956
1957
0.0007718939999979432 -0.001773540000000612 -0.0675
0.0007718939999979432 -0.001773540000000612 -0.06
0.0007718939999979432 -0.001773540000000612 -0.0525
0.0007718939999979432 -0.001773540000000612 -0.045
0.0007718939999979432 -0.001773540000000612 -0.0375
0.0007718939999979432 -0.001773540000000612 -0.03
0.0007718939999979432 -0.001773540000000612 -0.0225
0.0007718939999979432 -0.001773540000000612 -0.015
0.0007718939999979432 -0.001773540000000612 -0.007499999999999993
2 1205 0 9
1958
1959
1960
1961
1962
1963
1964
1965
1966
0.001773539999999342 -0.0007718940000022085 -0.0675
0.001773539999999342 -0.0007718940000022085 -0.06
0.001773539999999342 -0.0007718940000022085 -0.0525
0.001773539999999342 -0.0007718940000022085 -0.045
0.001773539999999342 -0.0007718940000022085 -0.0375
0.001773539999999342 -0.0007718940000022085 -0.03
0.001773539999999342 -0.0007718940000022085 -0.0225
0.001773539999999342 -0.0007718940000022085 -0.015
0.001773539999999342 -0.0007718940000022085 -0.007499999999999993
2 1214 0 9
1967
1968
1969
1970
1971
1972
1973
1974
1975
0.003325966315682731 0.001377660359792581 -0.0675
0.003325966315682731 0.001377660359792581 -0.06
0.003325966315682731 0.001377660359792581 -0.0525
0.003325966315682731 0.001377660359792581 -0.045
0.003325966315682731 0.001377660359792581 -0.0375
0.003325966315682731 0.001377660359792581 -0.03
0.003325966315682731 0.001377660359792581 -0.0225
0.003325966315682731 0.001377660359792581 -0.015
0.003325966315682731 0.001377660359792581 -0.007499999999999993
2 1218 0 9
1976
1977
1978
1979
1980
1981
1982
1983
1984
0.002044686206137099 0.002044686206137099 -0.0675
0.002044686206137099 0.002044686206137099 -0.06
0.002044686206137099 0.002044686206137099 -0.0525
0.002044686206137099 0.002044686206137099 -0.045
0.002044686206137099 0.002044686206137099 -0.0375
0.002044686206137099 0.002044686206137099 -0.03
0.002044686206137099 0.002044686206137099 -0.0225
0.002044686206137099 0.002044686206137099 -0.015
0.002044686206137099 0.002044686206137099 -0.007499999999999993
2 1226 0 9
1985
1986
1987
1988
1989
1990
1991
1992
1993
0.002801646000001949 0 -0.0675
0.002801646000001949 0 -0.06
0.002801646000001949 0 -0.0525
0.002801646000001949 0 -0.045
0.002801646000001949 0 -0.0375
0.002801646000001949 0 -0.03
0.002801646000001949 0 -0.0225
0.002801646000001949 0 -0.015
0.002801646000001949 0 -0.007499999999999993
2 1235 0 9
1994
1995
1996
1997
1998
1999
2000
2001
2002
0.001377660353174535 0.003325966318424018 -0.0675
0.001377660353174535 0.003325966318424018 -0.06
0.001377660353174535 0.003325966318424018 -0.0525
0.001377660353174535 0.003325966318424018 -0.045
0.001377660353174535 0.003325966318424018 -0.0375
0.001377660353174535 0.003325966318424018 -0.03
0.001377660353174535 0.003325966318424018 -0.0225
0.001377660353174535 0.003325966318424018 -0.015
0.001377660353174535 0.003325966318424018 -0.007499999999999993
2 1239 0 9
2003
2004
2005
2006
2007
2008
2009
2010
2011
0 0.002801646000001949 -0.0675
0 0.002801646000001949 -0.06
0 0.002801646000001949 -0.0525
0 0.002801646000001949 -0.045
0 0.002801646000001949 -0.0375
0 0.002801646000001949 -0.03
0 0.002801646000001949 -0.0225
0 0.002801646000001949 -0.015
0 0.002801646000001949 -0.007499999999999993
2 1248 0 9
2012
2013
2014
2015
2016
2017
2018
2019
2020
-0.001377660359792581 0.003325966315682731 -0.0675
-0.001377660359792581 0.003325966315682731 -0.06
-0.001377660359792581 0.003325966315682731 -0.0525
-0.001377660359792581 0.003325966315682731 -0.045
-0.001377660359792581 0.003325966315682731 -0.0375
-0.001377660359792581 0.003325966315682731 -0.03
-0.001377660359792581 0.003325966315682731 -0.0225
-0.001377660359792581 0.003325966315682731 -0.015
-0.001377660359792581 0.003325966315682731 -0.007499999999999993
2 1252 0 9
2021
2022
2023
2024
2025
2026
2027
2028
2029
-0.002044686206137099 0.002044686206137099 -0.0675
-0.002044686206137099 0.002044686206137099 -0.06
-0.002044686206137099 0.002044686206137099 -0.0525
-0.002044686206137099 0.002044686206137099 -0.045
-0.002044686206137099 0.002044686206137099 -0.0375
-0.002044686206137099 0.002044686206137099 -0.03
-0.002044686206137099 0.002044686206137099 -0.0225
-0.002044686206137099 0.002044686206137099 -0.015
-0.002044686206137099 0.002044686206137099 -0.007499999999999993
2 1261 0 9
2030
2031
2032
2033
2034
2035
2036
2037
2038
-0.003325966318424018 0.001377660353174535 -0.0675
-0.003325966318424018 0.001377660353174535 -0.06
-0.003325966318424018 0.001377660353174535 -0.0525
-0.003325966318424018 0.001377660353174535 -0.045
-0.003325966318424018 0.001377660353174535 -0.0375
-0.003325966318424018 0.001377660353174535 -0.03
-0.003325966318424018 0.001377660353174535 -0.0225
-0.003325966318424018 0.001377660353174535 -0.015
-0.003325966318424018 0.001377660353174535 -0.007499999999999993
2 1265 0 9
2039
2040
2041
2042
2043
2044
2045
2046
2047
-0.002801646000001949 0 -0.0675
-0.002801646000001949 0 -0.06
-0.002801646000001949 0 -0.0525
-0.002801646000001949 0 -0.045
-0.002801646000001949 0 -0.0375
-0.002801646000001949 0 -0.03
-0.002801646000001949 0 -0.0225
-0.002801646000001949 0 -0.015
-0.002801646000001949 0 -0.007499999999999993
2 1274 0 9
2048
2049
2050
2051
2052
2053
2054
2055
2056
-0.003325966315682731 -0.001377660359792581 -0.0675
-0.003325966315682731 -0.001377660359792581 -0.06
-0.003325966315682731 -0.001377660359792581 -0.0525
-0.003325966315682731 -0.001377660359792581 -0.045
-0.003325966315682731 -0.001377660359792581 -0.0375
-0.003325966315682731 -0.001377660359792581 -0.03
-0.003325966315682731 -0.001377660359792581 -0.0225
-0.003325966315682731 -0.001377660359792581 -0.015
-0.003325966315682731 -0.001377660359792581 -0.007499999999999993
2 1278 0 9
2057
2058
2059
2060
2061
2062
2063
2064
2065
-0.002044686206137099 -0.002044686206137099 -0.0675
-0.002044686206137099 -0.002044686206137099 -0.06
-0.002044686206137099 -0.002044686206137099 -0.0525
-0.002044686206137099 -0.002044686206137099 -0.045
-0.002044686206137099 -0.002044686206137099 -0.0375
-0.002044686206137099 -0.002044686206137099 -0.03
-0.002044686206137099 -0.002044686206137099 -0.0225
-0.002044686206137099 -0.002044686206137099 -0.015
-0.002044686206137099 -0.002044686206137099 -0.007499999999999993
2 1287 0 9
2066
2067
2068
2069
2070
2071
2072
2073
2074
-0.001377660353174535 -0.003325966318424018 -0.0675
-0.001377660353174535 -0.003325966318424018 -0.06
-0.001377660353174535 -0.003325966318424018 -0.0525
-0.001377660353174535 -0.003325966318424018 -0.045
-0.001377660353174535 -0.003325966318424018 -0.0375
-0.001377660353174535 -0.003325966318424018 -0.03
-0.001377660353174535 -0.003325966318424018 -0.0225
-0.001377660353174535 -0.003325966318424018 -0.015
-0.001377660353174535 -0.003325966318424018 -0.007499999999999993
2 1291 0 9
2075
2076
2077
2078
2079
2080
2081
2082
2083
0 -0.002801646000001949 -0.0675
0 -0.002801646000001949 -0.06
0 -0.002801646000001949 -0.0525
0 -0.002801646000001949 -0.045
0 -0.002801646000001949 -0.0375
0 -0.002801646000001949 -0.03
0 -0.002801646000001949 -0.0225
0 -0.002801646000001949 -0.015
0 -0.002801646000001949 -0.007499999999999993
2 1300 0 9
2084
2085
2086
2087
2088
2089
2090
2091
2092
0.001377660359792581 -0.003325966315682731 -0.0675
0.001377660359792581 -0.003325966315682731 -0.06
0.001377660359792581 -0.003325966315682731 -0.0525
0.001377660359792581 -0.003325966315682731 -0.045
0.001377660359792581 -0.003325966315682731 -0.0375
0.001377660359792581 -0.003325966315682731 -0.03
0.001377660359792581 -0.003325966315682731 -0.0225
0.001377660359792581 -0.003325966315682731 -0.015
0.001377660359792581 -0.003325966315682731 -0.007499999999999993
2 1304 0 9
2093
2094
2095
2096
2097
2098
2099
2100
2101
0.002044686206137099 -0.002044686206137099 -0.0675
0.002044686206137099 -0.002044686206137099 -0.06
0.002044686206137099 -0.002044686206137099 -0.0525
0.002044686206137099 -0.002044686206137099 -0.045
0.002044686206137099 -0.002044686206137099 -0.0375
0.002044686206137099 -0.002044686206137099 -0.03
0.002044686206137099 -0.002044686206137099 -0.0225
0.002044686206137099 -0.002044686206137099 -0.015
0.002044686206137099 -0.002044686206137099 -0.007499999999999993
2 1313 0 9
2102
2103
2104
2105
2106
2107
2108
2109
2110
0.003325966318424018 -0.001377660353174535 -0.0675
0.003325966318424018 -0.001377660353174535 -0.06
0.003325966318424018 -0.001377660353174535 -0.0525
0.003325966318424018 -0.001377660353174535 -0.045
0.003325966318424018 -0.001377660353174535 -0.0375
0.003325966318424018 -0.001377660353174535 -0.03
0.003325966318424018 -0.001377660353174535 -0.0225
0.003325966318424018 -0.001377660353174535 -0.015
0.003325966318424018 -0.001377660353174535 -0.007499999999999993
2 1322 0 9
2111
2112
2113
2114
2115
2116
2117
2118
2119
0.004480815730728006 0.001856014651682588 -0.0075
0.004480815730728006 0.001856014651682588 -0.015
0.004480815730728006 0.001856014651682588 -0.0225
0.004480815730728006 0.001856014651682588 -0.03
0.004480815730728006 0.001856014651682588 -0.0375
0.004480815730728006 0.001856014651682588 -0.045
0.004480815730728006 0.001856014651682588 -0.0525
0.004480815730728006 0.001856014651682588 -0.06
0.004480815730728006 0.001856014651682588 -0.0675
2 1326 0 54
2120
2121
2122
2123
2124
2125
2126
2127
2128
2129
2130
2131
2132
2133
2134
2135
2136
2137
2138
2139
2140
2141
2142
2143
2144
2145
2146
2147
2148
2149
2150
2151
2152
2153
2154
2155
2156
2157
2158
2159
2160
2161
2162
2163
2164
2165
2166
2167
2168
2169
2170
2171
2172
2173
0.005235081910006933 0.005235081910006933 -0.0075
0.005235081910006933 0.005235081910006933 -0.015
0.005235081910006933 0.005235081910006933 -0.0225
0.005235081910006933 0.005235081910006933 -0.03
0.005235081910006933 0.005235081910006933 -0.0375
0.005235081910006933 0.005235081910006933 -0.045
0.005235081910006933 0.005235081910006933 -0.0525
0.005235081910006933 0.005235081910006933 -0.06
0.005235081910006933 0.005235081910006933 -0.0675
0.008033783400579128 0.008033783400579128 -0.0075
0.008033783400579128 0.008033783400579128 -0.015
0.008033783400579128 0.008033783400579128 -0.0225
0.008033783400579128 0.008033783400579128 -0.03
0.008033783400579128 0.008033783400579128 -0.0375
0.008033783400579128 0.008033783400579128 -0.045
0.008033783400579128 0.008033783400579128 -0.0525
0.008033783400579128 0.008033783400579128 -0.06
0.008033783400579128 0.008033783400579128 -0.0675
0.01237177056721306 0.01237177056721306 -0.0075
0.01237177056721306 0.01237177056721306 -0.015
0.01237177056721306 0.01237177056721306 -0.0225
0.01237177056721306 0.01237177056721306 -0.03
0.01237177056721306 0.01237177056721306 -0.0375
0.01237177056721306 0.01237177056721306 -0.045
0.01237177056721306 0.01237177056721306 -0.0525
0.01237177056721306 0.01237177056721306 -0.06
0.01237177056721306 0.01237177056721306 -0.0675
0.01909565089217542 0.01909565089217542 -0.0075
0.01909565089217542 0.01909565089217542 -0.015
0.01909565089217542 0.01909565089217542 -0.0225
0.01909565089217542 0.01909565089217542 -0.03
0.01909565089217542 0.01909565089217542 -0.0375
0.01909565089217542 0.01909565089217542 -0.045
0.01909565089217542 0.01909565089217542 -0.0525
0.01909565089217542 0.01909565089217542 -0.06
0.01909565089217542 0.01909565089217542 -0.0675
0.02951766555603563 0.02951766555603563 -0.0075
0.02951766555603563 0.02951766555603563 -0.015
0.02951766555603563 0.02951766555603563 -0.0225
0.02951766555603563 0.02951766555603563 -0.03
0.02951766555603563 0.02951766555603563 -0.0375
0.02951766555603563 0.02951766555603563 -0.045
0.02951766555603563 0.02951766555603563 -0.0525
0.02951766555603563 0.02951766555603563 -0.06
0.02951766555603563 0.02951766555603563 -0.0675
0.04567178810950862 0.04567178810950862 -0.0075
0.04567178810950862 0.04567178810950862 -0.015
0.04567178810950862 0.04567178810950862 -0.0225
0.04567178810950862 0.04567178810950862 -0.03
0.04567178810950862 0.04567178810950862 -0.0375
0.04567178810950862 0.04567178810950862 -0.045
0.04567178810950862 0.04567178810950862 -0.0525
0.04567178810950862 0.04567178810950862 -0.06
0.04567178810950862 0.04567178810950862 -0.0675
2 1330 0 9
2174
2175
2176
2177
2178
2179
2180
2181
2182
0.09238795320541432 0.03826834334687322 -0.0075
0.09238795320541432 0.03826834334687322 -0.015
0.09238795320541432 0.03826834334687322 -0.0225
0.09238795320541432 0.03826834334687322 -0.03
0.09238795320541432 0.03826834334687322 -0.0375
0.09238795320541432 0.03826834334687322 -0.045
0.09238795320541432 0.03826834334687322 -0.0525
0.09238795320541432 0.03826834334687322 -0.06
0.09238795320541432 0.03826834334687322 -0.0675
2 1334 0 54
2183
2184
2185
2186
2187
2188
2189
2190
2191
2192
2193
2194
2195
2196
2197
2198
2199
2200
2201
2202
2203
2204
2205
2206
2207
2208
2209
2210
2211
2212
2213
2214
2215
2216
2217
2218
2219
2220
2221
2222
2223
2224
2225
2226
2227
2228
2229
2230
2231
2232
2233
2234
2235
2236
0.007403523837266638 0 -0.0075
0.007403523837266638 0 -0.015
0.007403523837266638 0 -0.0225
0.007403523837266638 0 -0.03
0.007403523837266638 0 -0.0375
0.007403523837266638 0 -0.045
0.007403523837266638 0 -0.0525
0.007403523837266638 0 -0.06
0.007403523837266638 0 -0.0675
0.01136148544226593 0 -0.0075
0.01136148544226593 0 -0.015
0.01136148544226593 0 -0.0225
0.01136148544226593 0 -0.03
0.01136148544226593 0 -0.0375
0.01136148544226593 0 -0.045
0.01136148544226593 0 -0.0525
0.01136148544226593 0 -0.06
0.01136148544226593 0 -0.0675
0.01749632572672102 0 -0.0075
0.01749632572672102 0 -0.015
0.01749632572672102 0 -0.0225
0.01749632572672102 0 -0.03
0.01749632572672102 0 -0.0375
0.01749632572672102 0 -0.045
0.01749632572672102 0 -0.0525
0.01749632572672102 0 -0.06
0.01749632572672102 0 -0.0675
0.02700532847405672 0 -0.0075
0.02700532847405672 0 -0.015
0.02700532847405672 0 -0.0225
0.02700532847405672 0 -0.03
0.02700532847405672 0 -0.0375
0.02700532847405672 0 -0.045
0.02700532847405672 0 -0.0525
0.02700532847405672 0 -0.06
0.02700532847405672 0 -0.0675
0.04174428295893668 0 -0.0075
0.04174428295893668 0 -0.015
0.04174428295893668 0 -0.0225
0.04174428295893668 0 -0.03
0.04174428295893668 0 -0.0375
0.04174428295893668 0 -0.045
0.04174428295893668 0 -0.0525
0.04174428295893668 0 -0.06
0.04174428295893668 0 -0.0675
0.06458966216228892 0 -0.0075
0.06458966216228892 0 -0.015
0.06458966216228892 0 -0.0225
0.06458966216228892 0 -0.03
0.06458966216228892 0 -0.0375
0.06458966216228892 0 -0.045
0.06458966216228892 0 -0.0525
0.06458966216228892 0 -0.06
0.06458966216228892 0 -0.0675
2 1335 0 6
2237
2238
2239
2240
2241
2242
0.006839964138583579 0.002833205921188944 -0.075
0.01049664385408821 0.004347852257754768 -0.075
0.01616449722530001 0.006695554001633301 -0.075
0.02494967023378342 0.01033449182191125 -0.075
0.03856668860620147 0.01597484553002463 -0.075
0.05967306685413274 0.02471739368261483 -0.075
2 1344 0 9
2243
2244
2245
2246
2247
2248
2249
2250
2251
0.001856014642078604 0.004480815734706108 -0.0075
0.001856014642078604 0.004480815734706108 -0.015
0.001856014642078604 0.004480815734706108 -0.0225
0.001856014642078604 0.004480815734706108 -0.03
0.001856014642078604 0.004480815734706108 -0.0375
0.001856014642078604 0.004480815734706108 -0.045
0.001856014642078604 0.004480815734706108 -0.0525
0.001856014642078604 0.004480815734706108 -0.06
0.001856014642078604 0.004480815734706108 -0.0675
2 1348 0 54
2252
2253
2254
2255
2256
2257
2258
2259
2260
2261
2262
2263
2264
2265
2266
2267
2268
2269
2270
2271
2272
2273
2274
2275
2276
2277
2278
2279
2280
2281
2282
2283
2284
2285
2286
2287
2288
2289
2290
2291
2292
2293
2294
2295
2296
2297
2298
2299
2300
2301
2302
2303
2304
2305
0 0.007403523837266638 -0.0075
0 0.007403523837266638 -0.015
0 0.007403523837266638 -0.0225
0 0.007403523837266638 -0.03
0 0.007403523837266638 -0.0375
0 0.007403523837266638 -0.045
0 0.007403523837266638 -0.0525
0 0.007403523837266638 -0.06
0 0.007403523837266638 -0.0675
0 0.01136148544226593 -0.0075
0 0.01136148544226593 -0.015
0 0.01136148544226593 -0.0225
0 0.01136148544226593 -0.03
0 0.01136148544226593 -0.0375
0 0.01136148544226593 -0.045
0 0.01136148544226593 -0.0525
0 0.01136148544226593 -0.06
0 0.01136148544226593 -0.0675
0 0.01749632572672102 -0.0075
0 0.01749632572672102 -0.015
0 0.01749632572672102 -0.0225
0 0.01749632572672102 -0.03
0 0.01749632572672102 -0.0375
0 0.01749632572672102 -0.045
0 0.01749632572672102 -0.0525
0 0.01749632572672102 -0.06
0 0.01749632572672102 -0.0675
0 0.02700532847405672 -0.0075
0 0.02700532847405672 -0.015
0 0.02700532847405672 -0.0225
0 0.02700532847405672 -0.03
0 0.02700532847405672 -0.0375
0 0.02700532847405672 -0.045
0 0.02700532847405672 -0.0525
0 0.02700532847405672 -0.06
0 0.02700532847405672 -0.0675
0 0.04174428295893668 -0.0075
0 0.04174428295893668 -0.015
0 0.04174428295893668 -0.0225
0 0.04174428295893668 -0.03
0 0.04174428295893668 -0.0375
0 0.04174428295893668 -0.045
0 0.04174428295893668 -0.0525
0 0.04174428295893668 -0.06
0 0.04174428295893668 -0.0675
0 0.06458966216228892 -0.0075
0 0.06458966216228892 -0.015
0 0.06458966216228892 -0.0225
0 0.06458966216228892 -0.03
0 0.06458966216228892 -0.0375
0 0.06458966216228892 -0.045
0 0.06458966216228892 -0.0525
0 0.06458966216228892 -0.06
0 0.06458966216228892 -0.0675
2 1352 0 9
2306
2307
2308
2309
2310
2311
2312
2313
2314
0.03826834312586492 0.09238795329695892 -0.0075
0.03826834312586492 0.09238795329695892 -0.015
0.03826834312586492 0.09238795329695892 -0.0225
0.03826834312586492 0.09238795329695892 -0.03
0.03826834312586492 0.09238795329695892 -0.0375
0.03826834312586492 0.09238795329695892 -0.045
0.03826834312586492 0.09238795329695892 -0.0525
0.03826834312586492 0.09238795329695892 -0.06
0.03826834312586492 0.09238795329695892 -0.0675
2 1357 0 6
2315
2316
2317
2318
2319
2320
0.002833205905911539 0.006839964144911688 -0.075
0.004347852233683562 0.01049664386405883 -0.075
0.006695553963931705 0.01616449724091652 -0.075
0.01033449176308255 0.02494967025815106 -0.075
0.01597484543844891 0.03856668864413335 -0.075
0.02471739354028123 0.05967306691308923 -0.075
2 1366 0 9
2321
2322
2323
2324
2325
2326
2327
2328
2329
-0.001856014651682588 0.004480815730728006 -0.0075
-0.001856014651682588 0.004480815730728006 -0.015
-0.001856014651682588 0.004480815730728006 -0.0225
-0.001856014651682588 0.004480815730728006 -0.03
-0.001856014651682588 0.004480815730728006 -0.0375
-0.001856014651682588 0.004480815730728006 -0.045
-0.001856014651682588 0.004480815730728006 -0.0525
-0.001856014651682588 0.004480815730728006 -0.06
-0.001856014651682588 0.004480815730728006 -0.0675
2 1370 0 54
2330
2331
2332
2333
2334
2335
2336
2337
2338
2339
2340
2341
2342
2343
2344
2345
2346
2347
2348
2349
2350
2351
2352
2353
2354
2355
2356
2357
2358
2359
2360
2361
2362
2363
2364
2365
2366
2367
2368
2369
2370
2371
2372
2373
2374
2375
2376
2377
2378
2379
2380
2381
2382
2383
-0.005235081910006933 0.005235081910006933 -0.0075
-0.005235081910006933 0.005235081910006933 -0.015
-0.005235081910006933 0.005235081910006933 -0.0225
-0.005235081910006933 0.005235081910006933 -0.03
-0.005235081910006933 0.005235081910006933 -0.0375
-0.005235081910006933 0.005235081910006933 -0.045
-0.005235081910006933 0.005235081910006933 -0.0525
-0.005235081910006933 0.005235081910006933 -0.06
-0.005235081910006933 0.005235081910006933 -0.0675
-0.008033783400579128 0.008033783400579128 -0.0075
-0.008033783400579128 0.008033783400579128 -0.015
-0.008033783400579128 0.008033783400579128 -0.0225
-0.008033783400579128 0.008033783400579128 -0.03
-0.008033783400579128 0.008033783400579128 -0.0375
-0.008033783400579128 0.008033783400579128 -0.045
-0.008033783400579128 0.008033783400579128 -0.0525
-0.008033783400579128 0.008033783400579128 -0.06
-0.008033783400579128 0.008033783400579128 -0.0675
-0.01237177056721306 0.01237177056721306 -0.0075
-0.01237177056721306 0.01237177056721306 -0.015
-0.01237177056721306 0.01237177056721306 -0.0225
-0.01237177056721306 0.01237177056721306 -0.03
-0.01237177056721306 0.01237177056721306 -0.0375
-0.01237177056721306 0.01237177056721306 -0.045
-0.01237177056721306 0.01237177056721306 -0.0525
-0.01237177056721306 0.01237177056721306 -0.06
-0.01237177056721306 0.01237177056721306 -0.0675
-0.01909565089217542 0.01909565089217542 -0.0075
-0.01909565089217542 0.01909565089217542 -0.015
-0.01909565089217542 0.01909565089217542 -0.0225
-0.01909565089217542 0.01909565089217542 -0.03
-0.01909565089217542 0.01909565089217542 -0.0375
-0.01909565089217542 0.01909565089217542 -0.045
-0.01909565089217542 0.01909565089217542 -0.0525
-0.01909565089217542 0.01909565089217542 -0.06
-0.01909565089217542 0.01909565089217542 -0.0675
-0.02951766555603563 0.02951766555603563 -0.0075
-0.02951766555603563 0.02951766555603563 -0.015
-0.02951766555603563 0.02951766555603563 -0.0225
-0.02951766555603563 0.02951766555603563 -0.03
-0.02951766555603563 0.02951766555603563 -0.0375
-0.02951766555603563 0.02951766555603563 -0.045
-0.02951766555603563 0.02951766555603563 -0.0525
-0.02951766555603563 0.02951766555603563 -0.06
-0.02951766555603563 0.02951766555603563 -0.0675
-0.04567178810950862 0.04567178810950862 -0.0075
-0.04567178810950862 0.04567178810950862 -0.015
-0.04567178810950862 0.04567178810950862 -0.0225
-0.04567178810950862 0.04567178810950862 -0.03
-0.04567178810950862 0.04567178810950862 -0.0375
-0.04567178810950862 0.04567178810950862 -0.045
-0.04567178810950862 0.04567178810950862 -0.0525
-0.04567178810950862 0.04567178810950862 -0.06
-0.04567178810950862 0.04567178810950862 -0.0675
2 1374 0 9
2384
2385
2386
2387
2388
2389
2390
2391
2392
-0.03826834334687322 0.09238795320541432 -0.0075
-0.03826834334687322 0.09238795320541432 -0.015
-0.03826834334687322 0.09238795320541432 -0.0225
-0.03826834334687322 0.09238795320541432 -0.03
-0.03826834334687322 0.09238795320541432 -0.0375
-0.03826834334687322 0.09238795320541432 -0.045
-0.03826834334687322 0.09238795320541432 -0.0525
-0.03826834334687322 0.09238795320541432 -0.06
-0.03826834334687322 0.09238795320541432 -0.0675
2 1379 0 6
2393
2394
2395
2396
2397
2398
-0.002833205921188944 0.006839964138583579 -0.075
-0.004347852257754768 0.01049664385408821 -0.075
-0.006695554001633301 0.01616449722530001 -0.075
-0.01033449182191125 0.02494967023378342 -0.075
-0.01597484553002463 0.03856668860620147 -0.075
-0.02471739368261483 0.05967306685413274 -0.075
2 1388 0 9
2399
2400
2401
2402
2403
2404
2405
2406
2407
-0.004480815734706108 0.001856014642078604 -0.0075
-0.004480815734706108 0.001856014642078604 -0.015
-0.004480815734706108 0.001856014642078604 -0.0225
-0.004480815734706108 0.001856014642078604 -0.03
-0.004480815734706108 0.001856014642078604 -0.0375
-0.004480815734706108 0.001856014642078604 -0.045
-0.004480815734706108 0.001856014642078604 -0.0525
-0.004480815734706108 0.001856014642078604 -0.06
-0.004480815734706108 0.001856014642078604 -0.0675
2 1392 0 54
2408
2409
2410
2411
2412
2413
2414
2415
2416
2417
2418
2419
2420
2421
2422
2423
2424
2425
2426
2427
2428
2429
2430
2431
2432
2433
2434
2435
2436
2437
2438
2439
2440
2441
2442
2443
2444
2445
2446
2447
2448
2449
2450
2451
2452
2453
2454
2455
2456
2457
2458
2459
2460
2461
-0.007403523837266638 0 -0.0075
-0.007403523837266638 0 -0.015
-0.007403523837266638 0 -0.0225
-0.007403523837266638 0 -0.03
-0.007403523837266638 0 -0.0375
-0.007403523837266638 0 -0.045
-0.007403523837266638 0 -0.0525
-0.007403523837266638 0 -0.06
-0.007403523837266638 0 -0.0675
-0.01136148544226593 0 -0.0075
-0.01136148544226593 0 -0.015
-0.01136148544226593 0 -0.0225
-0.01136148544226593 0 -0.03
-0.01136148544226593 0 -0.0375
-0.01136148544226593 0 -0.045
-0.01136148544226593 0 -0.0525
-0.01136148544226593 0 -0.06
-0.01136148544226593 0 -0.0675
-0.01749632572672102 0 -0.0075
-0.01749632572672102 0 -0.015
-0.01749632572672102 0 -0.0225
-0.01749632572672102 0 -0.03
-0.01749632572672102 0 -0.0375
-0.01749632572672102 0 -0.045
-0.01749632572672102 0 -0.0525
-0.01749632572672102 0 -0.06
-0.01749632572672102 0 -0.0675
-0.02700532847405672 0 -0.0075
-0.02700532847405672 0 -0.015
-0.02700532847405672 0 -0.0225
-0.02700532847405672 0 -0.03
-0.02700532847405672 0 -0.0375
-0.02700532847405672 0 -0.045
-0.02700532847405672 0 -0.0525
-0.02700532847405672 0 -0.06
-0.02700532847405672 0 -0.0675
-0.04174428295893668 0 -0.0075
-0.04174428295893668 0 -0.015
-0.04174428295893668 0 -0.0225
-0.04174428295893668 0 -0.03
-0.04174428295893668 0 -0.0375
-0.04174428295893668 0 -0.045
-0.04174428295893668 0 -0.0525
-0.04174428295893668 0 -0.06
-0.04174428295893668 0 -0.0675
-0.06458966216228892 0 -0.0075
-0.06458966216228892 0 -0.015
-0.06458966216228892 0 -0.0225
-0.06458966216228892 0 -0.03
-0.06458966216228892 0 -0.0375
-0.06458966216228892 0 -0.045
-0.06458966216228892 0 -0.0525
-0.06458966216228892 0 -0.06
-0.06458966216228892 0 -0.0675
2 1396 0 9
2462
2463
2464
2465
2466
2467
2468
2469
2470
-0.09238795329695892 0.03826834312586492 -0.0075
-0.09238795329695892 0.03826834312586492 -0.015
-0.09238795329695892 0.03826834312586492 -0.0225
-0.09238795329695892 0.03826834312586492 -0.03
-0.09238795329695892 0.03826834312586492 -0.0375
-0.09238795329695892 0.03826834312586492 -0.045
-0.09238795329695892 0.03826834312586492 -0.0525
-0.09238795329695892 0.03826834312586492 -0.06
-0.09238795329695892 0.03826834312586492 -0.0675
2 1401 0 6
2471
2472
2473
2474
2475
2476
-0.006839964144911688 0.002833205905911539 -0.075
-0.01049664386405883 0.004347852233683562 -0.075
-0.01616449724091652 0.006695553963931705 -0.075
-0.02494967025815106 0.01033449176308255 -0.075
-0.03856668864413335 0.01597484543844891 -0.075
-0.05967306691308923 0.02471739354028123 -0.075
2 1410 0 9
2477
2478
2479
2480
2481
2482
2483
2484
2485
-0.004480815730728006 -0.001856014651682588 -0.0075
-0.004480815730728006 -0.001856014651682588 -0.015
-0.004480815730728006 -0.001856014651682588 -0.0225
-0.004480815730728006 -0.001856014651682588 -0.03
-0.004480815730728006 -0.001856014651682588 -0.0375
-0.004480815730728006 -0.001856014651682588 -0.045
-0.004480815730728006 -0.001856014651682588 -0.0525
-0.004480815730728006 -0.001856014651682588 -0.06
-0.004480815730728006 -0.001856014651682588 -0.0675
2 1414 0 54
2486
2487
2488
2489
2490
2491
2492
2493
2494
2495
2496
2497
2498
2499
2500
2501
2502
2503
2504
2505
2506
2507
2508
2509
2510
2511
2512
2513
2514
2515
2516
2517
2518
2519
2520
2521
2522
2523
2524
2525
2526
2527
2528
2529
2530
2531
2532
2533
2534
2535
2536
2537
2538
2539
-0.005235081910006933 -0.005235081910006933 -0.0075
-0.005235081910006933 -0.005235081910006933 -0.015
-0.005235081910006933 -0.005235081910006933 -0.0225
-0.005235081910006933 -0.005235081910006933 -0.03
-0.005235081910006933 -0.005235081910006933 -0.0375
-0.005235081910006933 -0.005235081910006933 -0.045
-0.005235081910006933 -0.005235081910006933 -0.0525
-0.005235081910006933 -0.005235081910006933 -0.06
-0.005235081910006933 -0.005235081910006933 -0.0675
-0.008033783400579128 -0.008033783400579128 -0.0075
-0.008033783400579128 -0.008033783400579128 -0.015
-0.008033783400579128 -0.008033783400579128 -0.0225
-0.008033783400579128 -0.008033783400579128 -0.03
-0.008033783400579128 -0.008033783400579128 -0.0375
-0.008033783400579128 -0.008033783400579128 -0.045
-0.008033783400579128 -0.008033783400579128 -0.0525
-0.008033783400579128 -0.008033783400579128 -0.06
-0.008033783400579128 -0.008033783400579128 -0.0675
-0.01237177056721306 -0.01237177056721306 -0.0075
-0.01237177056721306 -0.01237177056721306 -0.015
-0.01237177056721306 -0.01237177056721306 -0.0225
-0.01237177056721306 -0.01237177056721306 -0.03
-0.01237177056721306 -0.01237177056721306 -0.0375
-0.01237177056721306 -0.01237177056721306 -0.045
-0.01237177056721306 -0.01237177056721306 -0.0525
-0.01237177056721306 -0.01237177056721306 -0.06
-0.01237177056721306 -0.01237177056721306 -0.0675
-0.01909565089217542 -0.01909565089217542 -0.0075
-0.01909565089217542 -0.01909565089217542 -0.015
-0.01909565089217542 -0.01909565089217542 -0.0225
-0.01909565089217542 -0.01909565089217542 -0.03
-0.01909565089217542 -0.01909565089217542 -0.0375
-0.01909565089217542 -0.01909565089217542 -0.045
-0.01909565089217542 -0.01909565089217542 -0.0525
-0.01909565089217542 -0.01909565089217542 -0.06
-0.01909565089217542 -0.01909565089217542 -0.0675
-0.02951766555603563 -0.02951766555603563 -0.0075
-0.02951766555603563 -0.02951766555603563 -0.015
-0.02951766555603563 -0.02951766555603563 -0.0225
-0.02951766555603563 -0.02951766555603563 -0.03
-0.02951766555603563 -0.02951766555603563 -0.0375
-0.02951766555603563 -0.02951766555603563 -0.045
-0.02951766555603563 -0.02951766555603563 -0.0525
-0.02951766555603563 -0.02951766555603563 -0.06
-0.02951766555603563 -0.02951766555603563 -0.0675
-0.04567178810950862 -0.04567178810950862 -0.0075
-0.04567178810950862 -0.04567178810950862 -0.015
-0.04567178810950862 -0.04567178810950862 -0.0225
-0.04567178810950862 -0.04567178810950862 -0.03
-0.04567178810950862 -0.04567178810950862 -0.0375
-0.04567178810950862 -0.04567178810950862 -0.045
-0.04567178810950862 -0.04567178810950862 -0.0525
-0.04567178810950862 -0.04567178810950862 -0.06
-0.04567178810950862 -0.04567178810950862 -0.0675
2 1418 0 9
2540
2541
2542
2543
2544
2545
2546
2547
2548
-0.09238795320541432 -0.03826834334687322 -0.0075
-0.09238795320541432 -0.03826834334687322 -0.015
-0.09238795320541432 -0.03826834334687322 -0.0225
-0.09238795320541432 -0.03826834334687322 -0.03
-0.09238795320541432 -0.03826834334687322 -0.0375
-0.09238795320541432 -0.03826834334687322 -0.045
-0.09238795320541432 -0.03826834334687322 -0.0525
-0.09238795320541432 -0.03826834334687322 -0.06
-0.09238795320541432 -0.03826834334687322 -0.0675
2 1423 0 6
2549
2550
2551
2552
2553
2554
-0.006839964138583579 -0.002833205921188944 -0.075
-0.01049664385408821 -0.004347852257754768 -0.075
-0.01616449722530001 -0.006695554001633301 -0.075
-0.02494967023378342 -0.01033449182191125 -0.075
-0.03856668860620147 -0.01597484553002463 -0.075
-0.05967306685413274 -0.02471739368261483 -0.075
2 1432 0 9
2555
2556
2557
2558
2559
2560
2561
2562
2563
-0.001856014642078604 -0.004480815734706108 -0.0075
-0.001856014642078604 -0.004480815734706108 -0.015
-0.001856014642078604 -0.004480815734706108 -0.0225
-0.001856014642078604 -0.004480815734706108 -0.03
-0.001856014642078604 -0.004480815734706108 -0.0375
-0.001856014642078604 -0.004480815734706108 -0.045
-0.001856014642078604 -0.004480815734706108 -0.0525
-0.001856014642078604 -0.004480815734706108 -0.06
-0.001856014642078604 -0.004480815734706108 -0.0675
2 1436 0 54
2564
2565
2566
2567
2568
2569
2570
2571
2572
2573
2574
2575
2576
2577
2578
2579
2580
2581
2582
2583
2584
2585
2586
2587
2588
2589
2590
2591
2592
2593
2594
2595
2596
2597
2598
2599
2600
2601
2602
2603
2604
2605
2606
2607
2608
2609
2610
2611
2612
2613
2614
2615
2616
2617
0 -0.007403523837266638 -0.0075
0 -0.007403523837266638 -0.015
0 -0.007403523837266638 -0.0225
0 -0.007403523837266638 -0.03
0 -0.007403523837266638 -0.0375
0 -0.007403523837266638 -0.045
0 -0.007403523837266638 -0.0525
0 -0.007403523837266638 -0.06
0 -0.007403523837266638 -0.0675
0 -0.01136148544226593 -0.0075
0 -0.01136148544226593 -0.015
0 -0.01136148544226593 -0.0225
0 -0.01136148544226593 -0.03
0 -0.01136148544226593 -0.0375
0 -0.01136148544226593 -0.045
0 -0.01136148544226593 -0.0525
0 -0.01136148544226593 -0.06
0 -0.01136148544226593 -0.0675
0 -0.01749632572672102 -0.0075
0 -0.01749632572672102 -0.015
0 -0.01749632572672102 -0.0225
0 -0.01749632572672102 -0.03
0 -0.01749632572672102 -0.0375
0 -0.01749632572672102 -0.045
0 -0.01749632572672102 -0.0525
0 -0.01749632572672102 -0.06
0 -0.01749632572672102 -0.0675
0 -0.02700532847405672 -0.0075
0 -0.02700532847405672 -0.015
0 -0.02700532847405672 -0.0225
0 -0.02700532847405672 -0.03
0 -0.02700532847405672 -0.0375
0 -0.02700532847405672 -0.045
0 -0.02700532847405672 -0.0525
0 -0.02700532847405672 -0.06
0 -0.02700532847405672 -0.0675
0 -0.04174428295893668 -0.0075
0 -0.04174428295893668 -0.015
0 -0.04174428295893668 -0.0225
0 -0.04174428295893668 -0.03
0 -0.04174428295893668 -0.0375
0 -0.04174428295893668 -0.045
0 -0.04174428295893668 -0.0525
0 -0.04174428295893668 -0.06
0 -0.04174428295893668 -0.0675
0 -0.06458966216228892 -0.0075
0 -0.06458966216228892 -0.015
0 -0.06458966216228892 -0.0225
0 -0.06458966216228892 -0.03
0 -0.06458966216228892 -0.0375
0 -0.06458966216228892 -0.045
0 -0.06458966216228892 -0.0525
0 -0.06458966216228892 -0.06
0 -0.06458966216228892 -0.0675
2 1440 0 9
2618
2619
2620
2621
2622
2623
2624
2625
2626
-0.03826834312586492 -0.09238795329695892 -0.0075
-0.03826834312586492 -0.09238795329695892 -0.015
-0.03826834312586492 -0.09238795329695892 -0.0225
-0.03826834312586492 -0.09238795329695892 -0.03
-0.03826834312586492 -0.09238795329695892 -0.0375
-0.03826834312586492 -0.09238795329695892 -0.045
-0.03826834312586492 -0.09238795329695892 -0.0525
-0.03826834312586492 -0.09238795329695892 -0.06
-0.03826834312586492 -0.09238795329695892 -0.0675
2 1445 0 6
2627
2628
2629
2630
2631
2632
-0.002833205905911539 -0.006839964144911688 -0.075
-0.004347852233683562 -0.01049664386405883 -0.075
-0.006695553963931705 -0.01616449724091652 -0.075
-0.01033449176308255 -0.02494967025815106 -0.075
-0.01597484543844891 -0.03856668864413335 -0.075
-0.02471739354028123 -0.05967306691308923 -0.075
2 1454 0 9
2633
2634
2635
2636
2637
2638
2639
2640
2641
0.001856014651682588 -0.004480815730728006 -0.0075
0.001856014651682588 -0.004480815730728006 -0.015
0.001856014651682588 -0.004480815730728006 -0.0225
0.001856014651682588 -0.004480815730728006 -0.03
0.001856014651682588 -0.004480815730728006 -0.0375
0.001856014651682588 -0.004480815730728006 -0.045
0.001856014651682588 -0.004480815730728006 -0.0525
0.001856014651682588 -0.004480815730728006 -0.06
0.001856014651682588 -0.004480815730728006 -0.0675
2 1458 0 54
2642
2643
2644
2645
2646
2647
2648
2649
2650
2651
2652
2653
2654
2655
2656
2657
2658
2659
2660
2661
2662
2663
2664
2665
2666
2667
2668
2669
2670
2671
2672
2673
2674
2675
2676
2677
2678
2679
2680
2681
2682
2683
2684
2685
2686
2687
2688
2689
2690
2691
2692
2693
2694
2695
0.005235081910006933 -0.005235081910006933 -0.0075
0.005235081910006933 -0.005235081910006933 -0.015
0.005235081910006933 -0.005235081910006933 -0.0225
0.005235081910006933 -0.005235081910006933 -0.03
0.005235081910006933 -0.005235081910006933 -0.0375
0.005235081910006933 -0.005235081910006933 -0.045
0.005235081910006933 -0.005235081910006933 -0.0525
0.005235081910006933 -0.005235081910006933 -0.06
0.005235081910006933 -0.005235081910006933 -0.0675
0.008033783400579128 -0.008033783400579128 -0.0075
0.008033783400579128 -0.008033783400579128 -0.015
0.008033783400579128 -0.008033783400579128 -0.0225
0.008033783400579128 -0.008033783400579128 -0.03
0.008033783400579128 -0.008033783400579128 -0.0375
0.008033783400579128 -0.008033783400579128 -0.045
0.008033783400579128 -0.008033783400579128 -0.0525
0.008033783400579128 -0.008033783400579128 -0.06
0.008033783400579128 -0.008033783400579128 -0.0675
0.01237177056721306 -0.01237177056721306 -0.0075
0.01237177056721306 -0.01237177056721306 -0.015
0.01237177056721306 -0.01237177056721306 -0.0225
0.01237177056721306 -0.01237177056721306 -0.03
0.01237177056721306 -0.01237177056721306 -0.0375
0.01237177056721306 -0.01237177056721306 -0.045
0.01237177056721306 -0.01237177056721306 -0.0525
0.01237177056721306 -0.01237177056721306 -0.06
0.01237177056721306 -0.01237177056721306 -0.0675
0.01909565089217542 -0.01909565089217542 -0.0075
0.01909565089217542 -0.01909565089217542 -0.015
0.01909565089217542 -0.01909565089217542 -0.0225
0.01909565089217542 -0.01909565089217542 -0.03
0.01909565089217542 -0.01909565089217542 -0.0375
0.01909565089217542 -0.01909565089217542 -0.045
0.01909565089217542 -0.01909565089217542 -0.0525
0.01909565089217542 -0.01909565089217542 -0.06
0.01909565089217542 -0.01909565089217542 -0.0675
0.02951766555603563 -0.02951766555603563 -0.0075
0.02951766555603563 -0.02951766555603563 -0.015
0.02951766555603563 -0.02951766555603563 -0.0225
0.02951766555603563 -0.02951766555603563 -0.03
0.02951766555603563 -0.02951766555603563 -0.0375
0.02951766555603563 -0.02951766555603563 -0.045
0.02951766555603563 -0.02951766555603563 -0.0525
0.02951766555603563 -0.02951766555603563 -0.06
0.02951766555603563 -0.02951766555603563 -0.0675
0.04567178810950862 -0.04567178810950862 -0.0075
0.04567178810950862 -0.04567178810950862 -0.015
0.04567178810950862 -0.04567178810950862 -0.0225
0.04567178810950862 -0.04567178810950862 -0.03
0.04567178810950862 -0.04567178810950862 -0.0375
0.04567178810950862 -0.04567178810950862 -0.045
0.04567178810950862 -0.04567178810950862 -0.0525
0.04567178810950862 -0.04567178810950862 -0.06
0.04567178810950862 -0.04567178810950862 -0.0675
2 1462 0 9
2696
2697
2698
2699
2700
2701
2702
2703
2704
0.03826834334687322 -0.09238795320541432 -0.0075
0.03826834334687322 -0.09238795320541432 -0.015
0.03826834334687322 -0.09238795320541432 -0.0225
0.03826834334687322 -0.09238795320541432 -0.03
0.03826834334687322 -0.09238795320541432 -0.0375
0.03826834334687322 -0.09238795320541432 -0.045
0.03826834334687322 -0.09238795320541432 -0.0525
0.03826834334687322 -0.09238795320541432 -0.06
0.03826834334687322 -0.09238795320541432 -0.0675
2 1467 0 6
2705
2706
2707
2708
2709
2710
0.002833205921188944 -0.006839964138583579 -0.075
0.004347852257754768 -0.01049664385408821 -0.075
0.006695554001633301 -0.01616449722530001 -0.075
0.01033449182191125 -0.02494967023378342 -0.075
0.01597484553002463 -0.03856668860620147 -0.075
0.02471739368261483 -0.05967306685413274 -0.075
2 1476 0 9
2711
2712
2713
2714
2715
2716
2717
2718
2719
0.004480815734706108 -0.001856014642078604 -0.0075
0.004480815734706108 -0.001856014642078604 -0.015
0.004480815734706108 -0.001856014642078604 -0.0225
0.004480815734706108 -0.001856014642078604 -0.03
0.004480815734706108 -0.001856014642078604 -0.0375
0.004480815734706108 -0.001856014642078604 -0.045
0.004480815734706108 -0.001856014642078604 -0.0525
0.004480815734706108 -0.001856014642078604 -0.06
0.004480815734706108 -0.001856014642078604 -0.0675
2 1484 0 9
2720
2721
2722
2723
2724
2725
2726
2727
2728
0.09238795329695892 -0.03826834312586492 -0.0075
0.09238795329695892 -0.03826834312586492 -0.015
0.09238795329695892 -0.03826834312586492 -0.0225
0.09238795329695892 -0.03826834312586492 -0.03
0.09238795329695892 -0.03826834312586492 -0.0375
0.09238795329695892 -0.03826834312586492 -0.045
0.09238795329695892 -0.03826834312586492 -0.0525
0.09238795329695892 -0.03826834312586492 -0.06
0.09238795329695892 -0.03826834312586492 -0.0675
2 1489 0 6
2729
2730
2731
2732
2733
2734
0.006839964144911688 -0.002833205905911539 -0.075
0.01049664386405883 -0.004347852233683562 -0.075
0.01616449724091652 -0.006695553963931705 -0.075
0.02494967025815106 -0.01033449176308255 -0.075
0.03856668864413335 -0.01597484543844891 -0.075
0.05967306691308923 -0.02471739354028123 -0.075
2 1502 0 9
2735
2736
2737
2738
2739
2740
2741
2742
2743
0.100051208484338 0.100051208484338 -0.0075
0.100051208484338 0.100051208484338 -0.015
0.100051208484338 0.100051208484338 -0.0225
0.100051208484338 0.100051208484338 -0.03
0.100051208484338 0.100051208484338 -0.0375
0.100051208484338 0.100051208484338 -0.045
0.100051208484338 0.100051208484338 -0.0525
0.100051208484338 0.100051208484338 -0.06
0.100051208484338 0.100051208484338 -0.0675
2 1506 0 9
2744
2745
2746
2747
2748
2749
2750
2751
2752
0.1847759064108286 0.07653668669374644 -0.0075
0.1847759064108286 0.07653668669374644 -0.015
0.1847759064108286 0.07653668669374644 -0.0225
0.1847759064108286 0.07653668669374644 -0.03
0.1847759064108286 0.07653668669374644 -0.0375
0.1847759064108286 0.07653668669374644 -0.045
0.1847759064108286 0.07653668669374644 -0.0525
0.1847759064108286 0.07653668669374644 -0.06
0.1847759064108286 0.07653668669374644 -0.0675
2 1510 0 9
2753
2754
2755
2756
2757
2758
2759
2760
2761
0.1414937759703538 0 -0.0075
0.1414937759703538 0 -0.015
0.1414937759703538 0 -0.0225
0.1414937759703538 0 -0.03
0.1414937759703538 0 -0.0375
0.1414937759703538 0 -0.045
0.1414937759703538 0 -0.0525
0.1414937759703538 0 -0.06
0.1414937759703538 0 -0.0675
2 1511 0 1
2762
0.1307232035320701 0.05414732400279616 -0.075
2 1524 0 9
2763
2764
2765
2766
2767
2768
2769
2770
2771
0 0.1414937759703538 -0.0075
0 0.1414937759703538 -0.015
0 0.1414937759703538 -0.0225
0 0.1414937759703538 -0.03
0 0.1414937759703538 -0.0375
0 0.1414937759703538 -0.045
0 0.1414937759703538 -0.0525
0 0.1414937759703538 -0.06
0 0.1414937759703538 -0.0675
2 1528 0 9
2772
2773
2774
2775
2776
2777
2778
2779
2780
0.07653668625172984 0.1847759065939178 -0.0075
0.07653668625172984 0.1847759065939178 -0.015
0.07653668625172984 0.1847759065939178 -0.0225
0.07653668625172984 0.1847759065939178 -0.03
0.07653668625172984 0.1847759065939178 -0.0375
0.07653668625172984 0.1847759065939178 -0.045
0.07653668625172984 0.1847759065939178 -0.0525
0.07653668625172984 0.1847759065939178 -0.06
0.07653668625172984 0.1847759065939178 -0.0675
2 1533 0 1
2781
0.05414732369008315 0.1307232036616 -0.075
2 1546 0 9
2782
2783
2784
2785
2786
2787
2788
2789
2790
-0.100051208484338 0.100051208484338 -0.0075
-0.100051208484338 0.100051208484338 -0.015
-0.100051208484338 0.100051208484338 -0.0225
-0.100051208484338 0.100051208484338 -0.03
-0.100051208484338 0.100051208484338 -0.0375
-0.100051208484338 0.100051208484338 -0.045
-0.100051208484338 0.100051208484338 -0.0525
-0.100051208484338 0.100051208484338 -0.06
-0.100051208484338 0.100051208484338 -0.0675
2 1550 0 9
2791
2792
2793
2794
2795
2796
2797
2798
2799
-0.07653668669374644 0.1847759064108286 -0.0075
-0.07653668669374644 0.1847759064108286 -0.015
-0.07653668669374644 0.1847759064108286 -0.0225
-0.07653668669374644 0.1847759064108286 -0.03
-0.07653668669374644 0.1847759064108286 -0.0375
-0.07653668669374644 0.1847759064108286 -0.045
-0.07653668669374644 0.1847759064108286 -0.0525
-0.07653668669374644 0.1847759064108286 -0.06
-0.07653668669374644 0.1847759064108286 -0.0675
2 1555 0 1
2800
-0.05414732400279616 0.1307232035320701 -0.075
2 1568 0 9
2801
2802
2803
2804
2805
2806
2807
2808
2809
-0.1414937759703538 0 -0.0075
-0.1414937759703538 0 -0.015
-0.1414937759703538 0 -0.0225
-0.1414937759703538 0 -0.03
-0.1414937759703538 0 -0.0375
-0.1414937759703538 0 -0.045
-0.1414937759703538 0 -0.0525
-0.1414937759703538 0 -0.06
-0.1414937759703538 0 -0.0675
2 1572 0 9
2810
2811
2812
2813
2814
2815
2816
2817
2818
-0.1847759065939178 0.07653668625172984 -0.0075
-0.1847759065939178 0.07653668625172984 -0.015
-0.1847759065939178 0.07653668625172984 -0.0225
-0.1847759065939178 0.07653668625172984 -0.03
-0.1847759065939178 0.07653668625172984 -0.0375
-0.1847759065939178 0.07653668625172984 -0.045
-0.1847759065939178 0.07653668625172984 -0.0525
-0.1847759065939178 0.07653668625172984 -0.06
-0.1847759065939178 0.07653668625172984 -0.0675
2 1577 0 1
2819
-0.1307232036616 0.05414732369008315 -0.075
2 1590 0 9
2820
2821
2822
2823
2824
2825
2826
2827
2828
-0.100051208484338 -0.100051208484338 -0.0075
-0.100051208484338 -0.100051208484338 -0.015
-0.100051208484338 -0.100051208484338 -0.0225
-0.100051208484338 -0.100051208484338 -0.03
-0.100051208484338 -0.100051208484338 -0.0375
-0.100051208484338 -0.100051208484338 -0.045
-0.100051208484338 -0.100051208484338 -0.0525
-0.100051208484338 -0.100051208484338 -0.06
-0.100051208484338 -0.100051208484338 -0.0675
2 1594 0 9
2829
2830
2831
2832
2833
2834
2835
2836
2837
-0.1847759064108286 -0.07653668669374644 -0.0075
-0.1847759064108286 -0.07653668669374644 -0.015
-0.1847759064108286 -0.07653668669374644 -0.0225
-0.1847759064108286 -0.07653668669374644 -0.03
-0.1847759064108286 -0.07653668669374644 -0.0375
-0.1847759064108286 -0.07653668669374644 -0.045
-0.1847759064108286 -0.07653668669374644 -0.0525
-0.1847759064108286 -0.07653668669374644 -0.06
-0.1847759064108286 -0.07653668669374644 -0.0675
2 1599 0 1
2838
-0.1307232035320701 -0.05414732400279616 -0.075
2 1612 0 9
2839
2840
2841
2842
2843
2844
2845
2846
2847
0 -0.1414937759703538 -0.0075
0 -0.1414937759703538 -0.015
0 -0.1414937759703538 -0.0225
0 -0.1414937759703538 -0.03
0 -0.1414937759703538 -0.0375
0 -0.1414937759703538 -0.045
0 -0.1414937759703538 -0.0525
0 -0.1414937759703538 -0.06
0 -0.1414937759703538 -0.0675
2 1616 0 9
2848
2849
2850
2851
2852
2853
2854
2855
2856
-0.07653668625172984 -0.1847759065939178 -0.0075
-0.07653668625172984 -0.1847759065939178 -0.015
-0.07653668625172984 -0.1847759065939178 -0.0225
-0.07653668625172984 -0.1847759065939178 -0.03
-0.07653668625172984 -0.1847759065939178 -0.0375
-0.07653668625172984 -0.1847759065939178 -0.045
-0.07653668625172984 -0.1847759065939178 -0.0525
-0.07653668625172984 -0.1847759065939178 -0.06
-0.07653668625172984 -0.1847759065939178 -0.0675
2 1621 0 1
2857
-0.05414732369008315 -0.1307232036616 -0.075
2 1634 0 9
2858
2859
2860
2861
2862
2863
2864
2865
2866
0.100051208484338 -0.100051208484338 -0.0075
0.100051208484338 -0.100051208484338 -0.015
0.100051208484338 -0.100051208484338 -0.0225
0.100051208484338 -0.100051208484338 -0.03
0.100051208484338 -0.100051208484338 -0.0375
0.100051208484338 -0.100051208484338 -0.045
0.100051208484338 -0.100051208484338 -0.0525
0.100051208484338 -0.100051208484338 -0.06
0.100051208484338 -0.100051208484338 -0.0675
2 1638 0 9
2867
2868
2869
2870
2871
2872
2873
2874
2875
0.07653668669374644 -0.1847759064108286 -0.0075
0.07653668669374644 -0.1847759064108286 -0.015
0.07653668669374644 -0.1847759064108286 -0.0225
0.07653668669374644 -0.1847759064108286 -0.03
0.07653668669374644 -0.1847759064108286 -0.0375
0.07653668669374644 -0.1847759064108286 -0.045
0.07653668669374644 -0.1847759064108286 -0.0525
0.07653668669374644 -0.1847759064108286 -0.06
0.07653668669374644 -0.1847759064108286 -0.0675
2 1643 0 1
2876
0.05414732400279616 -0.1307232035320701 -0.075
2 1660 0 9
2877
2878
2879
2880
2881
2882
2883
2884
2885
0.1847759065939178 -0.07653668625172984 -0.0075
0.1847759065939178 -0.07653668625172984 -0.015
0.1847759065939178 -0.07653668625172984 -0.0225
0.1847759065939178 -0.07653668625172984 -0.03
0.1847759065939178 -0.07653668625172984 -0.0375
0.1847759065939178 -0.07653668625172984 -0.045
0.1847759065939178 -0.07653668625172984 -0.0525
0.1847759065939178 -0.07653668625172984 -0.06
0.1847759065939178 -0.07653668625172984 -0.0675
2 1665 0 1
2886
0.1307232036616 -0.05414732369008315 -0.075
3 1 0 6
2887
2888
2889
2890
2891
2892
0.0008867700000000755 0.000886769999997308 0.007142857142857143
0.0008867700000000755 0.000886769999997308 0.01428571428571429
0.0008867700000000755 0.000886769999997308 0.02142857142857143
0.0008867700000000755 0.000886769999997308 0.02857142857142857
0.0008867700000000755 0.000886769999997308 0.03571428571428572
0.0008867700000000755 0.000886769999997308 0.04285714285714286
3 2 0 6
2893
2894
2895
2896
2897
2898
-0.000886769999997308 0.0008867700000000755 0.007142857142857143
-0.000886769999997308 0.0008867700000000755 0.01428571428571429
-0.000886769999997308 0.0008867700000000755 0.02142857142857143
-0.000886769999997308 0.0008867700000000755 0.02857142857142857
-0.000886769999997308 0.0008867700000000755 0.03571428571428572
-0.000886769999997308 0.0008867700000000755 0.04285714285714286
3 3 0 6
2899
2900
2901
2902
2903
2904
-0.0008867700000000755 -0.000886769999997308 0.007142857142857143
-0.0008867700000000755 -0.000886769999997308 0.01428571428571429
-0.0008867700000000755 -0.000886769999997308 0.02142857142857143
-0.0008867700000000755 -0.000886769999997308 0.02857142857142857
-0.0008867700000000755 -0.000886769999997308 0.03571428571428572
-0.0008867700000000755 -0.000886769999997308 0.04285714285714286
3 4 0 6
2905
2906
2907
2908
2909
2910
0.000886769999997308 -0.0008867700000000755 0.007142857142857143
0.000886769999997308 -0.0008867700000000755 0.01428571428571429
0.000886769999997308 -0.0008867700000000755 0.02142857142857143
0.000886769999997308 -0.0008867700000000755 0.02857142857142857
0.000886769999997308 -0.0008867700000000755 0.03571428571428572
0.000886769999997308 -0.0008867700000000755 0.04285714285714286
3 5 0 6
2911
2912
2913
2914
2915
2916
0.002549753157843623 0.001074777179896051 0.007142857142857143
0.002549753157843623 0.001074777179896051 0.01428571428571429
0.002549753157843623 0.001074777179896051 0.02142857142857143
0.002549753157843623 0.001074777179896051 0.02857142857142857
0.002549753157843623 0.001074777179896051 0.03571428571428572
0.002549753157843623 0.001074777179896051 0.04285714285714286
3 6 0 6
2917
2918
2919
2920
2921
2922
0.001074777176589161 0.002549753159213632 0.007142857142857143
0.001074777176589161 0.002549753159213632 0.01428571428571429
0.001074777176589161 0.002549753159213632 0.02142857142857143
0.001074777176589161 0.002549753159213632 0.02857142857142857
0.001074777176589161 0.002549753159213632 0.03571428571428572
0.001074777176589161 0.002549753159213632 0.04285714285714286
3 7 0 6
2923
2924
2925
2926
2927
2928
-0.001074777179896051 0.002549753157843623 0.007142857142857143
-0.001074777179896051 0.002549753157843623 0.01428571428571429
-0.001074777179896051 0.002549753157843623 0.02142857142857143
-0.001074777179896051 0.002549753157843623 0.02857142857142857
-0.001074777179896051 0.002549753157843623 0.03571428571428572
-0.001074777179896051 0.002549753157843623 0.04285714285714286
3 8 0 6
2929
2930
2931
2932
2933
2934
-0.002549753159213632 0.001074777176589161 0.007142857142857143
-0.002549753159213632 0.001074777176589161 0.01428571428571429
-0.002549753159213632 0.001074777176589161 0.02142857142857143
-0.002549753159213632 0.001074777176589161 0.02857142857142857
-0.002549753159213632 0.001074777176589161 0.03571428571428572
-0.002549753159213632 0.001074777176589161 0.04285714285714286
3 9 0 6
2935
2936
2937
2938
2939
2940
-0.002549753157843623 -0.001074777179896051 0.007142857142857143
-0.002549753157843623 -0.001074777179896051 0.01428571428571429
-0.002549753157843623 -0.001074777179896051 0.02142857142857143
-0.002549753157843623 -0.001074777179896051 0.02857142857142857
-0.002549753157843623 -0.001074777179896051 0.03571428571428572
-0.002549753157843623 -0.001074777179896051 0.04285714285714286
3 10 0 6
2941
2942
2943
2944
2945
2946
-0.001074777176589161 -0.002549753159213632 0.007142857142857143
-0.001074777176589161 -0.002549753159213632 0.01428571428571429
-0.001074777176589161 -0.002549753159213632 0.02142857142857143
-0.001074777176589161 -0.002549753159213632 0.02857142857142857
-0.001074777176589161 -0.002549753159213632 0.03571428571428572
-0.001074777176589161 -0.002549753159213632 0.04285714285714286
3 11 0 6
2947
2948
2949
2950
2951
2952
0.001074777179896051 -0.002549753157843623 0.007142857142857143
0.001074777179896051 -0.002549753157843623 0.01428571428571429
0.001074777179896051 -0.002549753157843623 0.02142857142857143
0.001074777179896051 -0.002549753157843623 0.02857142857142857
0.001074777179896051 -0.002549753157843623 0.03571428571428572
0.001074777179896051 -0.002549753157843623 0.04285714285714286
3 12 0 6
2953
2954
2955
2956
2957
2958
0.002549753159213632 -0.001074777176589161 0.007142857142857143
0.002549753159213632 -0.001074777176589161 0.01428571428571429
0.002549753159213632 -0.001074777176589161 0.02142857142857143
0.002549753159213632 -0.001074777176589161 0.02857142857142857
0.002549753159213632 -0.001074777176589161 0.03571428571428572
0.002549753159213632 -0.001074777176589161 0.04285714285714286
3 13 0 0
3 14 0 0
3 15 0 0
3 16 0 0
3 17 0 0
3 18 0 0
3 19 0 0
3 20 0 0
3 21 0 36
2959
2960
2961
2962
2963
2964
2965
2966
2967
2968
2969
2970
2971
2972
2973
2974
2975
2976
2977
2978
2979
2980
2981
2982
2983
2984
2985
2986
2987
2988
2989
2990
2991
2992
2993
2994
0.006839964138583579 0.002833205921188944 0.007142857142857143
0.006839964138583579 0.002833205921188944 0.01428571428571429
0.006839964138583579 0.002833205921188944 0.02142857142857143
0.006839964138583579 0.002833205921188944 0.02857142857142857
0.006839964138583579 0.002833205921188944 0.03571428571428572
0.006839964138583579 0.002833205921188944 0.04285714285714286
0.01049664385408821 0.004347852257754768 0.007142857142857143
0.01049664385408821 0.004347852257754768 0.01428571428571429
0.01049664385408821 0.004347852257754768 0.02142857142857143
0.01049664385408821 0.004347852257754768 0.02857142857142857
0.01049664385408821 0.004347852257754768 0.03571428571428572
0.01049664385408821 0.004347852257754768 0.04285714285714286
0.01616449722530001 0.006695554001633301 0.007142857142857143
0.01616449722530001 0.006695554001633301 0.01428571428571429
0.01616449722530001 0.006695554001633301 0.02142857142857143
0.01616449722530001 0.006695554001633301 0.02857142857142857
0.01616449722530001 0.006695554001633301 0.03571428571428572
0.01616449722530001 0.006695554001633301 0.04285714285714286
0.02494967023378342 0.01033449182191125 0.007142857142857143
0.02494967023378342 0.01033449182191125 0.01428571428571429
0.02494967023378342 0.01033449182191125 0.02142857142857143
0.02494967023378342 0.01033449182191125 0.02857142857142857
0.02494967023378342 0.01033449182191125 0.03571428571428572
0.02494967023378342 0.01033449182191125 0.04285714285714286
0.03856668860620147 0.01597484553002463 0.007142857142857143
0.03856668860620147 0.01597484553002463 0.01428571428571429
0.03856668860620147 0.01597484553002463 0.02142857142857143
0.03856668860620147 0.01597484553002463 0.02857142857142857
0.03856668860620147 0.01597484553002463 0.03571428571428572
0.03856668860620147 0.01597484553002463 0.04285714285714286
0.05967306685413274 0.02471739368261483 0.007142857142857143
0.05967306685413274 0.02471739368261483 0.01428571428571429
0.05967306685413274 0.02471739368261483 0.02142857142857143
0.05967306685413274 0.02471739368261483 0.02857142857142857
0.05967306685413274 0.02471739368261483 0.03571428571428572
0.05967306685413274 0.02471739368261483 0.04285714285714286
3 22 0 36
2995
2996
2997
2998
2999
3000
3001
3002
3003
3004
3005
3006
3007
3008
3009
3010
3011
3012
3013
3014
3015
3016
3017
3018
3019
3020
3021
3022
3023
3024
3025
3026
3027
3028
3029
3030
0.002833205905911539 0.006839964144911688 0.007142857142857143
0.002833205905911539 0.006839964144911688 0.01428571428571429
0.002833205905911539 0.006839964144911688 0.02142857142857143
0.002833205905911539 0.006839964144911688 0.02857142857142857
0.002833205905911539 0.006839964144911688 0.03571428571428572
0.002833205905911539 0.006839964144911688 0.04285714285714286
0.004347852233683562 0.01049664386405883 0.007142857142857143
0.004347852233683562 0.01049664386405883 0.01428571428571429
0.004347852233683562 0.01049664386405883 0.02142857142857143
0.004347852233683562 0.01049664386405883 0.02857142857142857
0.004347852233683562 0.01049664386405883 0.03571428571428572
0.004347852233683562 0.01049664386405883 0.04285714285714286
0.006695553963931705 0.01616449724091652 0.007142857142857143
0.006695553963931705 0.01616449724091652 0.01428571428571429
0.006695553963931705 0.01616449724091652 0.02142857142857143
0.006695553963931705 0.01616449724091652 0.02857142857142857
0.006695553963931705 0.01616449724091652 0.03571428571428572
0.006695553963931705 0.01616449724091652 0.04285714285714286
0.01033449176308255 0.02494967025815106 0.007142857142857143
0.01033449176308255 0.02494967025815106 0.01428571428571429
0.01033449176308255 0.02494967025815106 0.02142857142857143
0.01033449176308255 0.02494967025815106 0.02857142857142857
0.01033449176308255 0.02494967025815106 0.03571428571428572
0.01033449176308255 0.02494967025815106 0.04285714285714286
0.01597484543844891 0.03856668864413335 0.007142857142857143
0.01597484543844891 0.03856668864413335 0.01428571428571429
0.01597484543844891 0.03856668864413335 0.02142857142857143
0.01597484543844891 0.03856668864413335 0.02857142857142857
0.01597484543844891 0.03856668864413335 0.03571428571428572
0.01597484543844891 0.03856668864413335 0.04285714285714286
0.02471739354028123 0.05967306691308923 0.007142857142857143
0.02471739354028123 0.05967306691308923 0.01428571428571429
0.02471739354028123 0.05967306691308923 0.02142857142857143
0.02471739354028123 0.05967306691308923 0.02857142857142857
0.02471739354028123 0.05967306691308923 0.03571428571428572
0.02471739354028123 0.05967306691308923 0.04285714285714286
3 23 0 36
3031
3032
3033
3034
3035
3036
3037
3038
3039
3040
3041
3042
3043
3044
3045
3046
3047
3048
3049
3050
3051
3052
3053
3054
3055
3056
3057
3058
3059
3060
3061
3062
3063
3064
3065
3066
-0.002833205921188944 0.006839964138583579 0.007142857142857143
-0.002833205921188944 0.006839964138583579 0.01428571428571429
-0.002833205921188944 0.006839964138583579 0.02142857142857143
-0.002833205921188944 0.006839964138583579 0.02857142857142857
-0.002833205921188944 0.006839964138583579 0.03571428571428572
-0.002833205921188944 0.006839964138583579 0.04285714285714286
-0.004347852257754768 0.01049664385408821 0.007142857142857143
-0.004347852257754768 0.01049664385408821 0.01428571428571429
-0.004347852257754768 0.01049664385408821 0.02142857142857143
-0.004347852257754768 0.01049664385408821 0.02857142857142857
-0.004347852257754768 0.01049664385408821 0.03571428571428572
-0.004347852257754768 0.01049664385408821 0.04285714285714286
-0.006695554001633301 0.01616449722530001 0.007142857142857143
-0.006695554001633301 0.01616449722530001 0.01428571428571429
-0.006695554001633301 0.01616449722530001 0.02142857142857143
-0.006695554001633301 0.01616449722530001 0.02857142857142857
-0.006695554001633301 0.01616449722530001 0.03571428571428572
-0.006695554001633301 0.01616449722530001 0.04285714285714286
-0.01033449182191125 0.02494967023378342 0.007142857142857143
-0.01033449182191125 0.02494967023378342 0.01428571428571429
-0.01033449182191125 0.02494967023378342 0.02142857142857143
-0.01033449182191125 0.02494967023378342 0.02857142857142857
-0.01033449182191125 0.02494967023378342 0.03571428571428572
-0.01033449182191125 0.02494967023378342 0.04285714285714286
-0.01597484553002463 0.03856668860620147 0.007142857142857143
-0.01597484553002463 0.03856668860620147 0.01428571428571429
-0.01597484553002463 0.03856668860620147 0.02142857142857143
-0.01597484553002463 0.03856668860620147 0.02857142857142857
-0.01597484553002463 0.03856668860620147 0.03571428571428572
-0.01597484553002463 0.03856668860620147 0.04285714285714286
-0.02471739368261483 0.05967306685413274 0.007142857142857143
-0.02471739368261483 0.05967306685413274 0.01428571428571429
-0.02471739368261483 0.05967306685413274 0.02142857142857143
-0.02471739368261483 0.05967306685413274 0.02857142857142857
-0.02471739368261483 0.05967306685413274 0.03571428571428572
-0.02471739368261483 0.05967306685413274 0.04285714285714286
3 24 0 36
3067
3068
3069
3070
3071
3072
3073
3074
3075
3076
3077
3078
3079
3080
3081
3082
3083
3084
3085
3086
3087
3088
3089
3090
3091
3092
3093
3094
3095
3096
3097
3098
3099
3100
3101
3102
-0.006839964144911688 0.002833205905911539 0.007142857142857143
-0.006839964144911688 0.002833205905911539 0.01428571428571429
-0.006839964144911688 0.002833205905911539 0.02142857142857143
-0.006839964144911688 0.002833205905911539 0.02857142857142857
-0.006839964144911688 0.002833205905911539 0.03571428571428572
-0.006839964144911688 0.002833205905911539 0.04285714285714286
-0.01049664386405883 0.004347852233683562 0.007142857142857143
-0.01049664386405883 0.004347852233683562 0.01428571428571429
-0.01049664386405883 0.004347852233683562 0.02142857142857143
-0.01049664386405883 0.004347852233683562 0.02857142857142857
-0.01049664386405883 0.004347852233683562 0.03571428571428572
-0.01049664386405883 0.004347852233683562 0.04285714285714286
-0.01616449724091652 0.006695553963931705 0.007142857142857143
-0.01616449724091652 0.006695553963931705 0.01428571428571429
-0.01616449724091652 0.006695553963931705 0.02142857142857143
-0.01616449724091652 0.006695553963931705 0.02857142857142857
-0.01616449724091652 0.006695553963931705 0.03571428571428572
-0.01616449724091652 0.006695553963931705 0.04285714285714286
-0.02494967025815106 0.01033449176308255 0.007142857142857143
-0.02494967025815106 0.01033449176308255 0.01428571428571429
-0.02494967025815106 0.01033449176308255 0.02142857142857143
-0.02494967025815106 0.01033449176308255 0.02857142857142857
-0.02494967025815106 0.01033449176308255 0.03571428571428572
-0.02494967025815106 0.01033449176308255 0.04285714285714286
-0.03856668864413335 0.01597484543844891 0.007142857142857143
-0.03856668864413335 0.01597484543844891 0.01428571428571429
-0.03856668864413335 0.01597484543844891 0.02142857142857143
-0.03856668864413335 0.01597484543844891 0.02857142857142857
-0.03856668864413335 0.01597484543844891 0.03571428571428572
-0.03856668864413335 0.01597484543844891 0.04285714285714286
-0.05967306691308923 0.02471739354028123 0.007142857142857143
-0.05967306691308923 0.02471739354028123 0.01428571428571429
-0.05967306691308923 0.02471739354028123 0.02142857142857143
-0.05967306691308923 0.02471739354028123 0.02857142857142857
-0.05967306691308923 0.02471739354028123 0.03571428571428572
-0.05967306691308923 0.02471739354028123 0.04285714285714286
3 25 0 36
3103
3104
3105
3106
3107
3108
3109
3110
3111
3112
3113
3114
3115
3116
3117
3118
3119
3120
3121
3122
3123
3124
3125
3126
3127
3128
3129
3130
3131
3132
3133
3134
3135
3136
3137
3138
-0.006839964138583579 -0.002833205921188944 0.007142857142857143
-0.006839964138583579 -0.002833205921188944 0.01428571428571429
-0.006839964138583579 -0.002833205921188944 0.02142857142857143
-0.006839964138583579 -0.002833205921188944 0.02857142857142857
-0.006839964138583579 -0.002833205921188944 0.03571428571428572
-0.006839964138583579 -0.002833205921188944 0.04285714285714286
-0.01049664385408821 -0.004347852257754768 0.007142857142857143
-0.01049664385408821 -0.004347852257754768 0.01428571428571429
-0.01049664385408821 -0.004347852257754768 0.02142857142857143
-0.01049664385408821 -0.004347852257754768 0.02857142857142857
-0.01049664385408821 -0.004347852257754768 0.03571428571428572
-0.01049664385408821 -0.004347852257754768 0.04285714285714286
-0.01616449722530001 -0.006695554001633301 0.007142857142857143
-0.01616449722530001 -0.006695554001633301 0.01428571428571429
-0.01616449722530001 -0.006695554001633301 0.02142857142857143
-0.01616449722530001 -0.006695554001633301 0.02857142857142857
-0.01616449722530001 -0.006695554001633301 0.03571428571428572
-0.01616449722530001 -0.006695554001633301 0.04285714285714286
-0.02494967023378342 -0.01033449182191125 0.007142857142857143
-0.02494967023378342 -0.01033449182191125 0.01428571428571429
-0.02494967023378342 -0.01033449182191125 0.02142857142857143
-0.02494967023378342 -0.01033449182191125 0.02857142857142857
-0.02494967023378342 -0.01033449182191125 0.03571428571428572
-0.02494967023378342 -0.01033449182191125 0.04285714285714286
-0.03856668860620147 -0.01597484553002463 0.007142857142857143
-0.03856668860620147 -0.01597484553002463 0.01428571428571429
-0.03856668860620147 -0.01597484553002463 0.02142857142857143
-0.03856668860620147 -0.01597484553002463 0.02857142857142857
-0.03856668860620147 -0.01597484553002463 0.03571428571428572
-0.03856668860620147 -0.01597484553002463 0.04285714285714286
-0.05967306685413274 -0.02471739368261483 0.007142857142857143
-0.05967306685413274 -0.02471739368261483 0.01428571428571429
-0.05967306685413274 -0.02471739368261483 0.02142857142857143
-0.05967306685413274 -0.02471739368261483 0.02857142857142857
-0.05967306685413274 -0.02471739368261483 0.03571428571428572
-0.05967306685413274 -0.02471739368261483 0.04285714285714286
3 26 0 36
3139
3140
3141
3142
3143
3144
3145
3146
3147
3148
3149
3150
3151
3152
3153
3154
3155
3156
3157
3158
3159
3160
3161
3162
3163
3164
3165
3166
3167
3168
3169
3170
3171
3172
3173
3174
-0.002833205905911539 -0.006839964144911688 0.007142857142857143
-0.002833205905911539 -0.006839964144911688 0.01428571428571429
-0.002833205905911539 -0.006839964144911688 0.02142857142857143
-0.002833205905911539 -0.006839964144911688 0.02857142857142857
-0.002833205905911539 -0.006839964144911688 0.03571428571428572
-0.002833205905911539 -0.006839964144911688 0.04285714285714286
-0.004347852233683562 -0.01049664386405883 0.007142857142857143
-0.004347852233683562 -0.01049664386405883 0.01428571428571429
-0.004347852233683562 -0.01049664386405883 0.02142857142857143
-0.004347852233683562 -0.01049664386405883 0.02857142857142857
-0.004347852233683562 -0.01049664386405883 0.03571428571428572
-0.004347852233683562 -0.01049664386405883 0.04285714285714286
-0.006695553963931705 -0.01616449724091652 0.007142857142857143
-0.006695553963931705 -0.01616449724091652 0.01428571428571429
-0.006695553963931705 -0.01616449724091652 0.02142857142857143
-0.006695553963931705 -0.01616449724091652 0.02857142857142857
-0.006695553963931705 -0.01616449724091652 0.03571428571428572
-0.006695553963931705 -0.01616449724091652 0.04285714285714286
-0.01033449176308255 -0.02494967025815106 0.007142857142857143
-0.01033449176308255 -0.02494967025815106 0.01428571428571429
-0.01033449176308255 -0.02494967025815106 0.02142857142857143
-0.01033449176308255 -0.02494967025815106 0.02857142857142857
-0.01033449176308255 -0.02494967025815106 0.03571428571428572
-0.01033449176308255 -0.02494967025815106 0.04285714285714286
-0.01597484543844891 -0.03856668864413335 0.007142857142857143
-0.01597484543844891 -0.03856668864413335 0.01428571428571429
-0.01597484543844891 -0.03856668864413335 0.02142857142857143
-0.01597484543844891 -0.03856668864413335 0.02857142857142857
-0.01597484543844891 -0.03856668864413335 0.03571428571428572
-0.01597484543844891 -0.03856668864413335 0.04285714285714286
-0.02471739354028123 -0.05967306691308923 0.007142857142857143
-0.02471739354028123 -0.05967306691308923 0.01428571428571429
-0.02471739354028123 -0.05967306691308923 0.02142857142857143
-0.02471739354028123 -0.05967306691308923 0.02857142857142857
-0.02471739354028123 -0.05967306691308923 0.03571428571428572
-0.02471739354028123 -0.05967306691308923 0.04285714285714286
3 27 0 36
3175
3176
3177
3178
3179
3180
3181
3182
3183
3184
3185
3186
3187
3188
3189
3190
3191
3192
3193
3194
3195
3196
3197
3198
3199
3200
3201
3202
3203
3204
3205
3206
3207
3208
3209
3210
0.002833205921188944 -0.006839964138583579 0.007142857142857143
0.002833205921188944 -0.006839964138583579 0.01428571428571429
0.002833205921188944 -0.006839964138583579 0.02142857142857143
0.002833205921188944 -0.006839964138583579 0.02857142857142857
0.002833205921188944 -0.006839964138583579 0.03571428571428572
0.002833205921188944 -0.006839964138583579 0.04285714285714286
0.004347852257754768 -0.01049664385408821 0.007142857142857143
0.004347852257754768 -0.01049664385408821 0.01428571428571429
0.004347852257754768 -0.01049664385408821 0.02142857142857143
0.004347852257754768 -0.01049664385408821 0.02857142857142857
0.004347852257754768 -0.01049664385408821 0.03571428571428572
0.004347852257754768 -0.01049664385408821 0.04285714285714286
0.006695554001633301 -0.01616449722530001 0.007142857142857143
0.006695554001633301 -0.01616449722530001 0.01428571428571429
0.006695554001633301 -0.01616449722530001 0.02142857142857143
0.006695554001633301 -0.01616449722530001 0.02857142857142857
0.006695554001633301 -0.01616449722530001 0.03571428571428572
0.006695554001633301 -0.01616449722530001 0.04285714285714286
0.01033449182191125 -0.02494967023378342 0.007142857142857143
0.01033449182191125 -0.02494967023378342 0.01428571428571429
0.01033449182191125 -0.02494967023378342 0.02142857142857143
0.01033449182191125 -0.02494967023378342 0.02857142857142857
0.01033449182191125 -0.02494967023378342 0.03571428571428572
0.01033449182191125 -0.02494967023378342 0.04285714285714286
0.01597484553002463 -0.03856668860620147 0.007142857142857143
0.01597484553002463 -0.03856668860620147 0.01428571428571429
0.01597484553002463 -0.03856668860620147 0.02142857142857143
0.01597484553002463 -0.03856668860620147 0.02857142857142857
0.01597484553002463 -0.03856668860620147 0.03571428571428572
0.01597484553002463 -0.03856668860620147 0.04285714285714286
0.02471739368261483 -0.05967306685413274 0.007142857142857143
0.02471739368261483 -0.05967306685413274 0.01428571428571429
0.02471739368261483 -0.05967306685413274 0.02142857142857143
0.02471739368261483 -0.05967306685413274 0.02857142857142857
0.02471739368261483 -0.05967306685413274 0.03571428571428572
0.02471739368261483 -0.05967306685413274 0.04285714285714286
3 28 0 36
3211
3212
3213
3214
3215
3216
3217
3218
3219
3220
3221
3222
3223
3224
3225
3226
3227
3228
3229
3230
3231
3232
3233
3234
3235
3236
3237
3238
3239
3240
3241
3242
3243
3244
3245
3246
0.006839964144911688 -0.002833205905911539 0.007142857142857143
0.006839964144911688 -0.002833205905911539 0.01428571428571429
0.006839964144911688 -0.002833205905911539 0.02142857142857143
0.006839964144911688 -0.002833205905911539 0.02857142857142857
0.006839964144911688 -0.002833205905911539 0.03571428571428572
0.006839964144911688 -0.002833205905911539 0.04285714285714286
0.01049664386405883 -0.004347852233683562 0.007142857142857143
0.01049664386405883 -0.004347852233683562 0.01428571428571429
0.01049664386405883 -0.004347852233683562 0.02142857142857143
0.01049664386405883 -0.004347852233683562 0.02857142857142857
0.01049664386405883 -0.004347852233683562 0.03571428571428572
0.01049664386405883 -0.004347852233683562 0.04285714285714286
0.01616449724091652 -0.006695553963931705 0.007142857142857143
0.01616449724091652 -0.006695553963931705 0.01428571428571429
0.01616449724091652 -0.006695553963931705 0.02142857142857143
0.01616449724091652 -0.006695553963931705 0.02857142857142857
0.01616449724091652 -0.006695553963931705 0.03571428571428572
0.01616449724091652 -0.006695553963931705 0.04285714285714286
0.02494967025815106 -0.01033449176308255 0.007142857142857143
0.02494967025815106 -0.01033449176308255 0.01428571428571429
0.02494967025815106 -0.01033449176308255 0.02142857142857143
0.02494967025815106 -0.01033449176308255 0.02857142857142857
0.02494967025815106 -0.01033449176308255 0.03571428571428572
0.02494967025815106 -0.01033449176308255 0.04285714285714286
0.03856668864413335 -0.01597484543844891 0.007142857142857143
0.03856668864413335 -0.01597484543844891 0.01428571428571429
0.03856668864413335 -0.01597484543844891 0.02142857142857143
0.03856668864413335 -0.01597484543844891 0.02857142857142857
0.03856668864413335 -0.01597484543844891 0.03571428571428572
0.03856668864413335 -0.01597484543844891 0.04285714285714286
0.05967306691308923 -0.02471739354028123 0.007142857142857143
0.05967306691308923 -0.02471739354028123 0.01428571428571429
0.05967306691308923 -0.02471739354028123 0.02142857142857143
0.05967306691308923 -0.02471739354028123 0.02857142857142857
0.05967306691308923 -0.02471739354028123 0.03571428571428572
0.05967306691308923 -0.02471739354028123 0.04285714285714286
3 29 0 6
3247
3248
3249
3250
3251
3252
0.1307232035320701 0.05414732400279616 0.007142857142857143
0.1307232035320701 0.05414732400279616 0.01428571428571429
0.1307232035320701 0.05414732400279616 0.02142857142857143
0.1307232035320701 0.05414732400279616 0.02857142857142857
0.1307232035320701 0.05414732400279616 0.03571428571428572
0.1307232035320701 0.05414732400279616 0.04285714285714286
3 30 0 6
3253
3254
3255
3256
3257
3258
0.05414732369008315 0.1307232036616 0.007142857142857143
0.05414732369008315 0.1307232036616 0.01428571428571429
0.05414732369008315 0.1307232036616 0.02142857142857143
0.05414732369008315 0.1307232036616 0.02857142857142857
0.05414732369008315 0.1307232036616 0.03571428571428572
0.05414732369008315 0.1307232036616 0.04285714285714286
3 31 0 6
3259
3260
3261
3262
3263
3264
-0.05414732400279616 0.1307232035320701 0.007142857142857143
-0.05414732400279616 0.1307232035320701 0.01428571428571429
-0.05414732400279616 0.1307232035320701 0.02142857142857143
-0.05414732400279616 0.1307232035320701 0.02857142857142857
-0.05414732400279616 0.1307232035320701 0.03571428571428572
-0.05414732400279616 0.1307232035320701 0.04285714285714286
3 32 0 6
3265
3266
3267
3268
3269
3270
-0.1307232036616 0.05414732369008315 0.007142857142857143
-0.1307232036616 0.05414732369008315 0.01428571428571429
-0.1307232036616 0.05414732369008315 0.02142857142857143
-0.1307232036616 0.05414732369008315 0.02857142857142857
-0.1307232036616 0.05414732369008315 0.03571428571428572
-0.1307232036616 0.05414732369008315 0.04285714285714286
3 33 0 6
3271
3272
3273
3274
3275
3276
-0.1307232035320701 -0.05414732400279616 0.007142857142857143
-0.1307232035320701 -0.05414732400279616 0.01428571428571429
-0.1307232035320701 -0.05414732400279616 0.02142857142857143
-0.1307232035320701 -0.05414732400279616 0.02857142857142857
-0.1307232035320701 -0.05414732400279616 0.03571428571428572
-0.1307232035320701 -0.05414732400279616 0.04285714285714286
3 34 0 6
3277
3278
3279
3280
3281
3282
-0.05414732369008315 -0.1307232036616 0.007142857142857143
-0.05414732369008315 -0.1307232036616 0.01428571428571429
-0.05414732369008315 -0.1307232036616 0.02142857142857143
-0.05414732369008315 -0.1307232036616 0.02857142857142857
-0.05414732369008315 -0.1307232036616 0.03571428571428572
-0.05414732369008315 -0.1307232036616 0.04285714285714286
3 35 0 6
3283
3284
3285
3286
3287
3288
0.05414732400279616 -0.1307232035320701 0.007142857142857143
0.05414732400279616 -0.1307232035320701 0.01428571428571429
0.05414732400279616 -0.1307232035320701 0.02142857142857143
0.05414732400279616 -0.1307232035320701 0.02857142857142857
0.05414732400279616 -0.1307232035320701 0.03571428571428572
0.05414732400279616 -0.1307232035320701 0.04285714285714286
3 36 0 6
3289
3290
3291
3292
3293
3294
0.1307232036616 -0.05414732369008315 0.007142857142857143
0.1307232036616 -0.05414732369008315 0.01428571428571429
0.1307232036616 -0.05414732369008315 0.02142857142857143
0.1307232036616 -0.05414732369008315 0.02857142857142857
0.1307232036616 -0.05414732369008315 0.03571428571428572
0.1307232036616 -0.05414732369008315 0.04285714285714286
3 37 0 9
3295
3296
3297
3298
3299
3300
3301
3302
3303
0.0008867700000000755 0.000886769999997308 -0.06749999999999998
0.0008867700000000755 0.000886769999997308 -0.05999999999999998
0.0008867700000000755 0.000886769999997308 -0.05249999999999998
0.0008867700000000755 0.000886769999997308 -0.04499999999999998
0.0008867700000000755 0.000886769999997308 -0.03749999999999998
0.0008867700000000755 0.000886769999997308 -0.02999999999999999
0.0008867700000000755 0.000886769999997308 -0.02249999999999999
0.0008867700000000755 0.000886769999997308 -0.01499999999999999
0.0008867700000000755 0.000886769999997308 -0.007499999999999979
3 38 0 9
3304
3305
3306
3307
3308
3309
3310
3311
3312
-0.000886769999997308 0.0008867700000000755 -0.06749999999999998
-0.000886769999997308 0.0008867700000000755 -0.05999999999999998
-0.000886769999997308 0.0008867700000000755 -0.05249999999999998
-0.000886769999997308 0.0008867700000000755 -0.04499999999999998
-0.000886769999997308 0.0008867700000000755 -0.03749999999999998
-0.000886769999997308 0.0008867700000000755 -0.02999999999999999
-0.000886769999997308 0.0008867700000000755 -0.02249999999999999
-0.000886769999997308 0.0008867700000000755 -0.01499999999999999
-0.000886769999997308 0.0008867700000000755 -0.007499999999999979
3 39 0 9
3313
3314
3315
3316
3317
3318
3319
3320
3321
-0.0008867700000000755 -0.000886769999997308 -0.06749999999999998
-0.0008867700000000755 -0.000886769999997308 -0.05999999999999998
-0.0008867700000000755 -0.000886769999997308 -0.05249999999999998
-0.0008867700000000755 -0.000886769999997308 -0.04499999999999998
-0.0008867700000000755 -0.000886769999997308 -0.03749999999999998
-0.0008867700000000755 -0.000886769999997308 -0.02999999999999999
-0.0008867700000000755 -0.000886769999997308 -0.02249999999999999
-0.0008867700000000755 -0.000886769999997308 -0.01499999999999999
-0.0008867700000000755 -0.000886769999997308 -0.007499999999999979
3 40 0 9
3322
3323
3324
3325
3326
3327
3328
3329
3330
0.000886769999997308 -0.0008867700000000755 -0.06749999999999998
0.000886769999997308 -0.0008867700000000755 -0.05999999999999998
0.000886769999997308 -0.0008867700000000755 -0.05249999999999998
0.000886769999997308 -0.0008867700000000755 -0.04499999999999998
0.000886769999997308 -0.0008867700000000755 -0.03749999999999998
0.000886769999997308 -0.0008867700000000755 -0.02999999999999999
0.000886769999997308 -0.0008867700000000755 -0.02249999999999999
0.000886769999997308 -0.0008867700000000755 -0.01499999999999999
0.000886769999997308 -0.0008867700000000755 -0.007499999999999979
3 41 0 9
3331
3332
3333
3334
3335
3336
3337
3338
3339
0.002549753157843623 0.001074777179896051 -0.06749999999999998
0.002549753157843623 0.001074777179896051 -0.05999999999999998
0.002549753157843623 0.001074777179896051 -0.05249999999999998
0.002549753157843623 0.001074777179896051 -0.04499999999999998
0.002549753157843623 0.001074777179896051 -0.03749999999999998
0.002549753157843623 0.001074777179896051 -0.02999999999999999
0.002549753157843623 0.001074777179896051 -0.02249999999999999
0.002549753157843623 0.001074777179896051 -0.01499999999999999
0.002549753157843623 0.001074777179896051 -0.007499999999999979
3 42 0 9
3340
3341
3342
3343
3344
3345
3346
3347
3348
0.001074777176589161 0.002549753159213632 -0.06749999999999998
0.001074777176589161 0.002549753159213632 -0.05999999999999998
0.001074777176589161 0.002549753159213632 -0.05249999999999998
0.001074777176589161 0.002549753159213632 -0.04499999999999998
0.001074777176589161 0.002549753159213632 -0.03749999999999998
0.001074777176589161 0.002549753159213632 -0.02999999999999999
0.001074777176589161 0.002549753159213632 -0.02249999999999999
0.001074777176589161 0.002549753159213632 -0.01499999999999999
0.001074777176589161 0.002549753159213632 -0.007499999999999979
3 43 0 9
3349
3350
3351
3352
3353
3354
3355
3356
3357
-0.001074777179896051 0.002549753157843623 -0.06749999999999998
-0.001074777179896051 0.002549753157843623 -0.05999999999999998
-0.001074777179896051 0.002549753157843623 -0.05249999999999998
-0.001074777179896051 0.002549753157843623 -0.04499999999999998
-0.001074777179896051 0.002549753157843623 -0.03749999999999998
-0.001074777179896051 0.002549753157843623 -0.02999999999999999
-0.001074777179896051 0.002549753157843623 -0.02249999999999999
-0.001074777179896051 0.002549753157843623 -0.01499999999999999
-0.001074777179896051 0.002549753157843623 -0.007499999999999979
3 44 0 9
3358
3359
3360
3361
3362
3363
3364
3365
3366
-0.002549753159213632 0.001074777176589161 -0.06749999999999998
-0.002549753159213632 0.001074777176589161 -0.05999999999999998
-0.002549753159213632 0.001074777176589161 -0.05249999999999998
-0.002549753159213632 0.001074777176589161 -0.04499999999999998
-0.002549753159213632 0.001074777176589161 -0.03749999999999998
-0.002549753159213632 0.001074777176589161 -0.02999999999999999
-0.002549753159213632 0.001074777176589161 -0.02249999999999999
-0.002549753159213632 0.001074777176589161 -0.01499999999999999
-0.002549753159213632 0.001074777176589161 -0.007499999999999979
3 45 0 9
3367
3368
3369
3370
3371
3372
3373
3374
3375
-0.002549753157843623 -0.001074777179896051 -0.06749999999999998
-0.002549753157843623 -0.001074777179896051 -0.05999999999999998
-0.002549753157843623 -0.001074777179896051 -0.05249999999999998
-0.002549753157843623 -0.001074777179896051 -0.04499999999999998
-0.002549753157843623 -0.001074777179896051 -0.03749999999999998
-0.002549753157843623 -0.001074777179896051 -0.02999999999999999
-0.002549753157843623 -0.001074777179896051 -0.02249999999999999
-0.002549753157843623 -0.001074777179896051 -0.01499999999999999
-0.002549753157843623 -0.001074777179896051 -0.007499999999999979
3 46 0 9
3376
3377
3378
3379
3380
3381
3382
3383
3384
-0.001074777176589161 -0.002549753159213632 -0.06749999999999998
-0.001074777176589161 -0.002549753159213632 -0.05999999999999998
-0.001074777176589161 -0.002549753159213632 -0.05249999999999998
-0.001074777176589161 -0.002549753159213632 -0.04499999999999998
-0.001074777176589161 -0.002549753159213632 -0.03749999999999998
-0.001074777176589161 -0.002549753159213632 -0.02999999999999999
-0.001074777176589161 -0.002549753159213632 -0.02249999999999999
-0.001074777176589161 -0.002549753159213632 -0.01499999999999999
-0.001074777176589161 -0.002549753159213632 -0.007499999999999979
3 47 0 9
3385
3386
3387
3388
3389
3390
3391
3392
3393
0.001074777179896051 -0.002549753157843623 -0.06749999999999998
0.001074777179896051 -0.002549753157843623 -0.05999999999999998
0.001074777179896051 -0.002549753157843623 -0.05249999999999998
0.001074777179896051 -0.002549753157843623 -0.04499999999999998
0.001074777179896051 -0.002549753157843623 -0.03749999999999998
0.001074777179896051 -0.002549753157843623 -0.02999999999999999
0.001074777179896051 -0.002549753157843623 -0.02249999999999999
0.001074777179896051 -0.002549753157843623 -0.01499999999999999
0.001074777179896051 -0.002549753157843623 -0.007499999999999979
3 48 0 9
3394
3395
3396
3397
3398
3399
3400
3401
3402
0.002549753159213632 -0.001074777176589161 -0.06749999999999998
0.002549753159213632 -0.001074777176589161 -0.05999999999999998
0.002549753159213632 -0.001074777176589161 -0.05249999999999998
0.002549753159213632 -0.001074777176589161 -0.04499999999999998
0.002549753159213632 -0.001074777176589161 -0.03749999999999998
0.002549753159213632 -0.001074777176589161 -0.02999999999999999
0.002549753159213632 -0.001074777176589161 -0.02249999999999999
0.002549753159213632 -0.001074777176589161 -0.01499999999999999
0.002549753159213632 -0.001074777176589161 -0.007499999999999979
3 49 0 54
3403
3404
3405
3406
3407
3408
3409
3410
3411
3412
3413
3414
3415
3416
3417
3418
3419
3420
3421
3422
3423
3424
3425
3426
3427
3428
3429
3430
3431
3432
3433
3434
3435
3436
3437
3438
3439
3440
3441
3442
3443
3444
3445
3446
3447
3448
3449
3450
3451
3452
3453
3454
3455
3456
0.006839964138583579 0.002833205921188944 -0.0075
0.006839964138583579 0.002833205921188944 -0.015
0.006839964138583579 0.002833205921188944 -0.0225
0.006839964138583579 0.002833205921188944 -0.03
0.006839964138583579 0.002833205921188944 -0.0375
0.006839964138583579 0.002833205921188944 -0.045
0.006839964138583579 0.002833205921188944 -0.0525
0.006839964138583579 0.002833205921188944 -0.06
0.006839964138583579 0.002833205921188944 -0.0675
0.01049664385408821 0.004347852257754768 -0.0075
0.01049664385408821 0.004347852257754768 -0.015
0.01049664385408821 0.004347852257754768 -0.0225
0.01049664385408821 0.004347852257754768 -0.03
0.01049664385408821 0.004347852257754768 -0.0375
0.01049664385408821 0.004347852257754768 -0.045
0.01049664385408821 0.004347852257754768 -0.0525
0.01049664385408821 0.004347852257754768 -0.06
0.01049664385408821 0.004347852257754768 -0.0675
0.01616449722530001 0.006695554001633301 -0.0075
0.01616449722530001 0.006695554001633301 -0.015
0.01616449722530001 0.006695554001633301 -0.0225
0.01616449722530001 0.006695554001633301 -0.03
0.01616449722530001 0.006695554001633301 -0.0375
0.01616449722530001 0.006695554001633301 -0.045
0.01616449722530001 0.006695554001633301 -0.0525
0.01616449722530001 0.006695554001633301 -0.06
0.01616449722530001 0.006695554001633301 -0.0675
0.02494967023378342 0.01033449182191125 -0.0075
0.02494967023378342 0.01033449182191125 -0.015
0.02494967023378342 0.01033449182191125 -0.0225
0.02494967023378342 0.01033449182191125 -0.03
0.02494967023378342 0.01033449182191125 -0.0375
0.02494967023378342 0.01033449182191125 -0.045
0.02494967023378342 0.01033449182191125 -0.0525
0.02494967023378342 0.01033449182191125 -0.06
0.02494967023378342 0.01033449182191125 -0.0675
0.03856668860620147 0.01597484553002463 -0.0075
0.03856668860620147 0.01597484553002463 -0.015
0.03856668860620147 0.01597484553002463 -0.0225
0.03856668860620147 0.01597484553002463 -0.03
0.03856668860620147 0.01597484553002463 -0.0375
0.03856668860620147 0.01597484553002463 -0.045
0.03856668860620147 0.01597484553002463 -0.0525
0.03856668860620147 0.01597484553002463 -0.06
0.03856668860620147 0.01597484553002463 -0.0675
0.05967306685413274 0.02471739368261483 -0.0075
0.05967306685413274 0.02471739368261483 -0.015
0.05967306685413274 0.02471739368261483 -0.0225
0.05967306685413274 0.02471739368261483 -0.03
0.05967306685413274 0.02471739368261483 -0.0375
0.05967306685413274 0.02471739368261483 -0.045
0.05967306685413274 0.02471739368261483 -0.0525
0.05967306685413274 0.02471739368261483 -0.06
0.05967306685413274 0.02471739368261483 -0.0675
3 50 0 54
3457
3458
3459
3460
3461
3462
3463
3464
3465
3466
3467
3468
3469
3470
3471
3472
3473
3474
3475
3476
3477
3478
3479
3480
3481
3482
3483
3484
3485
3486
3487
3488
3489
3490
3491
3492
3493
3494
3495
3496
3497
3498
3499
3500
3501
3502
3503
3504
3505
3506
3507
3508
3509
3510
0.002833205905911539 0.006839964144911688 -0.0075
0.002833205905911539 0.006839964144911688 -0.015
0.002833205905911539 0.006839964144911688 -0.0225
0.002833205905911539 0.006839964144911688 -0.03
0.002833205905911539 0.006839964144911688 -0.0375
0.002833205905911539 0.006839964144911688 -0.045
0.002833205905911539 0.006839964144911688 -0.0525
0.002833205905911539 0.006839964144911688 -0.06
0.002833205905911539 0.006839964144911688 -0.0675
0.004347852233683562 0.01049664386405883 -0.0075
0.004347852233683562 0.01049664386405883 -0.015
0.004347852233683562 0.01049664386405883 -0.0225
0.004347852233683562 0.01049664386405883 -0.03
0.004347852233683562 0.01049664386405883 -0.0375
0.004347852233683562 0.01049664386405883 -0.045
0.004347852233683562 0.01049664386405883 -0.0525
0.004347852233683562 0.01049664386405883 -0.06
0.004347852233683562 0.01049664386405883 -0.0675
0.006695553963931705 0.01616449724091652 -0.0075
0.006695553963931705 0.01616449724091652 -0.015
0.006695553963931705 0.01616449724091652 -0.0225
0.006695553963931705 0.01616449724091652 -0.03
0.006695553963931705 0.01616449724091652 -0.0375
0.006695553963931705 0.01616449724091652 -0.045
0.006695553963931705 0.01616449724091652 -0.0525
0.006695553963931705 0.01616449724091652 -0.06
0.006695553963931705 0.01616449724091652 -0.0675
0.01033449176308255 0.02494967025815106 -0.0075
0.01033449176308255 0.02494967025815106 -0.015
0.01033449176308255 0.02494967025815106 -0.0225
0.01033449176308255 0.02494967025815106 -0.03
0.01033449176308255 0.02494967025815106 -0.0375
0.01033449176308255 0.02494967025815106 -0.045
0.01033449176308255 0.02494967025815106 -0.0525
0.01033449176308255 0.02494967025815106 -0.06
0.01033449176308255 0.02494967025815106 -0.0675
0.01597484543844891 0.03856668864413335 -0.0075
0.01597484543844891 0.03856668864413335 -0.015
0.01597484543844891 0.03856668864413335 -0.0225
0.01597484543844891 0.03856668864413335 -0.03
0.01597484543844891 0.03856668864413335 -0.0375
0.01597484543844891 0.03856668864413335 -0.045
0.01597484543844891 0.03856668864413335 -0.0525
0.01597484543844891 0.03856668864413335 -0.06
0.01597484543844891 0.03856668864413335 -0.0675
0.02471739354028123 0.05967306691308923 -0.0075
0.02471739354028123 0.05967306691308923 -0.015
0.02471739354028123 0.05967306691308923 -0.0225
0.02471739354028123 0.05967306691308923 -0.03
0.02471739354028123 0.05967306691308923 -0.0375
0.02471739354028123 0.05967306691308923 -0.045
0.02471739354028123 0.05967306691308923 -0.0525
0.02471739354028123 0.05967306691308923 -0.06
0.02471739354028123 0.05967306691308923 -0.0675
3 51 0 54
3511
3512
3513
3514
3515
3516
3517
3518
3519
3520
3521
3522
3523
3524
3525
3526
3527
3528
3529
3530
3531
3532
3533
3534
3535
3536
3537
3538
3539
3540
3541
3542
3543
3544
3545
3546
3547
3548
3549
3550
3551
3552
3553
3554
3555
3556
3557
3558
3559
3560
3561
3562
3563
3564
-0.002833205921188944 0.006839964138583579 -0.0075
-0.002833205921188944 0.006839964138583579 -0.015
-0.002833205921188944 0.006839964138583579 -0.0225
-0.002833205921188944 0.006839964138583579 -0.03
-0.002833205921188944 0.006839964138583579 -0.0375
-0.002833205921188944 0.006839964138583579 -0.045
-0.002833205921188944 0.006839964138583579 -0.0525
-0.002833205921188944 0.006839964138583579 -0.06
-0.002833205921188944 0.006839964138583579 -0.0675
-0.004347852257754768 0.01049664385408821 -0.0075
-0.004347852257754768 0.01049664385408821 -0.015
-0.004347852257754768 0.01049664385408821 -0.0225
-0.004347852257754768 0.01049664385408821 -0.03
-0.004347852257754768 0.01049664385408821 -0.0375
-0.004347852257754768 0.01049664385408821 -0.045
-0.004347852257754768 0.01049664385408821 -0.0525
-0.004347852257754768 0.01049664385408821 -0.06
-0.004347852257754768 0.01049664385408821 -0.0675
-0.006695554001633301 0.01616449722530001 -0.0075
-0.006695554001633301 0.01616449722530001 -0.015
-0.006695554001633301 0.01616449722530001 -0.0225
-0.006695554001633301 0.01616449722530001 -0.03
-0.006695554001633301 0.01616449722530001 -0.0375
-0.006695554001633301 0.01616449722530001 -0.045
-0.006695554001633301 0.01616449722530001 -0.0525
-0.006695554001633301 0.01616449722530001 -0.06
-0.006695554001633301 0.01616449722530001 -0.0675
-0.01033449182191125 0.02494967023378342 -0.0075
-0.01033449182191125 0.02494967023378342 -0.015
-0.01033449182191125 0.02494967023378342 -0.0225
-0.01033449182191125 0.02494967023378342 -0.03
-0.01033449182191125 0.02494967023378342 -0.0375
-0.01033449182191125 0.02494967023378342 -0.045
-0.01033449182191125 0.02494967023378342 -0.0525
-0.01033449182191125 0.02494967023378342 -0.06
-0.01033449182191125 0.02494967023378342 -0.0675
-0.01597484553002463 0.03856668860620147 -0.0075
-0.01597484553002463 0.03856668860620147 -0.015
-0.01597484553002463 0.03856668860620147 -0.0225
-0.01597484553002463 0.03856668860620147 -0.03
-0.01597484553002463 0.03856668860620147 -0.0375
-0.01597484553002463 0.03856668860620147 -0.045
-0.01597484553002463 0.03856668860620147 -0.0525
-0.01597484553002463 0.03856668860620147 -0.06
-0.01597484553002463 0.03856668860620147 -0.0675
-0.02471739368261483 0.05967306685413274 -0.0075
-0.02471739368261483 0.05967306685413274 -0.015
-0.02471739368261483 0.05967306685413274 -0.0225
-0.02471739368261483 0.05967306685413274 -0.03
-0.02471739368261483 0.05967306685413274 -0.0375
-0.02471739368261483 0.05967306685413274 -0.045
-0.02471739368261483 0.05967306685413274 -0.0525
-0.02471739368261483 0.05967306685413274 -0.06
-0.02471739368261483 0.05967306685413274 -0.0675
3 52 0 54
3565
3566
3567
3568
3569
3570
3571
3572
3573
3574
3575
3576
3577
3578
3579
3580
3581
3582
3583
3584
3585
3586
3587
3588
3589
3590
3591
3592
3593
3594
3595
3596
3597
3598
3599
3600
3601
3602
3603
3604
3605
3606
3607
3608
3609
3610
3611
3612
3613
3614
3615
3616
3617
3618
-0.006839964144911688 0.002833205905911539 -0.0075
-0.006839964144911688 0.002833205905911539 -0.015
-0.006839964144911688 0.002833205905911539 -0.0225
-0.006839964144911688 0.002833205905911539 -0.03
-0.006839964144911688 0.002833205905911539 -0.0375
-0.006839964144911688 0.002833205905911539 -0.045
-0.006839964144911688 0.002833205905911539 -0.0525
-0.006839964144911688 0.002833205905911539 -0.06
-0.006839964144911688 0.002833205905911539 -0.0675
-0.01049664386405883 0.004347852233683562 -0.0075
-0.01049664386405883 0.004347852233683562 -0.015
-0.01049664386405883 0.004347852233683562 -0.0225
-0.01049664386405883 0.004347852233683562 -0.03
-0.01049664386405883 0.004347852233683562 -0.0375
-0.01049664386405883 0.004347852233683562 -0.045
-0.01049664386405883 0.004347852233683562 -0.0525
-0.01049664386405883 0.004347852233683562 -0.06
-0.01049664386405883 0.004347852233683562 -0.0675
-0.01616449724091652 0.006695553963931705 -0.0075
-0.01616449724091652 0.006695553963931705 -0.015
-0.01616449724091652 0.006695553963931705 -0.0225
-0.01616449724091652 0.006695553963931705 -0.03
-0.01616449724091652 0.006695553963931705 -0.0375
-0.01616449724091652 0.006695553963931705 -0.045
-0.01616449724091652 0.006695553963931705 -0.0525
-0.01616449724091652 0.006695553963931705 -0.06
-0.01616449724091652 0.006695553963931705 -0.0675
-0.02494967025815106 0.01033449176308255 -0.0075
-0.02494967025815106 0.01033449176308255 -0.015
-0.02494967025815106 0.01033449176308255 -0.0225
-0.02494967025815106 0.01033449176308255 -0.03
-0.02494967025815106 0.01033449176308255 -0.0375
-0.02494967025815106 0.01033449176308255 -0.045
-0.02494967025815106 0.01033449176308255 -0.0525
-0.02494967025815106 0.01033449176308255 -0.06
-0.02494967025815106 0.01033449176308255 -0.0675
-0.03856668864413335 0.01597484543844891 -0.0075
-0.03856668864413335 0.01597484543844891 -0.015
-0.03856668864413335 0.01597484543844891 -0.0225
-0.03856668864413335 0.01597484543844891 -0.03
-0.03856668864413335 0.01597484543844891 -0.0375
-0.03856668864413335 0.01597484543844891 -0.045
-0.03856668864413335 0.01597484543844891 -0.0525
-0.03856668864413335 0.01597484543844891 -0.06
-0.03856668864413335 0.01597484543844891 -0.0675
-0.05967306691308923 0.02471739354028123 -0.0075
-0.05967306691308923 0.02471739354028123 -0.015
-0.05967306691308923 0.02471739354028123 -0.0225
-0.05967306691308923 0.02471739354028123 -0.03
-0.05967306691308923 0.02471739354028123 -0.0375
-0.05967306691308923 0.02471739354028123 -0.045
-0.05967306691308923 0.02471739354028123 -0.0525
-0.05967306691308923 0.02471739354028123 -0.06
-0.05967306691308923 0.02471739354028123 -0.0675
3 53 0 54
3619
3620
3621
3622
3623
3624
3625
3626
3627
3628
3629
3630
3631
3632
3633
3634
3635
3636
3637
3638
3639
3640
3641
3642
3643
3644
3645
3646
3647
3648
3649
3650
3651
3652
3653
3654
3655
3656
3657
3658
3659
3660
3661
3662
3663
3664
3665
3666
3667
3668
3669
3670
3671
3672
-0.006839964138583579 -0.002833205921188944 -0.0075
-0.006839964138583579 -0.002833205921188944 -0.015
-0.006839964138583579 -0.002833205921188944 -0.0225
-0.006839964138583579 -0.002833205921188944 -0.03
-0.006839964138583579 -0.002833205921188944 -0.0375
-0.006839964138583579 -0.002833205921188944 -0.045
-0.006839964138583579 -0.002833205921188944 -0.0525
-0.006839964138583579 -0.002833205921188944 -0.06
-0.006839964138583579 -0.002833205921188944 -0.0675
-0.01049664385408821 -0.004347852257754768 -0.0075
-0.01049664385408821 -0.004347852257754768 -0.015
-0.01049664385408821 -0.004347852257754768 -0.0225
-0.01049664385408821 -0.004347852257754768 -0.03
-0.01049664385408821 -0.004347852257754768 -0.0375
-0.01049664385408821 -0.004347852257754768 -0.045
-0.01049664385408821 -0.004347852257754768 -0.0525
-0.01049664385408821 -0.004347852257754768 -0.06
-0.01049664385408821 -0.004347852257754768 -0.0675
-0.01616449722530001 -0.006695554001633301 -0.0075
-0.01616449722530001 -0.006695554001633301 -0.015
-0.01616449722530001 -0.006695554001633301 -0.0225
-0.01616449722530001 -0.006695554001633301 -0.03
-0.01616449722530001 -0.006695554001633301 -0.0375
-0.01616449722530001 -0.006695554001633301 -0.045
-0.01616449722530001 -0.006695554001633301 -0.0525
-0.01616449722530001 -0.006695554001633301 -0.06
-0.01616449722530001 -0.006695554001633301 -0.0675
-0.02494967023378342 -0.01033449182191125 -0.0075
-0.02494967023378342 -0.01033449182191125 -0.015
-0.02494967023378342 -0.01033449182191125 -0.0225
-0.02494967023378342 -0.01033449182191125 -0.03
-0.02494967023378342 -0.01033449182191125 -0.0375
-0.02494967023378342 -0.01033449182191125 -0.045
-0.02494967023378342 -0.01033449182191125 -0.0525
-0.02494967023378342 -0.01033449182191125 -0.06
-0.02494967023378342 -0.01033449182191125 -0.0675
-0.03856668860620147 -0.01597484553002463 -0.0075
-0.03856668860620147 -0.01597484553002463 -0.015
-0.03856668860620147 -0.01597484553002463 -0.0225
-0.03856668860620147 -0.01597484553002463 -0.03
-0.03856668860620147 -0.01597484553002463 -0.0375
-0.03856668860620147 -0.01597484553002463 -0.045
-0.03856668860620147 -0.01597484553002463 -0.0525
-0.03856668860620147 -0.01597484553002463 -0.06
-0.03856668860620147 -0.01597484553002463 -0.0675
-0.05967306685413274 -0.02471739368261483 -0.0075
-0.05967306685413274 -0.02471739368261483 -0.015
-0.05967306685413274 -0.02471739368261483 -0.0225
-0.05967306685413274 -0.02471739368261483 -0.03
-0.05967306685413274 -0.02471739368261483 -0.0375
-0.05967306685413274 -0.02471739368261483 -0.045
-0.05967306685413274 -0.02471739368261483 -0.0525
-0.05967306685413274 -0.02471739368261483 -0.06
-0.05967306685413274 -0.02471739368261483 -0.0675
3 54 0 54
3673
3674
3675
3676
3677
3678
3679
3680
3681
3682
3683
3684
3685
3686
3687
3688
3689
3690
3691
3692
3693
3694
3695
3696
3697
3698
3699
3700
3701
3702
3703
3704
3705
3706
3707
3708
3709
3710
3711
3712
3713
3714
3715
3716
3717
3718
3719
3720
3721
3722
3723
3724
3725
3726
-0.002833205905911539 -0.006839964144911688 -0.0075
-0.002833205905911539 -0.006839964144911688 -0.015
-0.002833205905911539 -0.006839964144911688 -0.0225
-0.002833205905911539 -0.006839964144911688 -0.03
-0.002833205905911539 -0.006839964144911688 -0.0375
-0.002833205905911539 -0.006839964144911688 -0.045
-0.002833205905911539 -0.006839964144911688 -0.0525
-0.002833205905911539 -0.006839964144911688 -0.06
-0.002833205905911539 -0.006839964144911688 -0.0675
-0.004347852233683562 -0.01049664386405883 -0.0075
-0.004347852233683562 -0.01049664386405883 -0.015
-0.004347852233683562 -0.01049664386405883 -0.0225
-0.004347852233683562 -0.01049664386405883 -0.03
-0.004347852233683562 -0.01049664386405883 -0.0375
-0.004347852233683562 -0.01049664386405883 -0.045
-0.004347852233683562 -0.01049664386405883 -0.0525
-0.004347852233683562 -0.01049664386405883 -0.06
-0.004347852233683562 -0.01049664386405883 -0.0675
-0.006695553963931705 -0.01616449724091652 -0.0075
-0.006695553963931705 -0.01616449724091652 -0.015
-0.006695553963931705 -0.01616449724091652 -0.0225
-0.006695553963931705 -0.01616449724091652 -0.03
-0.006695553963931705 -0.01616449724091652 -0.0375
-0.006695553963931705 -0.01616449724091652 -0.045
-0.006695553963931705 -0.01616449724091652 -0.0525
-0.006695553963931705 -0.01616449724091652 -0.06
-0.006695553963931705 -0.01616449724091652 -0.0675
-0.01033449176308255 -0.02494967025815106 -0.0075
-0.01033449176308255 -0.02494967025815106 -0.015
-0.01033449176308255 -0.02494967025815106 -0.0225
-0.01033449176308255 -0.02494967025815106 -0.03
-0.01033449176308255 -0.02494967025815106 -0.0375
-0.01033449176308255 -0.02494967025815106 -0.045
-0.01033449176308255 -0.02494967025815106 -0.0525
-0.01033449176308255 -0.02494967025815106 -0.06
-0.01033449176308255 -0.02494967025815106 -0.0675
-0.01597484543844891 -0.03856668864413335 -0.0075
-0.01597484543844891 -0.03856668864413335 -0.015
-0.01597484543844891 -0.03856668864413335 -0.0225
-0.01597484543844891 -0.03856668864413335 -0.03
-0.01597484543844891 -0.03856668864413335 -0.0375
-0.01597484543844891 -0.03856668864413335 -0.045
-0.01597484543844891 -0.03856668864413335 -0.0525
-0.01597484543844891 -0.03856668864413335 -0.06
-0.01597484543844891 -0.03856668864413335 -0.0675
-0.02471739354028123 -0.05967306691308923 -0.0075
-0.02471739354028123 -0.05967306691308923 -0.015
-0.02471739354028123 -0.05967306691308923 -0.0225
-0.02471739354028123 -0.05967306691308923 -0.03
-0.02471739354028123 -0.05967306691308923 -0.0375
-0.02471739354028123 -0.05967306691308923 -0.045
-0.02471739354028123 -0.05967306691308923 -0.0525
-0.02471739354028123 -0.05967306691308923 -0.06
-0.02471739354028123 -0.05967306691308923 -0.0675
3 55 0 54
3727
3728
3729
3730
3731
3732
3733
3734
3735
3736
3737
3738
3739
3740
3741
3742
3743
3744
3745
3746
3747
3748
3749
3750
3751
3752
3753
3754
3755
3756
3757
3758
3759
3760
3761
3762
3763
3764
3765
3766
3767
3768
3769
3770
3771
3772
3773
3774
3775
3776
3777
3778
3779
3780
0.002833205921188944 -0.006839964138583579 -0.0075
0.002833205921188944 -0.006839964138583579 -0.015
0.002833205921188944 -0.006839964138583579 -0.0225
0.002833205921188944 -0.006839964138583579 -0.03
0.002833205921188944 -0.006839964138583579 -0.0375
0.002833205921188944 -0.006839964138583579 -0.045
0.002833205921188944 -0.006839964138583579 -0.0525
0.002833205921188944 -0.006839964138583579 -0.06
0.002833205921188944 -0.006839964138583579 -0.0675
0.004347852257754768 -0.01049664385408821 -0.0075
0.004347852257754768 -0.01049664385408821 -0.015
0.004347852257754768 -0.01049664385408821 -0.0225
0.004347852257754768 -0.01049664385408821 -0.03
0.004347852257754768 -0.01049664385408821 -0.0375
0.004347852257754768 -0.01049664385408821 -0.045
0.004347852257754768 -0.01049664385408821 -0.0525
0.004347852257754768 -0.01049664385408821 -0.06
0.004347852257754768 -0.01049664385408821 -0.0675
0.006695554001633301 -0.01616449722530001 -0.0075
0.006695554001633301 -0.01616449722530001 -0.015
0.006695554001633301 -0.01616449722530001 -0.0225
0.006695554001633301 -0.01616449722530001 -0.03
0.006695554001633301 -0.01616449722530001 -0.0375
0.006695554001633301 -0.01616449722530001 -0.045
0.006695554001633301 -0.01616449722530001 -0.0525
0.006695554001633301 -0.01616449722530001 -0.06
0.006695554001633301 -0.01616449722530001 -0.0675
0.01033449182191125 -0.02494967023378342 -0.0075
0.01033449182191125 -0.02494967023378342 -0.015
0.01033449182191125 -0.02494967023378342 -0.0225
0.01033449182191125 -0.02494967023378342 -0.03
0.01033449182191125 -0.02494967023378342 -0.0375
0.01033449182191125 -0.02494967023378342 -0.045
0.01033449182191125 -0.02494967023378342 -0.0525
0.01033449182191125 -0.02494967023378342 -0.06
0.01033449182191125 -0.02494967023378342 -0.0675
0.01597484553002463 -0.03856668860620147 -0.0075
0.01597484553002463 -0.03856668860620147 -0.015
0.01597484553002463 -0.03856668860620147 -0.0225
0.01597484553002463 -0.03856668860620147 -0.03
0.01597484553002463 -0.03856668860620147 -0.0375
0.01597484553002463 -0.03856668860620147 -0.045
0.01597484553002463 -0.03856668860620147 -0.0525
0.01597484553002463 -0.03856668860620147 -0.06
0.01597484553002463 -0.03856668860620147 -0.0675
0.02471739368261483 -0.05967306685413274 -0.0075
0.02471739368261483 -0.05967306685413274 -0.015
0.02471739368261483 -0.05967306685413274 -0.0225
0.02471739368261483 -0.05967306685413274 -0.03
0.02471739368261483 -0.05967306685413274 -0.0375
0.02471739368261483 -0.05967306685413274 -0.045
0.02471739368261483 -0.05967306685413274 -0.0525
0.02471739368261483 -0.05967306685413274 -0.06
0.02471739368261483 -0.05967306685413274 -0.0675
3 56 0 54
3781
3782
3783
3784
3785
3786
3787
3788
3789
3790
3791
3792
3793
3794
3795
3796
3797
3798
3799
3800
3801
3802
3803
3804
3805
3806
3807
3808
3809
3810
3811
3812
3813
3814
3815
3816
3817
3818
3819
3820
3821
3822
3823
3824
3825
3826
3827
3828
3829
3830
3831
3832
3833
3834
0.006839964144911688 -0.002833205905911539 -0.0075
0.006839964144911688 -0.002833205905911539 -0.015
0.006839964144911688 -0.002833205905911539 -0.0225
0.006839964144911688 -0.002833205905911539 -0.03
0.006839964144911688 -0.002833205905911539 -0.0375
0.006839964144911688 -0.002833205905911539 -0.045
0.006839964144911688 -0.002833205905911539 -0.0525
0.006839964144911688 -0.002833205905911539 -0.06
0.006839964144911688 -0.002833205905911539 -0.0675
0.01049664386405883 -0.004347852233683562 -0.0075
0.01049664386405883 -0.004347852233683562 -0.015
0.01049664386405883 -0.004347852233683562 -0.0225
0.01049664386405883 -0.004347852233683562 -0.03
0.01049664386405883 -0.004347852233683562 -0.0375
0.01049664386405883 -0.004347852233683562 -0.045
0.01049664386405883 -0.004347852233683562 -0.0525
0.01049664386405883 -0.004347852233683562 -0.06
0.01049664386405883 -0.004347852233683562 -0.0675
0.01616449724091652 -0.006695553963931705 -0.0075
0.01616449724091652 -0.006695553963931705 -0.015
0.01616449724091652 -0.006695553963931705 -0.0225
0.01616449724091652 -0.006695553963931705 -0.03
0.01616449724091652 -0.006695553963931705 -0.0375
0.01616449724091652 -0.006695553963931705 -0.045
0.01616449724091652 -0.006695553963931705 -0.0525
0.01616449724091652 -0.006695553963931705 -0.06
0.01616449724091652 -0.006695553963931705 -0.0675
0.02494967025815106 -0.01033449176308255 -0.0075
0.02494967025815106 -0.01033449176308255 -0.015
0.02494967025815106 -0.01033449176308255 -0.0225
0.02494967025815106 -0.01033449176308255 -0.03
0.02494967025815106 -0.01033449176308255 -0.0375
0.02494967025815106 -0.01033449176308255 -0.045
0.02494967025815106 -0.01033449176308255 -0.0525
0.02494967025815106 -0.01033449176308255 -0.06
0.02494967025815106 -0.01033449176308255 -0.0675
0.03856668864413335 -0.01597484543844891 -0.0075
0.03856668864413335 -0.01597484543844891 -0.015
0.03856668864413335 -0.01597484543844891 -0.0225
0.03856668864413335 -0.01597484543844891 -0.03
0.03856668864413335 -0.01597484543844891 -0.0375
0.03856668864413335 -0.01597484543844891 -0.045
0.03856668864413335 -0.01597484543844891 -0.0525
0.03856668864413335 -0.01597484543844891 -0.06
0.03856668864413335 -0.01597484543844891 -0.0675
0.05967306691308923 -0.02471739354028123 -0.0075
0.05967306691308923 -0.02471739354028123 -0.015
0.05967306691308923 -0.02471739354028123 -0.0225
0.05967306691308923 -0.02471739354028123 -0.03
0.05967306691308923 -0.02471739354028123 -0.0375
0.05967306691308923 -0.02471739354028123 -0.045
0.05967306691308923 -0.02471739354028123 -0.0525
0.05967306691308923 -0.02471739354028123 -0.06
0.05967306691308923 -0.02471739354028123 -0.0675
3 57 0 9
3835
3836
3837
3838
3839
3840
3841
3842
3843
0.1307232035320701 0.05414732400279616 -0.0075
0.1307232035320701 0.05414732400279616 -0.015
0.1307232035320701 0.05414732400279616 -0.0225
0.1307232035320701 0.05414732400279616 -0.03
0.1307232035320701 0.05414732400279616 -0.0375
0.1307232035320701 0.05414732400279616 -0.045
0.1307232035320701 0.05414732400279616 -0.0525
0.1307232035320701 0.05414732400279616 -0.06
0.1307232035320701 0.05414732400279616 -0.0675
3 58 0 9
3844
3845
3846
3847
3848
3849
3850
3851
3852
0.05414732369008315 0.1307232036616 -0.0075
0.05414732369008315 0.1307232036616 -0.015
0.05414732369008315 0.1307232036616 -0.0225
0.05414732369008315 0.1307232036616 -0.03
0.05414732369008315 0.1307232036616 -0.0375
0.05414732369008315 0.1307232036616 -0.045
0.05414732369008315 0.1307232036616 -0.0525
0.05414732369008315 0.1307232036616 -0.06
0.05414732369008315 0.1307232036616 -0.0675
3 59 0 9
3853
3854
3855
3856
3857
3858
3859
3860
3861
-0.05414732400279616 0.1307232035320701 -0.0075
-0.05414732400279616 0.1307232035320701 -0.015
-0.05414732400279616 0.1307232035320701 -0.0225
-0.05414732400279616 0.1307232035320701 -0.03
-0.05414732400279616 0.1307232035320701 -0.0375
-0.05414732400279616 0.1307232035320701 -0.045
-0.05414732400279616 0.1307232035320701 -0.0525
-0.05414732400279616 0.1307232035320701 -0.06
-0.05414732400279616 0.1307232035320701 -0.0675
3 60 0 9
3862
3863
3864
3865
3866
3867
3868
3869
3870
-0.1307232036616 0.05414732369008315 -0.0075
-0.1307232036616 0.05414732369008315 -0.015
-0.1307232036616 0.05414732369008315 -0.0225
-0.1307232036616 0.05414732369008315 -0.03
-0.1307232036616 0.05414732369008315 -0.0375
-0.1307232036616 0.05414732369008315 -0.045
-0.1307232036616 0.05414732369008315 -0.0525
-0.1307232036616 0.05414732369008315 -0.06
-0.1307232036616 0.05414732369008315 -0.0675
3 61 0 9
3871
3872
3873
3874
3875
3876
3877
3878
3879
-0.1307232035320701 -0.05414732400279616 -0.0075
-0.1307232035320701 -0.05414732400279616 -0.015
-0.1307232035320701 -0.05414732400279616 -0.0225
-0.1307232035320701 -0.05414732400279616 -0.03
-0.1307232035320701 -0.05414732400279616 -0.0375
-0.1307232035320701 -0.05414732400279616 -0.045
-0.1307232035320701 -0.05414732400279616 -0.0525
-0.1307232035320701 -0.05414732400279616 -0.06
-0.1307232035320701 -0.05414732400279616 -0.0675
3 62 0 9
3880
3881
3882
3883
3884
3885
3886
3887
3888
-0.05414732369008315 -0.1307232036616 -0.0075
-0.05414732369008315 -0.1307232036616 -0.015
-0.05414732369008315 -0.1307232036616 -0.0225
-0.05414732369008315 -0.1307232036616 -0.03
-0.05414732369008315 -0.1307232036616 -0.0375
-0.05414732369008315 -0.1307232036616 -0.045
-0.05414732369008315 -0.1307232036616 -0.0525
-0.05414732369008315 -0.1307232036616 -0.06
-0.05414732369008315 -0.1307232036616 -0.0675
3 63 0 9
3889
3890
3891
3892
3893
3894
3895
3896
3897
0.05414732400279616 -0.1307232035320701 -0.0075
0.05414732400279616 -0.1307232035320701 -0.015
0.05414732400279616 -0.1307232035320701 -0.0225
0.05414732400279616 -0.1307232035320701 -0.03
0.05414732400279616 -0.1307232035320701 -0.0375
0.05414732400279616 -0.1307232035320701 -0.045
0.05414732400279616 -0.1307232035320701 -0.0525
0.05414732400279616 -0.1307232035320701 -0.06
0.05414732400279616 -0.1307232035320701 -0.0675
3 64 0 9
3898
3899
3900
3901
3902
3903
3904
3905
3906
0.1307232036616 -0.05414732369008315 -0.0075
0.1307232036616 -0.05414732369008315 -0.015
0.1307232036616 -0.05414732369008315 -0.0225
0.1307232036616 -0.05414732369008315 -0.03
0.1307232036616 -0.05414732369008315 -0.0375
0.1307232036616 -0.05414732369008315 -0.045
0.1307232036616 -0.05414732369008315 -0.0525
0.1307232036616 -0.05414732369008315 -0.06
0.1307232036616 -0.05414732369008315 -0.0675
$EndNodes
$Elements
168 4384 1 4384
2 13 3 2
1 2 124 152 18 
2 124 3 19 152 
2 14 3 2
3 3 125 153 19 
4 125 4 20 153 
2 15 3 2
5 4 126 154 20 
6 126 5 21 154 
2 16 3 2
7 5 127 155 21 
8 127 6 22 155 
2 17 3 2
9 6 128 156 22 
10 128 7 23 156 
2 18 3 2
11 7 129 157 23 
12 129 8 24 157 
2 19 3 2
13 8 130 158 24 
14 130 9 25 158 
2 20 3 2
15 9 131 159 25 
16 131 2 18 159 
2 41 3 4
17 42 256 1131 257 
18 257 1131 249 52 
19 256 51 248 1131 
20 1131 248 55 249 
2 42 3 4
21 42 257 1132 258 
22 258 1132 251 53 
23 257 52 250 1132 
24 1132 250 56 251 
2 43 3 4
25 42 258 1133 259 
26 259 1133 253 54 
27 258 53 252 1133 
28 1133 252 57 253 
2 44 3 4
29 42 259 1134 256 
30 256 1134 255 51 
31 259 54 254 1134 
32 1134 254 58 255 
2 45 3 4
33 43 232 1135 240 
34 240 1135 248 51 
35 232 44 241 1135 
36 1135 241 55 248 
2 46 3 4
37 44 233 1136 241 
38 241 1136 249 55 
39 233 45 242 1136 
40 1136 242 52 249 
2 47 3 4
41 45 234 1137 242 
42 242 1137 250 52 
43 234 46 243 1137 
44 1137 243 56 250 
2 48 3 4
45 46 235 1138 243 
46 243 1138 251 56 
47 235 47 244 1138 
48 1138 244 53 251 
2 49 3 4
49 47 236 1139 244 
50 244 1139 252 53 
51 236 48 245 1139 
52 1139 245 57 252 
2 50 3 4
53 48 237 1140 245 
54 245 1140 253 57 
55 237 49 246 1140 
56 1140 246 54 253 
2 51 3 4
57 49 238 1141 246 
58 246 1141 254 54 
59 238 50 247 1141 
60 1141 247 58 254 
2 52 3 4
61 50 239 1142 247 
62 247 1142 255 58 
63 239 43 240 1142 
64 1142 240 51 255 
2 355 3 4
65 59 260 1167 263 
66 263 1167 262 62 
67 260 60 261 1167 
68 1167 261 61 262 
2 377 3 4
69 59 263 1186 290 
70 290 1186 289 64 
71 263 62 288 1186 
72 1186 288 63 289 
2 399 3 4
73 59 290 1205 305 
74 305 1205 304 66 
75 290 64 303 1205 
76 1205 303 65 304 
2 421 3 4
77 59 305 1218 260 
78 260 1218 319 60 
79 305 66 318 1218 
80 1218 318 67 319 
2 443 3 4
81 68 326 1237 328 
82 328 1237 261 60 
83 326 69 327 1237 
84 1237 327 61 261 
2 465 3 4
85 69 341 1250 327 
86 327 1250 262 61 
87 341 70 342 1250 
88 1250 342 62 262 
2 487 3 4
89 70 349 1263 342 
90 342 1263 288 62 
91 349 71 350 1263 
92 1263 350 63 288 
2 509 3 4
93 71 357 1276 350 
94 350 1276 289 63 
95 357 72 358 1276 
96 1276 358 64 289 
2 531 3 4
97 72 365 1289 358 
98 358 1289 303 64 
99 365 73 366 1289 
100 1289 366 65 303 
2 553 3 4
101 73 373 1302 366 
102 366 1302 304 65 
103 373 74 374 1302 
104 1302 374 66 304 
2 575 3 4
105 74 381 1315 374 
106 374 1315 318 66 
107 381 75 382 1315 
108 1315 382 67 318 
2 597 3 4
109 75 389 1322 382 
110 382 1322 319 67 
111 389 68 328 1322 
112 1322 328 60 319 
2 619 3 2
113 68 326 390 77 
114 326 69 76 390 
2 641 3 2
115 69 341 403 76 
116 341 70 78 403 
2 663 3 2
117 70 349 410 78 
118 349 71 79 410 
2 685 3 2
119 71 357 417 79 
120 357 72 80 417 
2 707 3 2
121 72 365 424 80 
122 365 73 81 424 
2 729 3 2
123 73 373 431 81 
124 373 74 82 431 
2 751 3 2
125 74 381 438 82 
126 381 75 83 438 
2 773 3 2
127 75 389 445 83 
128 389 68 77 445 
2 795 3 14
129 77 390 1449 458 
130 458 1449 1450 457 
131 457 1450 1451 456 
132 456 1451 1452 455 
133 455 1452 1453 454 
134 454 1453 1454 453 
135 453 1454 452 85 
136 390 76 446 1449 
137 1449 446 447 1450 
138 1450 447 448 1451 
139 1451 448 449 1452 
140 1452 449 450 1453 
141 1453 450 451 1454 
142 1454 451 84 452 
2 817 3 14
143 76 403 1497 446 
144 446 1497 1498 447 
145 447 1498 1499 448 
146 448 1499 1500 449 
147 449 1500 1501 450 
148 450 1501 1502 451 
149 451 1502 477 84 
150 403 78 471 1497 
151 1497 471 472 1498 
152 1498 472 473 1499 
153 1499 473 474 1500 
154 1500 474 475 1501 
155 1501 475 476 1502 
156 1502 476 86 477 
2 839 3 14
157 78 410 1545 471 
158 471 1545 1546 472 
159 472 1546 1547 473 
160 473 1547 1548 474 
161 474 1548 1549 475 
162 475 1549 1550 476 
163 476 1550 490 86 
164 410 79 484 1545 
165 1545 484 485 1546 
166 1546 485 486 1547 
167 1547 486 487 1548 
168 1548 487 488 1549 
169 1549 488 489 1550 
170 1550 489 87 490 
2 861 3 14
171 79 417 1593 484 
172 484 1593 1594 485 
173 485 1594 1595 486 
174 486 1595 1596 487 
175 487 1596 1597 488 
176 488 1597 1598 489 
177 489 1598 503 87 
178 417 80 497 1593 
179 1593 497 498 1594 
180 1594 498 499 1595 
181 1595 499 500 1596 
182 1596 500 501 1597 
183 1597 501 502 1598 
184 1598 502 88 503 
2 883 3 14
185 80 424 1641 497 
186 497 1641 1642 498 
187 498 1642 1643 499 
188 499 1643 1644 500 
189 500 1644 1645 501 
190 501 1645 1646 502 
191 502 1646 516 88 
192 424 81 510 1641 
193 1641 510 511 1642 
194 1642 511 512 1643 
195 1643 512 513 1644 
196 1644 513 514 1645 
197 1645 514 515 1646 
198 1646 515 89 516 
2 905 3 14
199 81 431 1689 510 
200 510 1689 1690 511 
201 511 1690 1691 512 
202 512 1691 1692 513 
203 513 1692 1693 514 
204 514 1693 1694 515 
205 515 1694 529 89 
206 431 82 523 1689 
207 1689 523 524 1690 
208 1690 524 525 1691 
209 1691 525 526 1692 
210 1692 526 527 1693 
211 1693 527 528 1694 
212 1694 528 90 529 
2 927 3 14
213 82 438 1737 523 
214 523 1737 1738 524 
215 524 1738 1739 525 
216 525 1739 1740 526 
217 526 1740 1741 527 
218 527 1741 1742 528 
219 528 1742 542 90 
220 438 83 536 1737 
221 1737 536 537 1738 
222 1738 537 538 1739 
223 1739 538 539 1740 
224 1740 539 540 1741 
225 1741 540 541 1742 
226 1742 541 91 542 
2 949 3 14
227 83 445 1749 536 
228 536 1749 1750 537 
229 537 1750 1751 538 
230 538 1751 1752 539 
231 539 1752 1753 540 
232 540 1753 1754 541 
233 541 1754 549 91 
234 445 77 458 1749 
235 1749 458 457 1750 
236 1750 457 456 1751 
237 1751 456 455 1752 
238 1752 455 454 1753 
239 1753 454 453 1754 
240 1754 453 85 549 
2 966 3 14
241 34 559 1761 216 
242 559 560 1762 1761 
243 560 561 1763 1762 
244 561 562 1764 1763 
245 562 563 1765 1764 
246 563 564 1766 1765 
247 564 93 551 1766 
248 216 1761 553 35 
249 1761 1762 554 553 
250 1762 1763 555 554 
251 1763 1764 556 555 
252 1764 1765 557 556 
253 1765 1766 558 557 
254 1766 551 92 558 
2 971 3 4
255 85 452 1773 552 
256 552 1773 551 93 
257 452 84 550 1773 
258 1773 550 92 551 
2 988 3 14
259 35 553 1780 217 
260 553 554 1781 1780 
261 554 555 1782 1781 
262 555 556 1783 1782 
263 556 557 1784 1783 
264 557 558 1785 1784 
265 558 92 566 1785 
266 217 1780 567 36 
267 1780 1781 568 567 
268 1781 1782 569 568 
269 1782 1783 570 569 
270 1783 1784 571 570 
271 1784 1785 572 571 
272 1785 566 94 572 
2 993 3 4
273 84 477 1786 550 
274 550 1786 566 92 
275 477 86 565 1786 
276 1786 565 94 566 
2 1010 3 14
277 36 567 1793 218 
278 567 568 1794 1793 
279 568 569 1795 1794 
280 569 570 1796 1795 
281 570 571 1797 1796 
282 571 572 1798 1797 
283 572 94 574 1798 
284 218 1793 575 37 
285 1793 1794 576 575 
286 1794 1795 577 576 
287 1795 1796 578 577 
288 1796 1797 579 578 
289 1797 1798 580 579 
290 1798 574 95 580 
2 1015 3 4
291 86 490 1799 565 
292 565 1799 574 94 
293 490 87 573 1799 
294 1799 573 95 574 
2 1032 3 14
295 37 575 1806 219 
296 575 576 1807 1806 
297 576 577 1808 1807 
298 577 578 1809 1808 
299 578 579 1810 1809 
300 579 580 1811 1810 
301 580 95 582 1811 
302 219 1806 583 38 
303 1806 1807 584 583 
304 1807 1808 585 584 
305 1808 1809 586 585 
306 1809 1810 587 586 
307 1810 1811 588 587 
308 1811 582 96 588 
2 1037 3 4
309 87 503 1812 573 
310 573 1812 582 95 
311 503 88 581 1812 
312 1812 581 96 582 
2 1054 3 14
313 38 583 1819 220 
314 583 584 1820 1819 
315 584 585 1821 1820 
316 585 586 1822 1821 
317 586 587 1823 1822 
318 587 588 1824 1823 
319 588 96 590 1824 
320 220 1819 591 39 
321 1819 1820 592 591 
322 1820 1821 593 592 
323 1821 1822 594 593 
324 1822 1823 595 594 
325 1823 1824 596 595 
326 1824 590 97 596 
2 1059 3 4
327 88 516 1825 581 
328 581 1825 590 96 
329 516 89 589 1825 
330 1825 589 97 590 
2 1076 3 14
331 39 591 1832 221 
332 591 592 1833 1832 
333 592 593 1834 1833 
334 593 594 1835 1834 
335 594 595 1836 1835 
336 595 596 1837 1836 
337 596 97 598 1837 
338 221 1832 599 40 
339 1832 1833 600 599 
340 1833 1834 601 600 
341 1834 1835 602 601 
342 1835 1836 603 602 
343 1836 1837 604 603 
344 1837 598 98 604 
2 1081 3 4
345 89 529 1838 589 
346 589 1838 598 97 
347 529 90 597 1838 
348 1838 597 98 598 
2 1098 3 14
349 40 599 1845 222 
350 599 600 1846 1845 
351 600 601 1847 1846 
352 601 602 1848 1847 
353 602 603 1849 1848 
354 603 604 1850 1849 
355 604 98 606 1850 
356 222 1845 607 41 
357 1845 1846 608 607 
358 1846 1847 609 608 
359 1847 1848 610 609 
360 1848 1849 611 610 
361 1849 1850 612 611 
362 1850 606 99 612 
2 1103 3 4
363 90 542 1851 597 
364 597 1851 606 98 
365 542 91 605 1851 
366 1851 605 99 606 
2 1120 3 14
367 41 607 1852 223 
368 607 608 1853 1852 
369 608 609 1854 1853 
370 609 610 1855 1854 
371 610 611 1856 1855 
372 611 612 1857 1856 
373 612 99 613 1857 
374 223 1852 559 34 
375 1852 1853 560 559 
376 1853 1854 561 560 
377 1854 1855 562 561 
378 1855 1856 563 562 
379 1856 1857 564 563 
380 1857 613 93 564 
2 1125 3 4
381 91 549 1858 605 
382 605 1858 613 99 
383 549 85 552 1858 
384 1858 552 93 613 
2 1214 3 20
385 43 232 1967 695 
386 695 1967 1968 696 
387 696 1968 1969 697 
388 697 1969 1970 698 
389 698 1970 1971 699 
390 699 1971 1972 700 
391 700 1972 1973 701 
392 701 1973 1974 702 
393 702 1974 1975 703 
394 703 1975 124 2 
395 232 44 704 1967 
396 1967 704 705 1968 
397 1968 705 706 1969 
398 1969 706 707 1970 
399 1970 707 708 1971 
400 1971 708 709 1972 
401 1972 709 710 1973 
402 1973 710 711 1974 
403 1974 711 712 1975 
404 1975 712 3 124 
2 1235 3 20
405 44 233 1994 704 
406 704 1994 1995 705 
407 705 1995 1996 706 
408 706 1996 1997 707 
409 707 1997 1998 708 
410 708 1998 1999 709 
411 709 1999 2000 710 
412 710 2000 2001 711 
413 711 2001 2002 712 
414 712 2002 125 3 
415 233 45 713 1994 
416 1994 713 714 1995 
417 1995 714 715 1996 
418 1996 715 716 1997 
419 1997 716 717 1998 
420 1998 717 718 1999 
421 1999 718 719 2000 
422 2000 719 720 2001 
423 2001 720 721 2002 
424 2002 721 4 125 
2 1248 3 20
425 45 234 2012 713 
426 713 2012 2013 714 
427 714 2013 2014 715 
428 715 2014 2015 716 
429 716 2015 2016 717 
430 717 2016 2017 718 
431 718 2017 2018 719 
432 719 2018 2019 720 
433 720 2019 2020 721 
434 721 2020 126 4 
435 234 46 722 2012 
436 2012 722 723 2013 
437 2013 723 724 2014 
438 2014 724 725 2015 
439 2015 725 726 2016 
440 2016 726 727 2017 
441 2017 727 728 2018 
442 2018 728 729 2019 
443 2019 729 730 2020 
444 2020 730 5 126 
2 1261 3 20
445 46 235 2030 722 
446 722 2030 2031 723 
447 723 2031 2032 724 
448 724 2032 2033 725 
449 725 2033 2034 726 
450 726 2034 2035 727 
451 727 2035 2036 728 
452 728 2036 2037 729 
453 729 2037 2038 730 
454 730 2038 127 5 
455 235 47 731 2030 
456 2030 731 732 2031 
457 2031 732 733 2032 
458 2032 733 734 2033 
459 2033 734 735 2034 
460 2034 735 736 2035 
461 2035 736 737 2036 
462 2036 737 738 2037 
463 2037 738 739 2038 
464 2038 739 6 127 
2 1274 3 20
465 47 236 2048 731 
466 731 2048 2049 732 
467 732 2049 2050 733 
468 733 2050 2051 734 
469 734 2051 2052 735 
470 735 2052 2053 736 
471 736 2053 2054 737 
472 737 2054 2055 738 
473 738 2055 2056 739 
474 739 2056 128 6 
475 236 48 740 2048 
476 2048 740 741 2049 
477 2049 741 742 2050 
478 2050 742 743 2051 
479 2051 743 744 2052 
480 2052 744 745 2053 
481 2053 745 746 2054 
482 2054 746 747 2055 
483 2055 747 748 2056 
484 2056 748 7 128 
2 1287 3 20
485 48 237 2066 740 
486 740 2066 2067 741 
487 741 2067 2068 742 
488 742 2068 2069 743 
489 743 2069 2070 744 
490 744 2070 2071 745 
491 745 2071 2072 746 
492 746 2072 2073 747 
493 747 2073 2074 748 
494 748 2074 129 7 
495 237 49 749 2066 
496 2066 749 750 2067 
497 2067 750 751 2068 
498 2068 751 752 2069 
499 2069 752 753 2070 
500 2070 753 754 2071 
501 2071 754 755 2072 
502 2072 755 756 2073 
503 2073 756 757 2074 
504 2074 757 8 129 
2 1300 3 20
505 49 238 2084 749 
506 749 2084 2085 750 
507 750 2085 2086 751 
508 751 2086 2087 752 
509 752 2087 2088 753 
510 753 2088 2089 754 
511 754 2089 2090 755 
512 755 2090 2091 756 
513 756 2091 2092 757 
514 757 2092 130 8 
515 238 50 758 2084 
516 2084 758 759 2085 
517 2085 759 760 2086 
518 2086 760 761 2087 
519 2087 761 762 2088 
520 2088 762 763 2089 
521 2089 763 764 2090 
522 2090 764 765 2091 
523 2091 765 766 2092 
524 2092 766 9 130 
2 1313 3 20
525 50 239 2102 758 
526 758 2102 2103 759 
527 759 2103 2104 760 
528 760 2104 2105 761 
529 761 2105 2106 762 
530 762 2106 2107 763 
531 763 2107 2108 764 
532 764 2108 2109 765 
533 765 2109 2110 766 
534 766 2110 131 9 
535 239 43 695 2102 
536 2102 695 696 2103 
537 2103 696 697 2104 
538 2104 697 698 2105 
539 2105 698 699 2106 
540 2106 699 700 2107 
541 2107 700 701 2108 
542 2108 701 702 2109 
543 2109 702 703 2110 
544 2110 703 2 131 
2 1322 3 20
545 18 152 2111 781 
546 781 2111 2112 782 
547 782 2112 2113 783 
548 783 2113 2114 784 
549 784 2114 2115 785 
550 785 2115 2116 786 
551 786 2116 2117 787 
552 787 2117 2118 788 
553 788 2118 2119 789 
554 789 2119 767 100 
555 152 19 790 2111 
556 2111 790 791 2112 
557 2112 791 792 2113 
558 2113 792 793 2114 
559 2114 793 794 2115 
560 2115 794 795 2116 
561 2116 795 796 2117 
562 2117 796 797 2118 
563 2118 797 798 2119 
564 2119 798 101 767 
2 1335 3 14
565 100 767 2237 780 
566 780 2237 2238 779 
567 779 2238 2239 778 
568 778 2239 2240 777 
569 777 2240 2241 776 
570 776 2241 2242 775 
571 775 2242 774 103 
572 767 101 768 2237 
573 2237 768 769 2238 
574 2238 769 770 2239 
575 2239 770 771 2240 
576 2240 771 772 2241 
577 2241 772 773 2242 
578 2242 773 102 774 
2 1344 3 20
579 19 153 2243 790 
580 790 2243 2244 791 
581 791 2244 2245 792 
582 792 2245 2246 793 
583 793 2246 2247 794 
584 794 2247 2248 795 
585 795 2248 2249 796 
586 796 2249 2250 797 
587 797 2250 2251 798 
588 798 2251 817 101 
589 153 20 825 2243 
590 2243 825 826 2244 
591 2244 826 827 2245 
592 2245 827 828 2246 
593 2246 828 829 2247 
594 2247 829 830 2248 
595 2248 830 831 2249 
596 2249 831 832 2250 
597 2250 832 833 2251 
598 2251 833 104 817 
2 1357 3 14
599 101 817 2315 768 
600 768 2315 2316 769 
601 769 2316 2317 770 
602 770 2317 2318 771 
603 771 2318 2319 772 
604 772 2319 2320 773 
605 773 2320 824 102 
606 817 104 818 2315 
607 2315 818 819 2316 
608 2316 819 820 2317 
609 2317 820 821 2318 
610 2318 821 822 2319 
611 2319 822 823 2320 
612 2320 823 105 824 
2 1366 3 20
613 20 154 2321 825 
614 825 2321 2322 826 
615 826 2322 2323 827 
616 827 2323 2324 828 
617 828 2324 2325 829 
618 829 2325 2326 830 
619 830 2326 2327 831 
620 831 2327 2328 832 
621 832 2328 2329 833 
622 833 2329 843 104 
623 154 21 851 2321 
624 2321 851 852 2322 
625 2322 852 853 2323 
626 2323 853 854 2324 
627 2324 854 855 2325 
628 2325 855 856 2326 
629 2326 856 857 2327 
630 2327 857 858 2328 
631 2328 858 859 2329 
632 2329 859 106 843 
2 1379 3 14
633 104 843 2393 818 
634 818 2393 2394 819 
635 819 2394 2395 820 
636 820 2395 2396 821 
637 821 2396 2397 822 
638 822 2397 2398 823 
639 823 2398 850 105 
640 843 106 844 2393 
641 2393 844 845 2394 
642 2394 845 846 2395 
643 2395 846 847 2396 
644 2396 847 848 2397 
645 2397 848 849 2398 
646 2398 849 107 850 
2 1388 3 20
647 21 155 2399 851 
648 851 2399 2400 852 
649 852 2400 2401 853 
650 853 2401 2402 854 
651 854 2402 2403 855 
652 855 2403 2404 856 
653 856 2404 2405 857 
654 857 2405 2406 858 
655 858 2406 2407 859 
656 859 2407 869 106 
657 155 22 877 2399 
658 2399 877 878 2400 
659 2400 878 879 2401 
660 2401 879 880 2402 
661 2402 880 881 2403 
662 2403 881 882 2404 
663 2404 882 883 2405 
664 2405 883 884 2406 
665 2406 884 885 2407 
666 2407 885 108 869 
2 1401 3 14
667 106 869 2471 844 
668 844 2471 2472 845 
669 845 2472 2473 846 
670 846 2473 2474 847 
671 847 2474 2475 848 
672 848 2475 2476 849 
673 849 2476 876 107 
674 869 108 870 2471 
675 2471 870 871 2472 
676 2472 871 872 2473 
677 2473 872 873 2474 
678 2474 873 874 2475 
679 2475 874 875 2476 
680 2476 875 109 876 
2 1410 3 20
681 22 156 2477 877 
682 877 2477 2478 878 
683 878 2478 2479 879 
684 879 2479 2480 880 
685 880 2480 2481 881 
686 881 2481 2482 882 
687 882 2482 2483 883 
688 883 2483 2484 884 
689 884 2484 2485 885 
690 885 2485 895 108 
691 156 23 903 2477 
692 2477 903 904 2478 
693 2478 904 905 2479 
694 2479 905 906 2480 
695 2480 906 907 2481 
696 2481 907 908 2482 
697 2482 908 909 2483 
698 2483 909 910 2484 
699 2484 910 911 2485 
700 2485 911 110 895 
2 1423 3 14
701 108 895 2549 870 
702 870 2549 2550 871 
703 871 2550 2551 872 
704 872 2551 2552 873 
705 873 2552 2553 874 
706 874 2553 2554 875 
707 875 2554 902 109 
708 895 110 896 2549 
709 2549 896 897 2550 
710 2550 897 898 2551 
711 2551 898 899 2552 
712 2552 899 900 2553 
713 2553 900 901 2554 
714 2554 901 111 902 
2 1432 3 20
715 23 157 2555 903 
716 903 2555 2556 904 
717 904 2556 2557 905 
718 905 2557 2558 906 
719 906 2558 2559 907 
720 907 2559 2560 908 
721 908 2560 2561 909 
722 909 2561 2562 910 
723 910 2562 2563 911 
724 911 2563 921 110 
725 157 24 929 2555 
726 2555 929 930 2556 
727 2556 930 931 2557 
728 2557 931 932 2558 
729 2558 932 933 2559 
730 2559 933 934 2560 
731 2560 934 935 2561 
732 2561 935 936 2562 
733 2562 936 937 2563 
734 2563 937 112 921 
2 1445 3 14
735 110 921 2627 896 
736 896 2627 2628 897 
737 897 2628 2629 898 
738 898 2629 2630 899 
739 899 2630 2631 900 
740 900 2631 2632 901 
741 901 2632 928 111 
742 921 112 922 2627 
743 2627 922 923 2628 
744 2628 923 924 2629 
745 2629 924 925 2630 
746 2630 925 926 2631 
747 2631 926 927 2632 
748 2632 927 113 928 
2 1454 3 20
749 24 158 2633 929 
750 929 2633 2634 930 
751 930 2634 2635 931 
752 931 2635 2636 932 
753 932 2636 2637 933 
754 933 2637 2638 934 
755 934 2638 2639 935 
756 935 2639 2640 936 
757 936 2640 2641 937 
758 937 2641 947 112 
759 158 25 955 2633 
760 2633 955 956 2634 
761 2634 956 957 2635 
762 2635 957 958 2636 
763 2636 958 959 2637 
764 2637 959 960 2638 
765 2638 960 961 2639 
766 2639 961 962 2640 
767 2640 962 963 2641 
768 2641 963 114 947 
2 1467 3 14
769 112 947 2705 922 
770 922 2705 2706 923 
771 923 2706 2707 924 
772 924 2707 2708 925 
773 925 2708 2709 926 
774 926 2709 2710 927 
775 927 2710 954 113 
776 947 114 948 2705 
777 2705 948 949 2706 
778 2706 949 950 2707 
779 2707 950 951 2708 
780 2708 951 952 2709 
781 2709 952 953 2710 
782 2710 953 115 954 
2 1476 3 20
783 25 159 2711 955 
784 955 2711 2712 956 
785 956 2712 2713 957 
786 957 2713 2714 958 
787 958 2714 2715 959 
788 959 2715 2716 960 
789 960 2716 2717 961 
790 961 2717 2718 962 
791 962 2718 2719 963 
792 963 2719 973 114 
793 159 18 781 2711 
794 2711 781 782 2712 
795 2712 782 783 2713 
796 2713 783 784 2714 
797 2714 784 785 2715 
798 2715 785 786 2716 
799 2716 786 787 2717 
800 2717 787 788 2718 
801 2718 788 789 2719 
802 2719 789 100 973 
2 1489 3 14
803 114 973 2729 948 
804 948 2729 2730 949 
805 949 2730 2731 950 
806 950 2731 2732 951 
807 951 2732 2733 952 
808 952 2733 2734 953 
809 953 2734 974 115 
810 973 100 780 2729 
811 2729 780 779 2730 
812 2730 779 778 2731 
813 2731 778 777 2732 
814 2732 777 776 2733 
815 2733 776 775 2734 
816 2734 775 103 974 
2 1506 3 20
817 34 987 2744 216 
818 987 988 2745 2744 
819 988 989 2746 2745 
820 989 990 2747 2746 
821 990 991 2748 2747 
822 991 992 2749 2748 
823 992 993 2750 2749 
824 993 994 2751 2750 
825 994 995 2752 2751 
826 995 117 976 2752 
827 216 2744 978 35 
828 2744 2745 979 978 
829 2745 2746 980 979 
830 2746 2747 981 980 
831 2747 2748 982 981 
832 2748 2749 983 982 
833 2749 2750 984 983 
834 2750 2751 985 984 
835 2751 2752 986 985 
836 2752 976 116 986 
2 1511 3 4
837 103 774 2762 977 
838 977 2762 976 117 
839 774 102 975 2762 
840 2762 975 116 976 
2 1528 3 20
841 35 978 2772 217 
842 978 979 2773 2772 
843 979 980 2774 2773 
844 980 981 2775 2774 
845 981 982 2776 2775 
846 982 983 2777 2776 
847 983 984 2778 2777 
848 984 985 2779 2778 
849 985 986 2780 2779 
850 986 116 997 2780 
851 217 2772 998 36 
852 2772 2773 999 998 
853 2773 2774 1000 999 
854 2774 2775 1001 1000 
855 2775 2776 1002 1001 
856 2776 2777 1003 1002 
857 2777 2778 1004 1003 
858 2778 2779 1005 1004 
859 2779 2780 1006 1005 
860 2780 997 118 1006 
2 1533 3 4
861 102 824 2781 975 
862 975 2781 997 116 
863 824 105 996 2781 
864 2781 996 118 997 
2 1550 3 20
865 36 998 2791 218 
866 998 999 2792 2791 
867 999 1000 2793 2792 
868 1000 1001 2794 2793 
869 1001 1002 2795 2794 
870 1002 1003 2796 2795 
871 1003 1004 2797 2796 
872 1004 1005 2798 2797 
873 1005 1006 2799 2798 
874 1006 118 1008 2799 
875 218 2791 1009 37 
876 2791 2792 1010 1009 
877 2792 2793 1011 1010 
878 2793 2794 1012 1011 
879 2794 2795 1013 1012 
880 2795 2796 1014 1013 
881 2796 2797 1015 1014 
882 2797 2798 1016 1015 
883 2798 2799 1017 1016 
884 2799 1008 119 1017 
2 1555 3 4
885 105 850 2800 996 
886 996 2800 1008 118 
887 850 107 1007 2800 
888 2800 1007 119 1008 
2 1572 3 20
889 37 1009 2810 219 
890 1009 1010 2811 2810 
891 1010 1011 2812 2811 
892 1011 1012 2813 2812 
893 1012 1013 2814 2813 
894 1013 1014 2815 2814 
895 1014 1015 2816 2815 
896 1015 1016 2817 2816 
897 1016 1017 2818 2817 
898 1017 119 1019 2818 
899 219 2810 1020 38 
900 2810 2811 1021 1020 
901 2811 2812 1022 1021 
902 2812 2813 1023 1022 
903 2813 2814 1024 1023 
904 2814 2815 1025 1024 
905 2815 2816 1026 1025 
906 2816 2817 1027 1026 
907 2817 2818 1028 1027 
908 2818 1019 120 1028 
2 1577 3 4
909 107 876 2819 1007 
910 1007 2819 1019 119 
911 876 109 1018 2819 
912 2819 1018 120 1019 
2 1594 3 20
913 38 1020 2829 220 
914 1020 1021 2830 2829 
915 1021 1022 2831 2830 
916 1022 1023 2832 2831 
917 1023 1024 2833 2832 
918 1024 1025 2834 2833 
919 1025 1026 2835 2834 
920 1026 1027 2836 2835 
921 1027 1028 2837 2836 
922 1028 120 1030 2837 
923 220 2829 1031 39 
924 2829 2830 1032 1031 
925 2830 2831 1033 1032 
926 2831 2832 1034 1033 
927 2832 2833 1035 1034 
928 2833 2834 1036 1035 
929 2834 2835 1037 1036 
930 2835 2836 1038 1037 
931 2836 2837 1039 1038 
932 2837 1030 121 1039 
2 1599 3 4
933 109 902 2838 1018 
934 1018 2838 1030 120 
935 902 111 1029 2838 
936 2838 1029 121 1030 
2 1616 3 20
937 39 1031 2848 221 
938 1031 1032 2849 2848 
939 1032 1033 2850 2849 
940 1033 1034 2851 2850 
941 1034 1035 2852 2851 
942 1035 1036 2853 2852 
943 1036 1037 2854 2853 
944 1037 1038 2855 2854 
945 1038 1039 2856 2855 
946 1039 121 1041 2856 
947 221 2848 1042 40 
948 2848 2849 1043 1042 
949 2849 2850 1044 1043 
950 2850 2851 1045 1044 
951 2851 2852 1046 1045 
952 2852 2853 1047 1046 
953 2853 2854 1048 1047 
954 2854 2855 1049 1048 
955 2855 2856 1050 1049 
956 2856 1041 122 1050 
2 1621 3 4
957 111 928 2857 1029 
958 1029 2857 1041 121 
959 928 113 1040 2857 
960 2857 1040 122 1041 
2 1638 3 20
961 40 1042 2867 222 
962 1042 1043 2868 2867 
963 1043 1044 2869 2868 
964 1044 1045 2870 2869 
965 1045 1046 2871 2870 
966 1046 1047 2872 2871 
967 1047 1048 2873 2872 
968 1048 1049 2874 2873 
969 1049 1050 2875 2874 
970 1050 122 1052 2875 
971 222 2867 1053 41 
972 2867 2868 1054 1053 
973 2868 2869 1055 1054 
974 2869 2870 1056 1055 
975 2870 2871 1057 1056 
976 2871 2872 1058 1057 
977 2872 2873 1059 1058 
978 2873 2874 1060 1059 
979 2874 2875 1061 1060 
980 2875 1052 123 1061 
2 1643 3 4
981 113 954 2876 1040 
982 1040 2876 1052 122 
983 954 115 1051 2876 
984 2876 1051 123 1052 
2 1660 3 20
985 41 1053 2877 223 
986 1053 1054 2878 2877 
987 1054 1055 2879 2878 
988 1055 1056 2880 2879 
989 1056 1057 2881 2880 
990 1057 1058 2882 2881 
991 1058 1059 2883 2882 
992 1059 1060 2884 2883 
993 1060 1061 2885 2884 
994 1061 123 1062 2885 
995 223 2877 987 34 
996 2877 2878 988 987 
997 2878 2879 989 988 
998 2879 2880 990 989 
999 2880 2881 991 990 
1000 2881 2882 992 991 
1001 2882 2883 993 992 
1002 2883 2884 994 993 
1003 2884 2885 995 994 
1004 2885 1062 117 995 
2 1665 3 4
1005 115 974 2886 1051 
1006 1051 2886 1062 123 
1007 974 103 977 2886 
1008 2886 977 117 1062 
3 1 5 28
1009 1 148 1063 149 264 1143 2887 1161 
1010 264 1143 2887 1161 265 1144 2888 1162 
1011 265 1144 2888 1162 266 1145 2889 1163 
1012 266 1145 2889 1163 267 1146 2890 1164 
1013 267 1146 2890 1164 268 1147 2891 1165 
1014 268 1147 2891 1165 269 1148 2892 1166 
1015 269 1148 2892 1166 59 260 1167 263 
1016 149 1063 141 11 1161 2887 1155 282 
1017 1161 2887 1155 282 1162 2888 1156 283 
1018 1162 2888 1156 283 1163 2889 1157 284 
1019 1163 2889 1157 284 1164 2890 1158 285 
1020 1164 2890 1158 285 1165 2891 1159 286 
1021 1165 2891 1159 286 1166 2892 1160 287 
1022 1166 2892 1160 287 263 1167 262 62 
1023 148 10 140 1063 1143 270 1149 2887 
1024 1143 270 1149 2887 1144 271 1150 2888 
1025 1144 271 1150 2888 1145 272 1151 2889 
1026 1145 272 1151 2889 1146 273 1152 2890 
1027 1146 273 1152 2890 1147 274 1153 2891 
1028 1147 274 1153 2891 1148 275 1154 2892 
1029 1148 275 1154 2892 260 60 261 1167 
1030 1063 140 14 141 2887 1149 276 1155 
1031 2887 1149 276 1155 2888 1150 277 1156 
1032 2888 1150 277 1156 2889 1151 278 1157 
1033 2889 1151 278 1157 2890 1152 279 1158 
1034 2890 1152 279 1158 2891 1153 280 1159 
1035 2891 1153 280 1159 2892 1154 281 1160 
1036 2892 1154 281 1160 1167 261 61 262 
3 2 5 28
1037 1 149 1064 150 264 1161 2893 1180 
1038 264 1161 2893 1180 265 1162 2894 1181 
1039 265 1162 2894 1181 266 1163 2895 1182 
1040 266 1163 2895 1182 267 1164 2896 1183 
1041 267 1164 2896 1183 268 1165 2897 1184 
1042 268 1165 2897 1184 269 1166 2898 1185 
1043 269 1166 2898 1185 59 263 1186 290 
1044 150 1064 143 12 1180 2893 1174 297 
1045 1180 2893 1174 297 1181 2894 1175 298 
1046 1181 2894 1175 298 1182 2895 1176 299 
1047 1182 2895 1176 299 1183 2896 1177 300 
1048 1183 2896 1177 300 1184 2897 1178 301 
1049 1184 2897 1178 301 1185 2898 1179 302 
1050 1185 2898 1179 302 290 1186 289 64 
1051 149 11 142 1064 1161 282 1168 2893 
1052 1161 282 1168 2893 1162 283 1169 2894 
1053 1162 283 1169 2894 1163 284 1170 2895 
1054 1163 284 1170 2895 1164 285 1171 2896 
1055 1164 285 1171 2896 1165 286 1172 2897 
1056 1165 286 1172 2897 1166 287 1173 2898 
1057 1166 287 1173 2898 263 62 288 1186 
1058 1064 142 15 143 2893 1168 291 1174 
1059 2893 1168 291 1174 2894 1169 292 1175 
1060 2894 1169 292 1175 2895 1170 293 1176 
1061 2895 1170 293 1176 2896 1171 294 1177 
1062 2896 1171 294 1177 2897 1172 295 1178 
1063 2897 1172 295 1178 2898 1173 296 1179 
1064 2898 1173 296 1179 1186 288 63 289 
3 3 5 28
1065 1 150 1065 151 264 1180 2899 1199 
1066 264 1180 2899 1199 265 1181 2900 1200 
1067 265 1181 2900 1200 266 1182 2901 1201 
1068 266 1182 2901 1201 267 1183 2902 1202 
1069 267 1183 2902 1202 268 1184 2903 1203 
1070 268 1184 2903 1203 269 1185 2904 1204 
1071 269 1185 2904 1204 59 290 1205 305 
1072 151 1065 145 13 1199 2899 1193 312 
1073 1199 2899 1193 312 1200 2900 1194 313 
1074 1200 2900 1194 313 1201 2901 1195 314 
1075 1201 2901 1195 314 1202 2902 1196 315 
1076 1202 2902 1196 315 1203 2903 1197 316 
1077 1203 2903 1197 316 1204 2904 1198 317 
1078 1204 2904 1198 317 305 1205 304 66 
1079 150 12 144 1065 1180 297 1187 2899 
1080 1180 297 1187 2899 1181 298 1188 2900 
1081 1181 298 1188 2900 1182 299 1189 2901 
1082 1182 299 1189 2901 1183 300 1190 2902 
1083 1183 300 1190 2902 1184 301 1191 2903 
1084 1184 301 1191 2903 1185 302 1192 2904 
1085 1185 302 1192 2904 290 64 303 1205 
1086 1065 144 16 145 2899 1187 306 1193 
1087 2899 1187 306 1193 2900 1188 307 1194 
1088 2900 1188 307 1194 2901 1189 308 1195 
1089 2901 1189 308 1195 2902 1190 309 1196 
1090 2902 1190 309 1196 2903 1191 310 1197 
1091 2903 1191 310 1197 2904 1192 311 1198 
1092 2904 1192 311 1198 1205 303 65 304 
3 4 5 28
1093 1 151 1066 148 264 1199 2905 1143 
1094 264 1199 2905 1143 265 1200 2906 1144 
1095 265 1200 2906 1144 266 1201 2907 1145 
1096 266 1201 2907 1145 267 1202 2908 1146 
1097 267 1202 2908 1146 268 1203 2909 1147 
1098 268 1203 2909 1147 269 1204 2910 1148 
1099 269 1204 2910 1148 59 305 1218 260 
1100 148 1066 147 10 1143 2905 1212 270 
1101 1143 2905 1212 270 1144 2906 1213 271 
1102 1144 2906 1213 271 1145 2907 1214 272 
1103 1145 2907 1214 272 1146 2908 1215 273 
1104 1146 2908 1215 273 1147 2909 1216 274 
1105 1147 2909 1216 274 1148 2910 1217 275 
1106 1148 2910 1217 275 260 1218 319 60 
1107 151 13 146 1066 1199 312 1206 2905 
1108 1199 312 1206 2905 1200 313 1207 2906 
1109 1200 313 1207 2906 1201 314 1208 2907 
1110 1201 314 1208 2907 1202 315 1209 2908 
1111 1202 315 1209 2908 1203 316 1210 2909 
1112 1203 316 1210 2909 1204 317 1211 2910 
1113 1204 317 1211 2910 305 66 318 1218 
1114 1066 146 17 147 2905 1206 320 1212 
1115 2905 1206 320 1212 2906 1207 321 1213 
1116 2906 1207 321 1213 2907 1208 322 1214 
1117 2907 1208 322 1214 2908 1209 323 1215 
1118 2908 1209 323 1215 2909 1210 324 1216 
1119 2909 1210 324 1216 2910 1211 325 1217 
1120 2910 1211 325 1217 1218 318 67 319 
3 5 5 28
1121 2 124 1067 132 329 1219 2911 1231 
1122 329 1219 2911 1231 330 1220 2912 1232 
1123 330 1220 2912 1232 331 1221 2913 1233 
1124 331 1221 2913 1233 332 1222 2914 1234 
1125 332 1222 2914 1234 333 1223 2915 1235 
1126 333 1223 2915 1235 334 1224 2916 1236 
1127 334 1224 2916 1236 68 326 1237 328 
1128 132 1067 140 10 1231 2911 1149 270 
1129 1231 2911 1149 270 1232 2912 1150 271 
1130 1232 2912 1150 271 1233 2913 1151 272 
1131 1233 2913 1151 272 1234 2914 1152 273 
1132 1234 2914 1152 273 1235 2915 1153 274 
1133 1235 2915 1153 274 1236 2916 1154 275 
1134 1236 2916 1154 275 328 1237 261 60 
1135 124 3 133 1067 1219 335 1225 2911 
1136 1219 335 1225 2911 1220 336 1226 2912 
1137 1220 336 1226 2912 1221 337 1227 2913 
1138 1221 337 1227 2913 1222 338 1228 2914 
1139 1222 338 1228 2914 1223 339 1229 2915 
1140 1223 339 1229 2915 1224 340 1230 2916 
1141 1224 340 1230 2916 326 69 327 1237 
1142 1067 133 14 140 2911 1225 276 1149 
1143 2911 1225 276 1149 2912 1226 277 1150 
1144 2912 1226 277 1150 2913 1227 278 1151 
1145 2913 1227 278 1151 2914 1228 279 1152 
1146 2914 1228 279 1152 2915 1229 280 1153 
1147 2915 1229 280 1153 2916 1230 281 1154 
1148 2916 1230 281 1154 1237 327 61 261 
3 6 5 28
1149 3 125 1068 133 335 1238 2917 1225 
1150 335 1238 2917 1225 336 1239 2918 1226 
1151 336 1239 2918 1226 337 1240 2919 1227 
1152 337 1240 2919 1227 338 1241 2920 1228 
1153 338 1241 2920 1228 339 1242 2921 1229 
1154 339 1242 2921 1229 340 1243 2922 1230 
1155 340 1243 2922 1230 69 341 1250 327 
1156 133 1068 141 14 1225 2917 1155 276 
1157 1225 2917 1155 276 1226 2918 1156 277 
1158 1226 2918 1156 277 1227 2919 1157 278 
1159 1227 2919 1157 278 1228 2920 1158 279 
1160 1228 2920 1158 279 1229 2921 1159 280 
1161 1229 2921 1159 280 1230 2922 1160 281 
1162 1230 2922 1160 281 327 1250 262 61 
1163 125 4 134 1068 1238 343 1244 2917 
1164 1238 343 1244 2917 1239 344 1245 2918 
1165 1239 344 1245 2918 1240 345 1246 2919 
1166 1240 345 1246 2919 1241 346 1247 2920 
1167 1241 346 1247 2920 1242 347 1248 2921 
1168 1242 347 1248 2921 1243 348 1249 2922 
1169 1243 348 1249 2922 341 70 342 1250 
1170 1068 134 11 141 2917 1244 282 1155 
1171 2917 1244 282 1155 2918 1245 283 1156 
1172 2918 1245 283 1156 2919 1246 284 1157 
1173 2919 1246 284 1157 2920 1247 285 1158 
1174 2920 1247 285 1158 2921 1248 286 1159 
1175 2921 1248 286 1159 2922 1249 287 1160 
1176 2922 1249 287 1160 1250 342 62 262 
3 7 5 28
1177 4 126 1069 134 343 1251 2923 1244 
1178 343 1251 2923 1244 344 1252 2924 1245 
1179 344 1252 2924 1245 345 1253 2925 1246 
1180 345 1253 2925 1246 346 1254 2926 1247 
1181 346 1254 2926 1247 347 1255 2927 1248 
1182 347 1255 2927 1248 348 1256 2928 1249 
1183 348 1256 2928 1249 70 349 1263 342 
1184 134 1069 142 11 1244 2923 1168 282 
1185 1244 2923 1168 282 1245 2924 1169 283 
1186 1245 2924 1169 283 1246 2925 1170 284 
1187 1246 2925 1170 284 1247 2926 1171 285 
1188 1247 2926 1171 285 1248 2927 1172 286 
1189 1248 2927 1172 286 1249 2928 1173 287 
1190 1249 2928 1173 287 342 1263 288 62 
1191 126 5 135 1069 1251 351 1257 2923 
1192 1251 351 1257 2923 1252 352 1258 2924 
1193 1252 352 1258 2924 1253 353 1259 2925 
1194 1253 353 1259 2925 1254 354 1260 2926 
1195 1254 354 1260 2926 1255 355 1261 2927 
1196 1255 355 1261 2927 1256 356 1262 2928 
1197 1256 356 1262 2928 349 71 350 1263 
1198 1069 135 15 142 2923 1257 291 1168 
1199 2923 1257 291 1168 2924 1258 292 1169 
1200 2924 1258 292 1169 2925 1259 293 1170 
1201 2925 1259 293 1170 2926 1260 294 1171 
1202 2926 1260 294 1171 2927 1261 295 1172 
1203 2927 1261 295 1172 2928 1262 296 1173 
1204 2928 1262 296 1173 1263 350 63 288 
3 8 5 28
1205 5 127 1070 135 351 1264 2929 1257 
1206 351 1264 2929 1257 352 1265 2930 1258 
1207 352 1265 2930 1258 353 1266 2931 1259 
1208 353 1266 2931 1259 354 1267 2932 1260 
1209 354 1267 2932 1260 355 1268 2933 1261 
1210 355 1268 2933 1261 356 1269 2934 1262 
1211 356 1269 2934 1262 71 357 1276 350 
1212 135 1070 143 15 1257 2929 1174 291 
1213 1257 2929 1174 291 1258 2930 1175 292 
1214 1258 2930 1175 292 1259 2931 1176 293 
1215 1259 2931 1176 293 1260 2932 1177 294 
1216 1260 2932 1177 294 1261 2933 1178 295 
1217 1261 2933 1178 295 1262 2934 1179 296 
1218 1262 2934 1179 296 350 1276 289 63 
1219 127 6 136 1070 1264 359 1270 2929 
1220 1264 359 1270 2929 1265 360 1271 2930 
1221 1265 360 1271 2930 1266 361 1272 2931 
1222 1266 361 1272 2931 1267 362 1273 2932 
1223 1267 362 1273 2932 1268 363 1274 2933 
1224 1268 363 1274 2933 1269 364 1275 2934 
1225 1269 364 1275 2934 357 72 358 1276 
1226 1070 136 12 143 2929 1270 297 1174 
1227 2929 1270 297 1174 2930 1271 298 1175 
1228 2930 1271 298 1175 2931 1272 299 1176 
1229 2931 1272 299 1176 2932 1273 300 1177 
1230 2932 1273 300 1177 2933 1274 301 1178 
1231 2933 1274 301 1178 2934 1275 302 1179 
1232 2934 1275 302 1179 1276 358 64 289 
3 9 5 28
1233 6 128 1071 136 359 1277 2935 1270 
1234 359 1277 2935 1270 360 1278 2936 1271 
1235 360 1278 2936 1271 361 1279 2937 1272 
1236 361 1279 2937 1272 362 1280 2938 1273 
1237 362 1280 2938 1273 363 1281 2939 1274 
1238 363 1281 2939 1274 364 1282 2940 1275 
1239 364 1282 2940 1275 72 365 1289 358 
1240 136 1071 144 12 1270 2935 1187 297 
1241 1270 2935 1187 297 1271 2936 1188 298 
1242 1271 2936 1188 298 1272 2937 1189 299 
1243 1272 2937 1189 299 1273 2938 1190 300 
1244 1273 2938 1190 300 1274 2939 1191 301 
1245 1274 2939 1191 301 1275 2940 1192 302 
1246 1275 2940 1192 302 358 1289 303 64 
1247 128 7 137 1071 1277 367 1283 2935 
1248 1277 367 1283 2935 1278 368 1284 2936 
1249 1278 368 1284 2936 1279 369 1285 2937 
1250 1279 369 1285 2937 1280 370 1286 2938 
1251 1280 370 1286 2938 1281 371 1287 2939 
1252 1281 371 1287 2939 1282 372 1288 2940 
1253 1282 372 1288 2940 365 73 366 1289 
1254 1071 137 16 144 2935 1283 306 1187 
1255 2935 1283 306 1187 2936 1284 307 1188 
1256 2936 1284 307 1188 2937 1285 308 1189 
1257 2937 1285 308 1189 2938 1286 309 1190 
1258 2938 1286 309 1190 2939 1287 310 1191 
1259 2939 1287 310 1191 2940 1288 311 1192 
1260 2940 1288 311 1192 1289 366 65 303 
3 10 5 28
1261 7 129 1072 137 367 1290 2941 1283 
1262 367 1290 2941 1283 368 1291 2942 1284 
1263 368 1291 2942 1284 369 1292 2943 1285 
1264 369 1292 2943 1285 370 1293 2944 1286 
1265 370 1293 2944 1286 371 1294 2945 1287 
1266 371 1294 2945 1287 372 1295 2946 1288 
1267 372 1295 2946 1288 73 373 1302 366 
1268 137 1072 145 16 1283 2941 1193 306 
1269 1283 2941 1193 306 1284 2942 1194 307 
1270 1284 2942 1194 307 1285 2943 1195 308 
1271 1285 2943 1195 308 1286 2944 1196 309 
1272 1286 2944 1196 309 1287 2945 1197 310 
1273 1287 2945 1197 310 1288 2946 1198 311 
1274 1288 2946 1198 311 366 1302 304 65 
1275 129 8 138 1072 1290 375 1296 2941 
1276 1290 375 1296 2941 1291 376 1297 2942 
1277 1291 376 1297 2942 1292 377 1298 2943 
1278 1292 377 1298 2943 1293 378 1299 2944 
1279 1293 378 1299 2944 1294 379 1300 2945 
1280 1294 379 1300 2945 1295 380 1301 2946 
1281 1295 380 1301 2946 373 74 374 1302 
1282 1072 138 13 145 2941 1296 312 1193 
1283 2941 1296 312 1193 2942 1297 313 1194 
1284 2942 1297 313 1194 2943 1298 314 1195 
1285 2943 1298 314 1195 2944 1299 315 1196 
1286 2944 1299 315 1196 2945 1300 316 1197 
1287 2945 1300 316 1197 2946 1301 317 1198 
1288 2946 1301 317 1198 1302 374 66 304 
3 11 5 28
1289 8 130 1073 138 375 1303 2947 1296 
1290 375 1303 2947 1296 376 1304 2948 1297 
1291 376 1304 2948 1297 377 1305 2949 1298 
1292 377 1305 2949 1298 378 1306 2950 1299 
1293 378 1306 2950 1299 379 1307 2951 1300 
1294 379 1307 2951 1300 380 1308 2952 1301 
1295 380 1308 2952 1301 74 381 1315 374 
1296 138 1073 146 13 1296 2947 1206 312 
1297 1296 2947 1206 312 1297 2948 1207 313 
1298 1297 2948 1207 313 1298 2949 1208 314 
1299 1298 2949 1208 314 1299 2950 1209 315 
1300 1299 2950 1209 315 1300 2951 1210 316 
1301 1300 2951 1210 316 1301 2952 1211 317 
1302 1301 2952 1211 317 374 1315 318 66 
1303 130 9 139 1073 1303 383 1309 2947 
1304 1303 383 1309 2947 1304 384 1310 2948 
1305 1304 384 1310 2948 1305 385 1311 2949 
1306 1305 385 1311 2949 1306 386 1312 2950 
1307 1306 386 1312 2950 1307 387 1313 2951 
1308 1307 387 1313 2951 1308 388 1314 2952 
1309 1308 388 1314 2952 381 75 382 1315 
1310 1073 139 17 146 2947 1309 320 1206 
1311 2947 1309 320 1206 2948 1310 321 1207 
1312 2948 1310 321 1207 2949 1311 322 1208 
1313 2949 1311 322 1208 2950 1312 323 1209 
1314 2950 1312 323 1209 2951 1313 324 1210 
1315 2951 1313 324 1210 2952 1314 325 1211 
1316 2952 1314 325 1211 1315 382 67 318 
3 12 5 28
1317 9 131 1074 139 383 1316 2953 1309 
1318 383 1316 2953 1309 384 1317 2954 1310 
1319 384 1317 2954 1310 385 1318 2955 1311 
1320 385 1318 2955 1311 386 1319 2956 1312 
1321 386 1319 2956 1312 387 1320 2957 1313 
1322 387 1320 2957 1313 388 1321 2958 1314 
1323 388 1321 2958 1314 75 389 1322 382 
1324 139 1074 147 17 1309 2953 1212 320 
1325 1309 2953 1212 320 1310 2954 1213 321 
1326 1310 2954 1213 321 1311 2955 1214 322 
1327 1311 2955 1214 322 1312 2956 1215 323 
1328 1312 2956 1215 323 1313 2957 1216 324 
1329 1313 2957 1216 324 1314 2958 1217 325 
1330 1314 2958 1217 325 382 1322 319 67 
1331 131 2 132 1074 1316 329 1231 2953 
1332 1316 329 1231 2953 1317 330 1232 2954 
1333 1317 330 1232 2954 1318 331 1233 2955 
1334 1318 331 1233 2955 1319 332 1234 2956 
1335 1319 332 1234 2956 1320 333 1235 2957 
1336 1320 333 1235 2957 1321 334 1236 2958 
1337 1321 334 1236 2958 389 68 328 1322 
1338 1074 132 10 147 2953 1231 270 1212 
1339 2953 1231 270 1212 2954 1232 271 1213 
1340 2954 1232 271 1213 2955 1233 272 1214 
1341 2955 1233 272 1214 2956 1234 273 1215 
1342 2956 1234 273 1215 2957 1235 274 1216 
1343 2957 1235 274 1216 2958 1236 275 1217 
1344 2958 1236 275 1217 1322 328 60 319 
3 13 5 14
1345 152 124 2 18 1323 1219 329 397 
1346 1323 1219 329 397 1324 1220 330 398 
1347 1324 1220 330 398 1325 1221 331 399 
1348 1325 1221 331 399 1326 1222 332 400 
1349 1326 1222 332 400 1327 1223 333 401 
1350 1327 1223 333 401 1328 1224 334 402 
1351 1328 1224 334 402 390 326 68 77 
1352 19 3 124 152 391 335 1219 1323 
1353 391 335 1219 1323 392 336 1220 1324 
1354 392 336 1220 1324 393 337 1221 1325 
1355 393 337 1221 1325 394 338 1222 1326 
1356 394 338 1222 1326 395 339 1223 1327 
1357 395 339 1223 1327 396 340 1224 1328 
1358 396 340 1224 1328 76 69 326 390 
3 14 5 14
1359 153 125 3 19 1329 1238 335 391 
1360 1329 1238 335 391 1330 1239 336 392 
1361 1330 1239 336 392 1331 1240 337 393 
1362 1331 1240 337 393 1332 1241 338 394 
1363 1332 1241 338 394 1333 1242 339 395 
1364 1333 1242 339 395 1334 1243 340 396 
1365 1334 1243 340 396 403 341 69 76 
1366 20 4 125 153 404 343 1238 1329 
1367 404 343 1238 1329 405 344 1239 1330 
1368 405 344 1239 1330 406 345 1240 1331 
1369 406 345 1240 1331 407 346 1241 1332 
1370 407 346 1241 1332 408 347 1242 1333 
1371 408 347 1242 1333 409 348 1243 1334 
1372 409 348 1243 1334 78 70 341 403 
3 15 5 14
1373 154 126 4 20 1335 1251 343 404 
1374 1335 1251 343 404 1336 1252 344 405 
1375 1336 1252 344 405 1337 1253 345 406 
1376 1337 1253 345 406 1338 1254 346 407 
1377 1338 1254 346 407 1339 1255 347 408 
1378 1339 1255 347 408 1340 1256 348 409 
1379 1340 1256 348 409 410 349 70 78 
1380 21 5 126 154 411 351 1251 1335 
1381 411 351 1251 1335 412 352 1252 1336 
1382 412 352 1252 1336 413 353 1253 1337 
1383 413 353 1253 1337 414 354 1254 1338 
1384 414 354 1254 1338 415 355 1255 1339 
1385 415 355 1255 1339 416 356 1256 1340 
1386 416 356 1256 1340 79 71 349 410 
3 16 5 14
1387 155 127 5 21 1341 1264 351 411 
1388 1341 1264 351 411 1342 1265 352 412 
1389 1342 1265 352 412 1343 1266 353 413 
1390 1343 1266 353 413 1344 1267 354 414 
1391 1344 1267 354 414 1345 1268 355 415 
1392 1345 1268 355 415 1346 1269 356 416 
1393 1346 1269 356 416 417 357 71 79 
1394 22 6 127 155 418 359 1264 1341 
1395 418 359 1264 1341 419 360 1265 1342 
1396 419 360 1265 1342 420 361 1266 1343 
1397 420 361 1266 1343 421 362 1267 1344 
1398 421 362 1267 1344 422 363 1268 1345 
1399 422 363 1268 1345 423 364 1269 1346 
1400 423 364 1269 1346 80 72 357 417 
3 17 5 14
1401 156 128 6 22 1347 1277 359 418 
1402 1347 1277 359 418 1348 1278 360 419 
1403 1348 1278 360 419 1349 1279 361 420 
1404 1349 1279 361 420 1350 1280 362 421 
1405 1350 1280 362 421 1351 1281 363 422 
1406 1351 1281 363 422 1352 1282 364 423 
1407 1352 1282 364 423 424 365 72 80 
1408 23 7 128 156 425 367 1277 1347 
1409 425 367 1277 1347 426 368 1278 1348 
1410 426 368 1278 1348 427 369 1279 1349 
1411 427 369 1279 1349 428 370 1280 1350 
1412 428 370 1280 1350 429 371 1281 1351 
1413 429 371 1281 1351 430 372 1282 1352 
1414 430 372 1282 1352 81 73 365 424 
3 18 5 14
1415 157 129 7 23 1353 1290 367 425 
1416 1353 1290 367 425 1354 1291 368 426 
1417 1354 1291 368 426 1355 1292 369 427 
1418 1355 1292 369 427 1356 1293 370 428 
1419 1356 1293 370 428 1357 1294 371 429 
1420 1357 1294 371 429 1358 1295 372 430 
1421 1358 1295 372 430 431 373 73 81 
1422 24 8 129 157 432 375 1290 1353 
1423 432 375 1290 1353 433 376 1291 1354 
1424 433 376 1291 1354 434 377 1292 1355 
1425 434 377 1292 1355 435 378 1293 1356 
1426 435 378 1293 1356 436 379 1294 1357 
1427 436 379 1294 1357 437 380 1295 1358 
1428 437 380 1295 1358 82 74 373 431 
3 19 5 14
1429 158 130 8 24 1359 1303 375 432 
1430 1359 1303 375 432 1360 1304 376 433 
1431 1360 1304 376 433 1361 1305 377 434 
1432 1361 1305 377 434 1362 1306 378 435 
1433 1362 1306 378 435 1363 1307 379 436 
1434 1363 1307 379 436 1364 1308 380 437 
1435 1364 1308 380 437 438 381 74 82 
1436 25 9 130 158 439 383 1303 1359 
1437 439 383 1303 1359 440 384 1304 1360 
1438 440 384 1304 1360 441 385 1305 1361 
1439 441 385 1305 1361 442 386 1306 1362 
1440 442 386 1306 1362 443 387 1307 1363 
1441 443 387 1307 1363 444 388 1308 1364 
1442 444 388 1308 1364 83 75 381 438 
3 20 5 14
1443 159 131 9 25 1365 1316 383 439 
1444 1365 1316 383 439 1366 1317 384 440 
1445 1366 1317 384 440 1367 1318 385 441 
1446 1367 1318 385 441 1368 1319 386 442 
1447 1368 1319 386 442 1369 1320 387 443 
1448 1369 1320 387 443 1370 1321 388 444 
1449 1370 1321 388 444 445 389 75 83 
1450 18 2 131 159 397 329 1316 1365 
1451 397 329 1316 1365 398 330 1317 1366 
1452 398 330 1317 1366 399 331 1318 1367 
1453 399 331 1318 1367 400 332 1319 1368 
1454 400 332 1319 1368 401 333 1320 1369 
1455 401 333 1320 1369 402 334 1321 1370 
1456 402 334 1321 1370 77 68 389 445 
3 21 5 98
1457 1075 152 18 168 2959 1323 397 1413 
1458 2959 1323 397 1413 2960 1324 398 1414 
1459 2960 1324 398 1414 2961 1325 399 1415 
1460 2961 1325 399 1415 2962 1326 400 1416 
1461 2962 1326 400 1416 2963 1327 401 1417 
1462 2963 1327 401 1417 2964 1328 402 1418 
1463 2964 1328 402 1418 1449 390 77 458 
1464 1076 1075 168 169 2965 2959 1413 1419 
1465 2965 2959 1413 1419 2966 2960 1414 1420 
1466 2966 2960 1414 1420 2967 2961 1415 1421 
1467 2967 2961 1415 1421 2968 2962 1416 1422 
1468 2968 2962 1416 1422 2969 2963 1417 1423 
1469 2969 2963 1417 1423 2970 2964 1418 1424 
1470 2970 2964 1418 1424 1450 1449 458 457 
1471 1077 1076 169 170 2971 2965 1419 1425 
1472 2971 2965 1419 1425 2972 2966 1420 1426 
1473 2972 2966 1420 1426 2973 2967 1421 1427 
1474 2973 2967 1421 1427 2974 2968 1422 1428 
1475 2974 2968 1422 1428 2975 2969 1423 1429 
1476 2975 2969 1423 1429 2976 2970 1424 1430 
1477 2976 2970 1424 1430 1451 1450 457 456 
1478 1078 1077 170 171 2977 2971 1425 1431 
1479 2977 2971 1425 1431 2978 2972 1426 1432 
1480 2978 2972 1426 1432 2979 2973 1427 1433 
1481 2979 2973 1427 1433 2980 2974 1428 1434 
1482 2980 2974 1428 1434 2981 2975 1429 1435 
1483 2981 2975 1429 1435 2982 2976 1430 1436 
1484 2982 2976 1430 1436 1452 1451 456 455 
1485 1079 1078 171 172 2983 2977 1431 1437 
1486 2983 2977 1431 1437 2984 2978 1432 1438 
1487 2984 2978 1432 1438 2985 2979 1433 1439 
1488 2985 2979 1433 1439 2986 2980 1434 1440 
1489 2986 2980 1434 1440 2987 2981 1435 1441 
1490 2987 2981 1435 1441 2988 2982 1436 1442 
1491 2988 2982 1436 1442 1453 1452 455 454 
1492 1080 1079 172 173 2989 2983 1437 1443 
1493 2989 2983 1437 1443 2990 2984 1438 1444 
1494 2990 2984 1438 1444 2991 2985 1439 1445 
1495 2991 2985 1439 1445 2992 2986 1440 1446 
1496 2992 2986 1440 1446 2993 2987 1441 1447 
1497 2993 2987 1441 1447 2994 2988 1442 1448 
1498 2994 2988 1442 1448 1454 1453 454 453 
1499 160 1080 173 26 1407 2989 1443 465 
1500 1407 2989 1443 465 1408 2990 1444 466 
1501 1408 2990 1444 466 1409 2991 1445 467 
1502 1409 2991 1445 467 1410 2992 1446 468 
1503 1410 2992 1446 468 1411 2993 1447 469 
1504 1411 2993 1447 469 1412 2994 1448 470 
1505 1412 2994 1448 470 452 1454 453 85 
1506 174 19 152 1075 1371 391 1323 2959 
1507 1371 391 1323 2959 1372 392 1324 2960 
1508 1372 392 1324 2960 1373 393 1325 2961 
1509 1373 393 1325 2961 1374 394 1326 2962 
1510 1374 394 1326 2962 1375 395 1327 2963 
1511 1375 395 1327 2963 1376 396 1328 2964 
1512 1376 396 1328 2964 446 76 390 1449 
1513 175 174 1075 1076 1377 1371 2959 2965 
1514 1377 1371 2959 2965 1378 1372 2960 2966 
1515 1378 1372 2960 2966 1379 1373 2961 2967 
1516 1379 1373 2961 2967 1380 1374 2962 2968 
1517 1380 1374 2962 2968 1381 1375 2963 2969 
1518 1381 1375 2963 2969 1382 1376 2964 2970 
1519 1382 1376 2964 2970 447 446 1449 1450 
1520 176 175 1076 1077 1383 1377 2965 2971 
1521 1383 1377 2965 2971 1384 1378 2966 2972 
1522 1384 1378 2966 2972 1385 1379 2967 2973 
1523 1385 1379 2967 2973 1386 1380 2968 2974 
1524 1386 1380 2968 2974 1387 1381 2969 2975 
1525 1387 1381 2969 2975 1388 1382 2970 2976 
1526 1388 1382 2970 2976 448 447 1450 1451 
1527 177 176 1077 1078 1389 1383 2971 2977 
1528 1389 1383 2971 2977 1390 1384 2972 2978 
1529 1390 1384 2972 2978 1391 1385 2973 2979 
1530 1391 1385 2973 2979 1392 1386 2974 2980 
1531 1392 1386 2974 2980 1393 1387 2975 2981 
1532 1393 1387 2975 2981 1394 1388 2976 2982 
1533 1394 1388 2976 2982 449 448 1451 1452 
1534 178 177 1078 1079 1395 1389 2977 2983 
1535 1395 1389 2977 2983 1396 1390 2978 2984 
1536 1396 1390 2978 2984 1397 1391 2979 2985 
1537 1397 1391 2979 2985 1398 1392 2980 2986 
1538 1398 1392 2980 2986 1399 1393 2981 2987 
1539 1399 1393 2981 2987 1400 1394 2982 2988 
1540 1400 1394 2982 2988 450 449 1452 1453 
1541 179 178 1079 1080 1401 1395 2983 2989 
1542 1401 1395 2983 2989 1402 1396 2984 2990 
1543 1402 1396 2984 2990 1403 1397 2985 2991 
1544 1403 1397 2985 2991 1404 1398 2986 2992 
1545 1404 1398 2986 2992 1405 1399 2987 2993 
1546 1405 1399 2987 2993 1406 1400 2988 2994 
1547 1406 1400 2988 2994 451 450 1453 1454 
1548 27 179 1080 160 459 1401 2989 1407 
1549 459 1401 2989 1407 460 1402 2990 1408 
1550 460 1402 2990 1408 461 1403 2991 1409 
1551 461 1403 2991 1409 462 1404 2992 1410 
1552 462 1404 2992 1410 463 1405 2993 1411 
1553 463 1405 2993 1411 464 1406 2994 1412 
1554 464 1406 2994 1412 84 451 1454 452 
3 22 5 98
1555 1081 153 19 174 2995 1329 391 1371 
1556 2995 1329 391 1371 2996 1330 392 1372 
1557 2996 1330 392 1372 2997 1331 393 1373 
1558 2997 1331 393 1373 2998 1332 394 1374 
1559 2998 1332 394 1374 2999 1333 395 1375 
1560 2999 1333 395 1375 3000 1334 396 1376 
1561 3000 1334 396 1376 1497 403 76 446 
1562 1082 1081 174 175 3001 2995 1371 1377 
1563 3001 2995 1371 1377 3002 2996 1372 1378 
1564 3002 2996 1372 1378 3003 2997 1373 1379 
1565 3003 2997 1373 1379 3004 2998 1374 1380 
1566 3004 2998 1374 1380 3005 2999 1375 1381 
1567 3005 2999 1375 1381 3006 3000 1376 1382 
1568 3006 3000 1376 1382 1498 1497 446 447 
1569 1083 1082 175 176 3007 3001 1377 1383 
1570 3007 3001 1377 1383 3008 3002 1378 1384 
1571 3008 3002 1378 1384 3009 3003 1379 1385 
1572 3009 3003 1379 1385 3010 3004 1380 1386 
1573 3010 3004 1380 1386 3011 3005 1381 1387 
1574 3011 3005 1381 1387 3012 3006 1382 1388 
1575 3012 3006 1382 1388 1499 1498 447 448 
1576 1084 1083 176 177 3013 3007 1383 1389 
1577 3013 3007 1383 1389 3014 3008 1384 1390 
1578 3014 3008 1384 1390 3015 3009 1385 1391 
1579 3015 3009 1385 1391 3016 3010 1386 1392 
1580 3016 3010 1386 1392 3017 3011 1387 1393 
1581 3017 3011 1387 1393 3018 3012 1388 1394 
1582 3018 3012 1388 1394 1500 1499 448 449 
1583 1085 1084 177 178 3019 3013 1389 1395 
1584 3019 3013 1389 1395 3020 3014 1390 1396 
1585 3020 3014 1390 1396 3021 3015 1391 1397 
1586 3021 3015 1391 1397 3022 3016 1392 1398 
1587 3022 3016 1392 1398 3023 3017 1393 1399 
1588 3023 3017 1393 1399 3024 3018 1394 1400 
1589 3024 3018 1394 1400 1501 1500 449 450 
1590 1086 1085 178 179 3025 3019 1395 1401 
1591 3025 3019 1395 1401 3026 3020 1396 1402 
1592 3026 3020 1396 1402 3027 3021 1397 1403 
1593 3027 3021 1397 1403 3028 3022 1398 1404 
1594 3028 3022 1398 1404 3029 3023 1399 1405 
1595 3029 3023 1399 1405 3030 3024 1400 1406 
1596 3030 3024 1400 1406 1502 1501 450 451 
1597 161 1086 179 27 1491 3025 1401 459 
1598 1491 3025 1401 459 1492 3026 1402 460 
1599 1492 3026 1402 460 1493 3027 1403 461 
1600 1493 3027 1403 461 1494 3028 1404 462 
1601 1494 3028 1404 462 1495 3029 1405 463 
1602 1495 3029 1405 463 1496 3030 1406 464 
1603 1496 3030 1406 464 477 1502 451 84 
1604 180 20 153 1081 1455 404 1329 2995 
1605 1455 404 1329 2995 1456 405 1330 2996 
1606 1456 405 1330 2996 1457 406 1331 2997 
1607 1457 406 1331 2997 1458 407 1332 2998 
1608 1458 407 1332 2998 1459 408 1333 2999 
1609 1459 408 1333 2999 1460 409 1334 3000 
1610 1460 409 1334 3000 471 78 403 1497 
1611 181 180 1081 1082 1461 1455 2995 3001 
1612 1461 1455 2995 3001 1462 1456 2996 3002 
1613 1462 1456 2996 3002 1463 1457 2997 3003 
1614 1463 1457 2997 3003 1464 1458 2998 3004 
1615 1464 1458 2998 3004 1465 1459 2999 3005 
1616 1465 1459 2999 3005 1466 1460 3000 3006 
1617 1466 1460 3000 3006 472 471 1497 1498 
1618 182 181 1082 1083 1467 1461 3001 3007 
1619 1467 1461 3001 3007 1468 1462 3002 3008 
1620 1468 1462 3002 3008 1469 1463 3003 3009 
1621 1469 1463 3003 3009 1470 1464 3004 3010 
1622 1470 1464 3004 3010 1471 1465 3005 3011 
1623 1471 1465 3005 3011 1472 1466 3006 3012 
1624 1472 1466 3006 3012 473 472 1498 1499 
1625 183 182 1083 1084 1473 1467 3007 3013 
1626 1473 1467 3007 3013 1474 1468 3008 3014 
1627 1474 1468 3008 3014 1475 1469 3009 3015 
1628 1475 1469 3009 3015 1476 1470 3010 3016 
1629 1476 1470 3010 3016 1477 1471 3011 3017 
1630 1477 1471 3011 3017 1478 1472 3012 3018 
1631 1478 1472 3012 3018 474 473 1499 1500 
1632 184 183 1084 1085 1479 1473 3013 3019 
1633 1479 1473 3013 3019 1480 1474 3014 3020 
1634 1480 1474 3014 3020 1481 1475 3015 3021 
1635 1481 1475 3015 3021 1482 1476 3016 3022 
1636 1482 1476 3016 3022 1483 1477 3017 3023 
1637 1483 1477 3017 3023 1484 1478 3018 3024 
1638 1484 1478 3018 3024 475 474 1500 1501 
1639 185 184 1085 1086 1485 1479 3019 3025 
1640 1485 1479 3019 3025 1486 1480 3020 3026 
1641 1486 1480 3020 3026 1487 1481 3021 3027 
1642 1487 1481 3021 3027 1488 1482 3022 3028 
1643 1488 1482 3022 3028 1489 1483 3023 3029 
1644 1489 1483 3023 3029 1490 1484 3024 3030 
1645 1490 1484 3024 3030 476 475 1501 1502 
1646 28 185 1086 161 478 1485 3025 1491 
1647 478 1485 3025 1491 479 1486 3026 1492 
1648 479 1486 3026 1492 480 1487 3027 1493 
1649 480 1487 3027 1493 481 1488 3028 1494 
1650 481 1488 3028 1494 482 1489 3029 1495 
1651 482 1489 3029 1495 483 1490 3030 1496 
1652 483 1490 3030 1496 86 476 1502 477 
3 23 5 98
1653 1087 154 20 180 3031 1335 404 1455 
1654 3031 1335 404 1455 3032 1336 405 1456 
1655 3032 1336 405 1456 3033 1337 406 1457 
1656 3033 1337 406 1457 3034 1338 407 1458 
1657 3034 1338 407 1458 3035 1339 408 1459 
1658 3035 1339 408 1459 3036 1340 409 1460 
1659 3036 1340 409 1460 1545 410 78 471 
1660 1088 1087 180 181 3037 3031 1455 1461 
1661 3037 3031 1455 1461 3038 3032 1456 1462 
1662 3038 3032 1456 1462 3039 3033 1457 1463 
1663 3039 3033 1457 1463 3040 3034 1458 1464 
1664 3040 3034 1458 1464 3041 3035 1459 1465 
1665 3041 3035 1459 1465 3042 3036 1460 1466 
1666 3042 3036 1460 1466 1546 1545 471 472 
1667 1089 1088 181 182 3043 3037 1461 1467 
1668 3043 3037 1461 1467 3044 3038 1462 1468 
1669 3044 3038 1462 1468 3045 3039 1463 1469 
1670 3045 3039 1463 1469 3046 3040 1464 1470 
1671 3046 3040 1464 1470 3047 3041 1465 1471 
1672 3047 3041 1465 1471 3048 3042 1466 1472 
1673 3048 3042 1466 1472 1547 1546 472 473 
1674 1090 1089 182 183 3049 3043 1467 1473 
1675 3049 3043 1467 1473 3050 3044 1468 1474 
1676 3050 3044 1468 1474 3051 3045 1469 1475 
1677 3051 3045 1469 1475 3052 3046 1470 1476 
1678 3052 3046 1470 1476 3053 3047 1471 1477 
1679 3053 3047 1471 1477 3054 3048 1472 1478 
1680 3054 3048 1472 1478 1548 1547 473 474 
1681 1091 1090 183 184 3055 3049 1473 1479 
1682 3055 3049 1473 1479 3056 3050 1474 1480 
1683 3056 3050 1474 1480 3057 3051 1475 1481 
1684 3057 3051 1475 1481 3058 3052 1476 1482 
1685 3058 3052 1476 1482 3059 3053 1477 1483 
1686 3059 3053 1477 1483 3060 3054 1478 1484 
1687 3060 3054 1478 1484 1549 1548 474 475 
1688 1092 1091 184 185 3061 3055 1479 1485 
1689 3061 3055 1479 1485 3062 3056 1480 1486 
1690 3062 3056 1480 1486 3063 3057 1481 1487 
1691 3063 3057 1481 1487 3064 3058 1482 1488 
1692 3064 3058 1482 1488 3065 3059 1483 1489 
1693 3065 3059 1483 1489 3066 3060 1484 1490 
1694 3066 3060 1484 1490 1550 1549 475 476 
1695 162 1092 185 28 1539 3061 1485 478 
1696 1539 3061 1485 478 1540 3062 1486 479 
1697 1540 3062 1486 479 1541 3063 1487 480 
1698 1541 3063 1487 480 1542 3064 1488 481 
1699 1542 3064 1488 481 1543 3065 1489 482 
1700 1543 3065 1489 482 1544 3066 1490 483 
1701 1544 3066 1490 483 490 1550 476 86 
1702 186 21 154 1087 1503 411 1335 3031 
1703 1503 411 1335 3031 1504 412 1336 3032 
1704 1504 412 1336 3032 1505 413 1337 3033 
1705 1505 413 1337 3033 1506 414 1338 3034 
1706 1506 414 1338 3034 1507 415 1339 3035 
1707 1507 415 1339 3035 1508 416 1340 3036 
1708 1508 416 1340 3036 484 79 410 1545 
1709 187 186 1087 1088 1509 1503 3031 3037 
1710 1509 1503 3031 3037 1510 1504 3032 3038 
1711 1510 1504 3032 3038 1511 1505 3033 3039 
1712 1511 1505 3033 3039 1512 1506 3034 3040 
1713 1512 1506 3034 3040 1513 1507 3035 3041 
1714 1513 1507 3035 3041 1514 1508 3036 3042 
1715 1514 1508 3036 3042 485 484 1545 1546 
1716 188 187 1088 1089 1515 1509 3037 3043 
1717 1515 1509 3037 3043 1516 1510 3038 3044 
1718 1516 1510 3038 3044 1517 1511 3039 3045 
1719 1517 1511 3039 3045 1518 1512 3040 3046 
1720 1518 1512 3040 3046 1519 1513 3041 3047 
1721 1519 1513 3041 3047 1520 1514 3042 3048 
1722 1520 1514 3042 3048 486 485 1546 1547 
1723 189 188 1089 1090 1521 1515 3043 3049 
1724 1521 1515 3043 3049 1522 1516 3044 3050 
1725 1522 1516 3044 3050 1523 1517 3045 3051 
1726 1523 1517 3045 3051 1524 1518 3046 3052 
1727 1524 1518 3046 3052 1525 1519 3047 3053 
1728 1525 1519 3047 3053 1526 1520 3048 3054 
1729 1526 1520 3048 3054 487 486 1547 1548 
1730 190 189 1090 1091 1527 1521 3049 3055 
1731 1527 1521 3049 3055 1528 1522 3050 3056 
1732 1528 1522 3050 3056 1529 1523 3051 3057 
1733 1529 1523 3051 3057 1530 1524 3052 3058 
1734 1530 1524 3052 3058 1531 1525 3053 3059 
1735 1531 1525 3053 3059 1532 1526 3054 3060 
1736 1532 1526 3054 3060 488 487 1548 1549 
1737 191 190 1091 1092 1533 1527 3055 3061 
1738 1533 1527 3055 3061 1534 1528 3056 3062 
1739 1534 1528 3056 3062 1535 1529 3057 3063 
1740 1535 1529 3057 3063 1536 1530 3058 3064 
1741 1536 1530 3058 3064 1537 1531 3059 3065 
1742 1537 1531 3059 3065 1538 1532 3060 3066 
1743 1538 1532 3060 3066 489 488 1549 1550 
1744 29 191 1092 162 491 1533 3061 1539 
1745 491 1533 3061 1539 492 1534 3062 1540 
1746 492 1534 3062 1540 493 1535 3063 1541 
1747 493 1535 3063 1541 494 1536 3064 1542 
1748 494 1536 3064 1542 495 1537 3065 1543 
1749 495 1537 3065 1543 496 1538 3066 1544 
1750 496 1538 3066 1544 87 489 1550 490 
3 24 5 98
1751 1093 155 21 186 3067 1341 411 1503 
1752 3067 1341 411 1503 3068 1342 412 1504 
1753 3068 1342 412 1504 3069 1343 413 1505 
1754 3069 1343 413 1505 3070 1344 414 1506 
1755 3070 1344 414 1506 3071 1345 415 1507 
1756 3071 1345 415 1507 3072 1346 416 1508 
1757 3072 1346 416 1508 1593 417 79 484 
1758 1094 1093 186 187 3073 3067 1503 1509 
1759 3073 3067 1503 1509 3074 3068 1504 1510 
1760 3074 3068 1504 1510 3075 3069 1505 1511 
1761 3075 3069 1505 1511 3076 3070 1506 1512 
1762 3076 3070 1506 1512 3077 3071 1507 1513 
1763 3077 3071 1507 1513 3078 3072 1508 1514 
1764 3078 3072 1508 1514 1594 1593 484 485 
1765 1095 1094 187 188 3079 3073 1509 1515 
1766 3079 3073 1509 1515 3080 3074 1510 1516 
1767 3080 3074 1510 1516 3081 3075 1511 1517 
1768 3081 3075 1511 1517 3082 3076 1512 1518 
1769 3082 3076 1512 1518 3083 3077 1513 1519 
1770 3083 3077 1513 1519 3084 3078 1514 1520 
1771 3084 3078 1514 1520 1595 1594 485 486 
1772 1096 1095 188 189 3085 3079 1515 1521 
1773 3085 3079 1515 1521 3086 3080 1516 1522 
1774 3086 3080 1516 1522 3087 3081 1517 1523 
1775 3087 3081 1517 1523 3088 3082 1518 1524 
1776 3088 3082 1518 1524 3089 3083 1519 1525 
1777 3089 3083 1519 1525 3090 3084 1520 1526 
1778 3090 3084 1520 1526 1596 1595 486 487 
1779 1097 1096 189 190 3091 3085 1521 1527 
1780 3091 3085 1521 1527 3092 3086 1522 1528 
1781 3092 3086 1522 1528 3093 3087 1523 1529 
1782 3093 3087 1523 1529 3094 3088 1524 1530 
1783 3094 3088 1524 1530 3095 3089 1525 1531 
1784 3095 3089 1525 1531 3096 3090 1526 1532 
1785 3096 3090 1526 1532 1597 1596 487 488 
1786 1098 1097 190 191 3097 3091 1527 1533 
1787 3097 3091 1527 1533 3098 3092 1528 1534 
1788 3098 3092 1528 1534 3099 3093 1529 1535 
1789 3099 3093 1529 1535 3100 3094 1530 1536 
1790 3100 3094 1530 1536 3101 3095 1531 1537 
1791 3101 3095 1531 1537 3102 3096 1532 1538 
1792 3102 3096 1532 1538 1598 1597 488 489 
1793 163 1098 191 29 1587 3097 1533 491 
1794 1587 3097 1533 491 1588 3098 1534 492 
1795 1588 3098 1534 492 1589 3099 1535 493 
1796 1589 3099 1535 493 1590 3100 1536 494 
1797 1590 3100 1536 494 1591 3101 1537 495 
1798 1591 3101 1537 495 1592 3102 1538 496 
1799 1592 3102 1538 496 503 1598 489 87 
1800 192 22 155 1093 1551 418 1341 3067 
1801 1551 418 1341 3067 1552 419 1342 3068 
1802 1552 419 1342 3068 1553 420 1343 3069 
1803 1553 420 1343 3069 1554 421 1344 3070 
1804 1554 421 1344 3070 1555 422 1345 3071 
1805 1555 422 1345 3071 1556 423 1346 3072 
1806 1556 423 1346 3072 497 80 417 1593 
1807 193 192 1093 1094 1557 1551 3067 3073 
1808 1557 1551 3067 3073 1558 1552 3068 3074 
1809 1558 1552 3068 3074 1559 1553 3069 3075 
1810 1559 1553 3069 3075 1560 1554 3070 3076 
1811 1560 1554 3070 3076 1561 1555 3071 3077 
1812 1561 1555 3071 3077 1562 1556 3072 3078 
1813 1562 1556 3072 3078 498 497 1593 1594 
1814 194 193 1094 1095 1563 1557 3073 3079 
1815 1563 1557 3073 3079 1564 1558 3074 3080 
1816 1564 1558 3074 3080 1565 1559 3075 3081 
1817 1565 1559 3075 3081 1566 1560 3076 3082 
1818 1566 1560 3076 3082 1567 1561 3077 3083 
1819 1567 1561 3077 3083 1568 1562 3078 3084 
1820 1568 1562 3078 3084 499 498 1594 1595 
1821 195 194 1095 1096 1569 1563 3079 3085 
1822 1569 1563 3079 3085 1570 1564 3080 3086 
1823 1570 1564 3080 3086 1571 1565 3081 3087 
1824 1571 1565 3081 3087 1572 1566 3082 3088 
1825 1572 1566 3082 3088 1573 1567 3083 3089 
1826 1573 1567 3083 3089 1574 1568 3084 3090 
1827 1574 1568 3084 3090 500 499 1595 1596 
1828 196 195 1096 1097 1575 1569 3085 3091 
1829 1575 1569 3085 3091 1576 1570 3086 3092 
1830 1576 1570 3086 3092 1577 1571 3087 3093 
1831 1577 1571 3087 3093 1578 1572 3088 3094 
1832 1578 1572 3088 3094 1579 1573 3089 3095 
1833 1579 1573 3089 3095 1580 1574 3090 3096 
1834 1580 1574 3090 3096 501 500 1596 1597 
1835 197 196 1097 1098 1581 1575 3091 3097 
1836 1581 1575 3091 3097 1582 1576 3092 3098 
1837 1582 1576 3092 3098 1583 1577 3093 3099 
1838 1583 1577 3093 3099 1584 1578 3094 3100 
1839 1584 1578 3094 3100 1585 1579 3095 3101 
1840 1585 1579 3095 3101 1586 1580 3096 3102 
1841 1586 1580 3096 3102 502 501 1597 1598 
1842 30 197 1098 163 504 1581 3097 1587 
1843 504 1581 3097 1587 505 1582 3098 1588 
1844 505 1582 3098 1588 506 1583 3099 1589 
1845 506 1583 3099 1589 507 1584 3100 1590 
1846 507 1584 3100 1590 508 1585 3101 1591 
1847 508 1585 3101 1591 509 1586 3102 1592 
1848 509 1586 3102 1592 88 502 1598 503 
3 25 5 98
1849 1099 156 22 192 3103 1347 418 1551 
1850 3103 1347 418 1551 3104 1348 419 1552 
1851 3104 1348 419 1552 3105 1349 420 1553 
1852 3105 1349 420 1553 3106 1350 421 1554 
1853 3106 1350 421 1554 3107 1351 422 1555 
1854 3107 1351 422 1555 3108 1352 423 1556 
1855 3108 1352 423 1556 1641 424 80 497 
1856 1100 1099 192 193 3109 3103 1551 1557 
1857 3109 3103 1551 1557 3110 3104 1552 1558 
1858 3110 3104 1552 1558 3111 3105 1553 1559 
1859 3111 3105 1553 1559 3112 3106 1554 1560 
1860 3112 3106 1554 1560 3113 3107 1555 1561 
1861 3113 3107 1555 1561 3114 3108 1556 1562 
1862 3114 3108 1556 1562 1642 1641 497 498 
1863 1101 1100 193 194 3115 3109 1557 1563 
1864 3115 3109 1557 1563 3116 3110 1558 1564 
1865 3116 3110 1558 1564 3117 3111 1559 1565 
1866 3117 3111 1559 1565 3118 3112 1560 1566 
1867 3118 3112 1560 1566 3119 3113 1561 1567 
1868 3119 3113 1561 1567 3120 3114 1562 1568 
1869 3120 3114 1562 1568 1643 1642 498 499 
1870 1102 1101 194 195 3121 3115 1563 1569 
1871 3121 3115 1563 1569 3122 3116 1564 1570 
1872 3122 3116 1564 1570 3123 3117 1565 1571 
1873 3123 3117 1565 1571 3124 3118 1566 1572 
1874 3124 3118 1566 1572 3125 3119 1567 1573 
1875 3125 3119 1567 1573 3126 3120 1568 1574 
1876 3126 3120 1568 1574 1644 1643 499 500 
1877 1103 1102 195 196 3127 3121 1569 1575 
1878 3127 3121 1569 1575 3128 3122 1570 1576 
1879 3128 3122 1570 1576 3129 3123 1571 1577 
1880 3129 3123 1571 1577 3130 3124 1572 1578 
1881 3130 3124 1572 1578 3131 3125 1573 1579 
1882 3131 3125 1573 1579 3132 3126 1574 1580 
1883 3132 3126 1574 1580 1645 1644 500 501 
1884 1104 1103 196 197 3133 3127 1575 1581 
1885 3133 3127 1575 1581 3134 3128 1576 1582 
1886 3134 3128 1576 1582 3135 3129 1577 1583 
1887 3135 3129 1577 1583 3136 3130 1578 1584 
1888 3136 3130 1578 1584 3137 3131 1579 1585 
1889 3137 3131 1579 1585 3138 3132 1580 1586 
1890 3138 3132 1580 1586 1646 1645 501 502 
1891 164 1104 197 30 1635 3133 1581 504 
1892 1635 3133 1581 504 1636 3134 1582 505 
1893 1636 3134 1582 505 1637 3135 1583 506 
1894 1637 3135 1583 506 1638 3136 1584 507 
1895 1638 3136 1584 507 1639 3137 1585 508 
1896 1639 3137 1585 508 1640 3138 1586 509 
1897 1640 3138 1586 509 516 1646 502 88 
1898 198 23 156 1099 1599 425 1347 3103 
1899 1599 425 1347 3103 1600 426 1348 3104 
1900 1600 426 1348 3104 1601 427 1349 3105 
1901 1601 427 1349 3105 1602 428 1350 3106 
1902 1602 428 1350 3106 1603 429 1351 3107 
1903 1603 429 1351 3107 1604 430 1352 3108 
1904 1604 430 1352 3108 510 81 424 1641 
1905 199 198 1099 1100 1605 1599 3103 3109 
1906 1605 1599 3103 3109 1606 1600 3104 3110 
1907 1606 1600 3104 3110 1607 1601 3105 3111 
1908 1607 1601 3105 3111 1608 1602 3106 3112 
1909 1608 1602 3106 3112 1609 1603 3107 3113 
1910 1609 1603 3107 3113 1610 1604 3108 3114 
1911 1610 1604 3108 3114 511 510 1641 1642 
1912 200 199 1100 1101 1611 1605 3109 3115 
1913 1611 1605 3109 3115 1612 1606 3110 3116 
1914 1612 1606 3110 3116 1613 1607 3111 3117 
1915 1613 1607 3111 3117 1614 1608 3112 3118 
1916 1614 1608 3112 3118 1615 1609 3113 3119 
1917 1615 1609 3113 3119 1616 1610 3114 3120 
1918 1616 1610 3114 3120 512 511 1642 1643 
1919 201 200 1101 1102 1617 1611 3115 3121 
1920 1617 1611 3115 3121 1618 1612 3116 3122 
1921 1618 1612 3116 3122 1619 1613 3117 3123 
1922 1619 1613 3117 3123 1620 1614 3118 3124 
1923 1620 1614 3118 3124 1621 1615 3119 3125 
1924 1621 1615 3119 3125 1622 1616 3120 3126 
1925 1622 1616 3120 3126 513 512 1643 1644 
1926 202 201 1102 1103 1623 1617 3121 3127 
1927 1623 1617 3121 3127 1624 1618 3122 3128 
1928 1624 1618 3122 3128 1625 1619 3123 3129 
1929 1625 1619 3123 3129 1626 1620 3124 3130 
1930 1626 1620 3124 3130 1627 1621 3125 3131 
1931 1627 1621 3125 3131 1628 1622 3126 3132 
1932 1628 1622 3126 3132 514 513 1644 1645 
1933 203 202 1103 1104 1629 1623 3127 3133 
1934 1629 1623 3127 3133 1630 1624 3128 3134 
1935 1630 1624 3128 3134 1631 1625 3129 3135 
1936 1631 1625 3129 3135 1632 1626 3130 3136 
1937 1632 1626 3130 3136 1633 1627 3131 3137 
1938 1633 1627 3131 3137 1634 1628 3132 3138 
1939 1634 1628 3132 3138 515 514 1645 1646 
1940 31 203 1104 164 517 1629 3133 1635 
1941 517 1629 3133 1635 518 1630 3134 1636 
1942 518 1630 3134 1636 519 1631 3135 1637 
1943 519 1631 3135 1637 520 1632 3136 1638 
1944 520 1632 3136 1638 521 1633 3137 1639 
1945 521 1633 3137 1639 522 1634 3138 1640 
1946 522 1634 3138 1640 89 515 1646 516 
3 26 5 98
1947 1105 157 23 198 3139 1353 425 1599 
1948 3139 1353 425 1599 3140 1354 426 1600 
1949 3140 1354 426 1600 3141 1355 427 1601 
1950 3141 1355 427 1601 3142 1356 428 1602 
1951 3142 1356 428 1602 3143 1357 429 1603 
1952 3143 1357 429 1603 3144 1358 430 1604 
1953 3144 1358 430 1604 1689 431 81 510 
1954 1106 1105 198 199 3145 3139 1599 1605 
1955 3145 3139 1599 1605 3146 3140 1600 1606 
1956 3146 3140 1600 1606 3147 3141 1601 1607 
1957 3147 3141 1601 1607 3148 3142 1602 1608 
1958 3148 3142 1602 1608 3149 3143 1603 1609 
1959 3149 3143 1603 1609 3150 3144 1604 1610 
1960 3150 3144 1604 1610 1690 1689 510 511 
1961 1107 1106 199 200 3151 3145 1605 1611 
1962 3151 3145 1605 1611 3152 3146 1606 1612 
1963 3152 3146 1606 1612 3153 3147 1607 1613 
1964 3153 3147 1607 1613 3154 3148 1608 1614 
1965 3154 3148 1608 1614 3155 3149 1609 1615 
1966 3155 3149 1609 1615 3156 3150 1610 1616 
1967 3156 3150 1610 1616 1691 1690 511 512 
1968 1108 1107 200 201 3157 3151 1611 1617 
1969 3157 3151 1611 1617 3158 3152 1612 1618 
1970 3158 3152 1612 1618 3159 3153 1613 1619 
1971 3159 3153 1613 1619 3160 3154 1614 1620 
1972 3160 3154 1614 1620 3161 3155 1615 1621 
1973 3161 3155 1615 1621 3162 3156 1616 1622 
1974 3162 3156 1616 1622 1692 1691 512 513 
1975 1109 1108 201 202 3163 3157 1617 1623 
1976 3163 3157 1617 1623 3164 3158 1618 1624 
1977 3164 3158 1618 1624 3165 3159 1619 1625 
1978 3165 3159 1619 1625 3166 3160 1620 1626 
1979 3166 3160 1620 1626 3167 3161 1621 1627 
1980 3167 3161 1621 1627 3168 3162 1622 1628 
1981 3168 3162 1622 1628 1693 1692 513 514 
1982 1110 1109 202 203 3169 3163 1623 1629 
1983 3169 3163 1623 1629 3170 3164 1624 1630 
1984 3170 3164 1624 1630 3171 3165 1625 1631 
1985 3171 3165 1625 1631 3172 3166 1626 1632 
1986 3172 3166 1626 1632 3173 3167 1627 1633 
1987 3173 3167 1627 1633 3174 3168 1628 1634 
1988 3174 3168 1628 1634 1694 1693 514 515 
1989 165 1110 203 31 1683 3169 1629 517 
1990 1683 3169 1629 517 1684 3170 1630 518 
1991 1684 3170 1630 518 1685 3171 1631 519 
1992 1685 3171 1631 519 1686 3172 1632 520 
1993 1686 3172 1632 520 1687 3173 1633 521 
1994 1687 3173 1633 521 1688 3174 1634 522 
1995 1688 3174 1634 522 529 1694 515 89 
1996 204 24 157 1105 1647 432 1353 3139 
1997 1647 432 1353 3139 1648 433 1354 3140 
1998 1648 433 1354 3140 1649 434 1355 3141 
1999 1649 434 1355 3141 1650 435 1356 3142 
2000 1650 435 1356 3142 1651 436 1357 3143 
2001 1651 436 1357 3143 1652 437 1358 3144 
2002 1652 437 1358 3144 523 82 431 1689 
2003 205 204 1105 1106 1653 1647 3139 3145 
2004 1653 1647 3139 3145 1654 1648 3140 3146 
2005 1654 1648 3140 3146 1655 1649 3141 3147 
2006 1655 1649 3141 3147 1656 1650 3142 3148 
2007 1656 1650 3142 3148 1657 1651 3143 3149 
2008 1657 1651 3143 3149 1658 1652 3144 3150 
2009 1658 1652 3144 3150 524 523 1689 1690 
2010 206 205 1106 1107 1659 1653 3145 3151 
2011 1659 1653 3145 3151 1660 1654 3146 3152 
2012 1660 1654 3146 3152 1661 1655 3147 3153 
2013 1661 1655 3147 3153 1662 1656 3148 3154 
2014 1662 1656 3148 3154 1663 1657 3149 3155 
2015 1663 1657 3149 3155 1664 1658 3150 3156 
2016 1664 1658 3150 3156 525 524 1690 1691 
2017 207 206 1107 1108 1665 1659 3151 3157 
2018 1665 1659 3151 3157 1666 1660 3152 3158 
2019 1666 1660 3152 3158 1667 1661 3153 3159 
2020 1667 1661 3153 3159 1668 1662 3154 3160 
2021 1668 1662 3154 3160 1669 1663 3155 3161 
2022 1669 1663 3155 3161 1670 1664 3156 3162 
2023 1670 1664 3156 3162 526 525 1691 1692 
2024 208 207 1108 1109 1671 1665 3157 3163 
2025 1671 1665 3157 3163 1672 1666 3158 3164 
2026 1672 1666 3158 3164 1673 1667 3159 3165 
2027 1673 1667 3159 3165 1674 1668 3160 3166 
2028 1674 1668 3160 3166 1675 1669 3161 3167 
2029 1675 1669 3161 3167 1676 1670 3162 3168 
2030 1676 1670 3162 3168 527 526 1692 1693 
2031 209 208 1109 1110 1677 1671 3163 3169 
2032 1677 1671 3163 3169 1678 1672 3164 3170 
2033 1678 1672 3164 3170 1679 1673 3165 3171 
2034 1679 1673 3165 3171 1680 1674 3166 3172 
2035 1680 1674 3166 3172 1681 1675 3167 3173 
2036 1681 1675 3167 3173 1682 1676 3168 3174 
2037 1682 1676 3168 3174 528 527 1693 1694 
2038 32 209 1110 165 530 1677 3169 1683 
2039 530 1677 3169 1683 531 1678 3170 1684 
2040 531 1678 3170 1684 532 1679 3171 1685 
2041 532 1679 3171 1685 533 1680 3172 1686 
2042 533 1680 3172 1686 534 1681 3173 1687 
2043 534 1681 3173 1687 535 1682 3174 1688 
2044 535 1682 3174 1688 90 528 1694 529 
3 27 5 98
2045 1111 158 24 204 3175 1359 432 1647 
2046 3175 1359 432 1647 3176 1360 433 1648 
2047 3176 1360 433 1648 3177 1361 434 1649 
2048 3177 1361 434 1649 3178 1362 435 1650 
2049 3178 1362 435 1650 3179 1363 436 1651 
2050 3179 1363 436 1651 3180 1364 437 1652 
2051 3180 1364 437 1652 1737 438 82 523 
2052 1112 1111 204 205 3181 3175 1647 1653 
2053 3181 3175 1647 1653 3182 3176 1648 1654 
2054 3182 3176 1648 1654 3183 3177 1649 1655 
2055 3183 3177 1649 1655 3184 3178 1650 1656 
2056 3184 3178 1650 1656 3185 3179 1651 1657 
2057 3185 3179 1651 1657 3186 3180 1652 1658 
2058 3186 3180 1652 1658 1738 1737 523 524 
2059 1113 1112 205 206 3187 3181 1653 1659 
2060 3187 3181 1653 1659 3188 3182 1654 1660 
2061 3188 3182 1654 1660 3189 3183 1655 1661 
2062 3189 3183 1655 1661 3190 3184 1656 1662 
2063 3190 3184 1656 1662 3191 3185 1657 1663 
2064 3191 3185 1657 1663 3192 3186 1658 1664 
2065 3192 3186 1658 1664 1739 1738 524 525 
2066 1114 1113 206 207 3193 3187 1659 1665 
2067 3193 3187 1659 1665 3194 3188 1660 1666 
2068 3194 3188 1660 1666 3195 3189 1661 1667 
2069 3195 3189 1661 1667 3196 3190 1662 1668 
2070 3196 3190 1662 1668 3197 3191 1663 1669 
2071 3197 3191 1663 1669 3198 3192 1664 1670 
2072 3198 3192 1664 1670 1740 1739 525 526 
2073 1115 1114 207 208 3199 3193 1665 1671 
2074 3199 3193 1665 1671 3200 3194 1666 1672 
2075 3200 3194 1666 1672 3201 3195 1667 1673 
2076 3201 3195 1667 1673 3202 3196 1668 1674 
2077 3202 3196 1668 1674 3203 3197 1669 1675 
2078 3203 3197 1669 1675 3204 3198 1670 1676 
2079 3204 3198 1670 1676 1741 1740 526 527 
2080 1116 1115 208 209 3205 3199 1671 1677 
2081 3205 3199 1671 1677 3206 3200 1672 1678 
2082 3206 3200 1672 1678 3207 3201 1673 1679 
2083 3207 3201 1673 1679 3208 3202 1674 1680 
2084 3208 3202 1674 1680 3209 3203 1675 1681 
2085 3209 3203 1675 1681 3210 3204 1676 1682 
2086 3210 3204 1676 1682 1742 1741 527 528 
2087 166 1116 209 32 1731 3205 1677 530 
2088 1731 3205 1677 530 1732 3206 1678 531 
2089 1732 3206 1678 531 1733 3207 1679 532 
2090 1733 3207 1679 532 1734 3208 1680 533 
2091 1734 3208 1680 533 1735 3209 1681 534 
2092 1735 3209 1681 534 1736 3210 1682 535 
2093 1736 3210 1682 535 542 1742 528 90 
2094 210 25 158 1111 1695 439 1359 3175 
2095 1695 439 1359 3175 1696 440 1360 3176 
2096 1696 440 1360 3176 1697 441 1361 3177 
2097 1697 441 1361 3177 1698 442 1362 3178 
2098 1698 442 1362 3178 1699 443 1363 3179 
2099 1699 443 1363 3179 1700 444 1364 3180 
2100 1700 444 1364 3180 536 83 438 1737 
2101 211 210 1111 1112 1701 1695 3175 3181 
2102 1701 1695 3175 3181 1702 1696 3176 3182 
2103 1702 1696 3176 3182 1703 1697 3177 3183 
2104 1703 1697 3177 3183 1704 1698 3178 3184 
2105 1704 1698 3178 3184 1705 1699 3179 3185 
2106 1705 1699 3179 3185 1706 1700 3180 3186 
2107 1706 1700 3180 3186 537 536 1737 1738 
2108 212 211 1112 1113 1707 1701 3181 3187 
2109 1707 1701 3181 3187 1708 1702 3182 3188 
2110 1708 1702 3182 3188 1709 1703 3183 3189 
2111 1709 1703 3183 3189 1710 1704 3184 3190 
2112 1710 1704 3184 3190 1711 1705 3185 3191 
2113 1711 1705 3185 3191 1712 1706 3186 3192 
2114 1712 1706 3186 3192 538 537 1738 1739 
2115 213 212 1113 1114 1713 1707 3187 3193 
2116 1713 1707 3187 3193 1714 1708 3188 3194 
2117 1714 1708 3188 3194 1715 1709 3189 3195 
2118 1715 1709 3189 3195 1716 1710 3190 3196 
2119 1716 1710 3190 3196 1717 1711 3191 3197 
2120 1717 1711 3191 3197 1718 1712 3192 3198 
2121 1718 1712 3192 3198 539 538 1739 1740 
2122 214 213 1114 1115 1719 1713 3193 3199 
2123 1719 1713 3193 3199 1720 1714 3194 3200 
2124 1720 1714 3194 3200 1721 1715 3195 3201 
2125 1721 1715 3195 3201 1722 1716 3196 3202 
2126 1722 1716 3196 3202 1723 1717 3197 3203 
2127 1723 1717 3197 3203 1724 1718 3198 3204 
2128 1724 1718 3198 3204 540 539 1740 1741 
2129 215 214 1115 1116 1725 1719 3199 3205 
2130 1725 1719 3199 3205 1726 1720 3200 3206 
2131 1726 1720 3200 3206 1727 1721 3201 3207 
2132 1727 1721 3201 3207 1728 1722 3202 3208 
2133 1728 1722 3202 3208 1729 1723 3203 3209 
2134 1729 1723 3203 3209 1730 1724 3204 3210 
2135 1730 1724 3204 3210 541 540 1741 1742 
2136 33 215 1116 166 543 1725 3205 1731 
2137 543 1725 3205 1731 544 1726 3206 1732 
2138 544 1726 3206 1732 545 1727 3207 1733 
2139 545 1727 3207 1733 546 1728 3208 1734 
2140 546 1728 3208 1734 547 1729 3209 1735 
2141 547 1729 3209 1735 548 1730 3210 1736 
2142 548 1730 3210 1736 91 541 1742 542 
3 28 5 98
2143 1117 159 25 210 3211 1365 439 1695 
2144 3211 1365 439 1695 3212 1366 440 1696 
2145 3212 1366 440 1696 3213 1367 441 1697 
2146 3213 1367 441 1697 3214 1368 442 1698 
2147 3214 1368 442 1698 3215 1369 443 1699 
2148 3215 1369 443 1699 3216 1370 444 1700 
2149 3216 1370 444 1700 1749 445 83 536 
2150 1118 1117 210 211 3217 3211 1695 1701 
2151 3217 3211 1695 1701 3218 3212 1696 1702 
2152 3218 3212 1696 1702 3219 3213 1697 1703 
2153 3219 3213 1697 1703 3220 3214 1698 1704 
2154 3220 3214 1698 1704 3221 3215 1699 1705 
2155 3221 3215 1699 1705 3222 3216 1700 1706 
2156 3222 3216 1700 1706 1750 1749 536 537 
2157 1119 1118 211 212 3223 3217 1701 1707 
2158 3223 3217 1701 1707 3224 3218 1702 1708 
2159 3224 3218 1702 1708 3225 3219 1703 1709 
2160 3225 3219 1703 1709 3226 3220 1704 1710 
2161 3226 3220 1704 1710 3227 3221 1705 1711 
2162 3227 3221 1705 1711 3228 3222 1706 1712 
2163 3228 3222 1706 1712 1751 1750 537 538 
2164 1120 1119 212 213 3229 3223 1707 1713 
2165 3229 3223 1707 1713 3230 3224 1708 1714 
2166 3230 3224 1708 1714 3231 3225 1709 1715 
2167 3231 3225 1709 1715 3232 3226 1710 1716 
2168 3232 3226 1710 1716 3233 3227 1711 1717 
2169 3233 3227 1711 1717 3234 3228 1712 1718 
2170 3234 3228 1712 1718 1752 1751 538 539 
2171 1121 1120 213 214 3235 3229 1713 1719 
2172 3235 3229 1713 1719 3236 3230 1714 1720 
2173 3236 3230 1714 1720 3237 3231 1715 1721 
2174 3237 3231 1715 1721 3238 3232 1716 1722 
2175 3238 3232 1716 1722 3239 3233 1717 1723 
2176 3239 3233 1717 1723 3240 3234 1718 1724 
2177 3240 3234 1718 1724 1753 1752 539 540 
2178 1122 1121 214 215 3241 3235 1719 1725 
2179 3241 3235 1719 1725 3242 3236 1720 1726 
2180 3242 3236 1720 1726 3243 3237 1721 1727 
2181 3243 3237 1721 1727 3244 3238 1722 1728 
2182 3244 3238 1722 1728 3245 3239 1723 1729 
2183 3245 3239 1723 1729 3246 3240 1724 1730 
2184 3246 3240 1724 1730 1754 1753 540 541 
2185 167 1122 215 33 1743 3241 1725 543 
2186 1743 3241 1725 543 1744 3242 1726 544 
2187 1744 3242 1726 544 1745 3243 1727 545 
2188 1745 3243 1727 545 1746 3244 1728 546 
2189 1746 3244 1728 546 1747 3245 1729 547 
2190 1747 3245 1729 547 1748 3246 1730 548 
2191 1748 3246 1730 548 549 1754 541 91 
2192 168 18 159 1117 1413 397 1365 3211 
2193 1413 397 1365 3211 1414 398 1366 3212 
2194 1414 398 1366 3212 1415 399 1367 3213 
2195 1415 399 1367 3213 1416 400 1368 3214 
2196 1416 400 1368 3214 1417 401 1369 3215 
2197 1417 401 1369 3215 1418 402 1370 3216 
2198 1418 402 1370 3216 458 77 445 1749 
2199 169 168 1117 1118 1419 1413 3211 3217 
2200 1419 1413 3211 3217 1420 1414 3212 3218 
2201 1420 1414 3212 3218 1421 1415 3213 3219 
2202 1421 1415 3213 3219 1422 1416 3214 3220 
2203 1422 1416 3214 3220 1423 1417 3215 3221 
2204 1423 1417 3215 3221 1424 1418 3216 3222 
2205 1424 1418 3216 3222 457 458 1749 1750 
2206 170 169 1118 1119 1425 1419 3217 3223 
2207 1425 1419 3217 3223 1426 1420 3218 3224 
2208 1426 1420 3218 3224 1427 1421 3219 3225 
2209 1427 1421 3219 3225 1428 1422 3220 3226 
2210 1428 1422 3220 3226 1429 1423 3221 3227 
2211 1429 1423 3221 3227 1430 1424 3222 3228 
2212 1430 1424 3222 3228 456 457 1750 1751 
2213 171 170 1119 1120 1431 1425 3223 3229 
2214 1431 1425 3223 3229 1432 1426 3224 3230 
2215 1432 1426 3224 3230 1433 1427 3225 3231 
2216 1433 1427 3225 3231 1434 1428 3226 3232 
2217 1434 1428 3226 3232 1435 1429 3227 3233 
2218 1435 1429 3227 3233 1436 1430 3228 3234 
2219 1436 1430 3228 3234 455 456 1751 1752 
2220 172 171 1120 1121 1437 1431 3229 3235 
2221 1437 1431 3229 3235 1438 1432 3230 3236 
2222 1438 1432 3230 3236 1439 1433 3231 3237 
2223 1439 1433 3231 3237 1440 1434 3232 3238 
2224 1440 1434 3232 3238 1441 1435 3233 3239 
2225 1441 1435 3233 3239 1442 1436 3234 3240 
2226 1442 1436 3234 3240 454 455 1752 1753 
2227 173 172 1121 1122 1443 1437 3235 3241 
2228 1443 1437 3235 3241 1444 1438 3236 3242 
2229 1444 1438 3236 3242 1445 1439 3237 3243 
2230 1445 1439 3237 3243 1446 1440 3238 3244 
2231 1446 1440 3238 3244 1447 1441 3239 3245 
2232 1447 1441 3239 3245 1448 1442 3240 3246 
2233 1448 1442 3240 3246 453 454 1753 1754 
2234 26 173 1122 167 465 1443 3241 1743 
2235 465 1443 3241 1743 466 1444 3242 1744 
2236 466 1444 3242 1744 467 1445 3243 1745 
2237 467 1445 3243 1745 468 1446 3244 1746 
2238 468 1446 3244 1746 469 1447 3245 1747 
2239 469 1447 3245 1747 470 1448 3246 1748 
2240 470 1448 3246 1748 85 453 1754 549 
3 29 5 28
2241 1123 160 26 224 3247 1407 465 1767 
2242 3247 1407 465 1767 3248 1408 466 1768 
2243 3248 1408 466 1768 3249 1409 467 1769 
2244 3249 1409 467 1769 3250 1410 468 1770 
2245 3250 1410 468 1770 3251 1411 469 1771 
2246 3251 1411 469 1771 3252 1412 470 1772 
2247 3252 1412 470 1772 1773 452 85 552 
2248 216 1123 224 34 1761 3247 1767 559 
2249 1761 3247 1767 559 1762 3248 1768 560 
2250 1762 3248 1768 560 1763 3249 1769 561 
2251 1763 3249 1769 561 1764 3250 1770 562 
2252 1764 3250 1770 562 1765 3251 1771 563 
2253 1765 3251 1771 563 1766 3252 1772 564 
2254 1766 3252 1772 564 551 1773 552 93 
2255 225 27 160 1123 1755 459 1407 3247 
2256 1755 459 1407 3247 1756 460 1408 3248 
2257 1756 460 1408 3248 1757 461 1409 3249 
2258 1757 461 1409 3249 1758 462 1410 3250 
2259 1758 462 1410 3250 1759 463 1411 3251 
2260 1759 463 1411 3251 1760 464 1412 3252 
2261 1760 464 1412 3252 550 84 452 1773 
2262 35 225 1123 216 553 1755 3247 1761 
2263 553 1755 3247 1761 554 1756 3248 1762 
2264 554 1756 3248 1762 555 1757 3249 1763 
2265 555 1757 3249 1763 556 1758 3250 1764 
2266 556 1758 3250 1764 557 1759 3251 1765 
2267 557 1759 3251 1765 558 1760 3252 1766 
2268 558 1760 3252 1766 92 550 1773 551 
3 30 5 28
2269 1124 161 27 225 3253 1491 459 1755 
2270 3253 1491 459 1755 3254 1492 460 1756 
2271 3254 1492 460 1756 3255 1493 461 1757 
2272 3255 1493 461 1757 3256 1494 462 1758 
2273 3256 1494 462 1758 3257 1495 463 1759 
2274 3257 1495 463 1759 3258 1496 464 1760 
2275 3258 1496 464 1760 1786 477 84 550 
2276 217 1124 225 35 1780 3253 1755 553 
2277 1780 3253 1755 553 1781 3254 1756 554 
2278 1781 3254 1756 554 1782 3255 1757 555 
2279 1782 3255 1757 555 1783 3256 1758 556 
2280 1783 3256 1758 556 1784 3257 1759 557 
2281 1784 3257 1759 557 1785 3258 1760 558 
2282 1785 3258 1760 558 566 1786 550 92 
2283 226 28 161 1124 1774 478 1491 3253 
2284 1774 478 1491 3253 1775 479 1492 3254 
2285 1775 479 1492 3254 1776 480 1493 3255 
2286 1776 480 1493 3255 1777 481 1494 3256 
2287 1777 481 1494 3256 1778 482 1495 3257 
2288 1778 482 1495 3257 1779 483 1496 3258 
2289 1779 483 1496 3258 565 86 477 1786 
2290 36 226 1124 217 567 1774 3253 1780 
2291 567 1774 3253 1780 568 1775 3254 1781 
2292 568 1775 3254 1781 569 1776 3255 1782 
2293 569 1776 3255 1782 570 1777 3256 1783 
2294 570 1777 3256 1783 571 1778 3257 1784 
2295 571 1778 3257 1784 572 1779 3258 1785 
2296 572 1779 3258 1785 94 565 1786 566 
3 31 5 28
2297 1125 162 28 226 3259 1539 478 1774 
2298 3259 1539 478 1774 3260 1540 479 1775 
2299 3260 1540 479 1775 3261 1541 480 1776 
2300 3261 1541 480 1776 3262 1542 481 1777 
2301 3262 1542 481 1777 3263 1543 482 1778 
2302 3263 1543 482 1778 3264 1544 483 1779 
2303 3264 1544 483 1779 1799 490 86 565 
2304 218 1125 226 36 1793 3259 1774 567 
2305 1793 3259 1774 567 1794 3260 1775 568 
2306 1794 3260 1775 568 1795 3261 1776 569 
2307 1795 3261 1776 569 1796 3262 1777 570 
2308 1796 3262 1777 570 1797 3263 1778 571 
2309 1797 3263 1778 571 1798 3264 1779 572 
2310 1798 3264 1779 572 574 1799 565 94 
2311 227 29 162 1125 1787 491 1539 3259 
2312 1787 491 1539 3259 1788 492 1540 3260 
2313 1788 492 1540 3260 1789 493 1541 3261 
2314 1789 493 1541 3261 1790 494 1542 3262 
2315 1790 494 1542 3262 1791 495 1543 3263 
2316 1791 495 1543 3263 1792 496 1544 3264 
2317 1792 496 1544 3264 573 87 490 1799 
2318 37 227 1125 218 575 1787 3259 1793 
2319 575 1787 3259 1793 576 1788 3260 1794 
2320 576 1788 3260 1794 577 1789 3261 1795 
2321 577 1789 3261 1795 578 1790 3262 1796 
2322 578 1790 3262 1796 579 1791 3263 1797 
2323 579 1791 3263 1797 580 1792 3264 1798 
2324 580 1792 3264 1798 95 573 1799 574 
3 32 5 28
2325 1126 163 29 227 3265 1587 491 1787 
2326 3265 1587 491 1787 3266 1588 492 1788 
2327 3266 1588 492 1788 3267 1589 493 1789 
2328 3267 1589 493 1789 3268 1590 494 1790 
2329 3268 1590 494 1790 3269 1591 495 1791 
2330 3269 1591 495 1791 3270 1592 496 1792 
2331 3270 1592 496 1792 1812 503 87 573 
2332 219 1126 227 37 1806 3265 1787 575 
2333 1806 3265 1787 575 1807 3266 1788 576 
2334 1807 3266 1788 576 1808 3267 1789 577 
2335 1808 3267 1789 577 1809 3268 1790 578 
2336 1809 3268 1790 578 1810 3269 1791 579 
2337 1810 3269 1791 579 1811 3270 1792 580 
2338 1811 3270 1792 580 582 1812 573 95 
2339 228 30 163 1126 1800 504 1587 3265 
2340 1800 504 1587 3265 1801 505 1588 3266 
2341 1801 505 1588 3266 1802 506 1589 3267 
2342 1802 506 1589 3267 1803 507 1590 3268 
2343 1803 507 1590 3268 1804 508 1591 3269 
2344 1804 508 1591 3269 1805 509 1592 3270 
2345 1805 509 1592 3270 581 88 503 1812 
2346 38 228 1126 219 583 1800 3265 1806 
2347 583 1800 3265 1806 584 1801 3266 1807 
2348 584 1801 3266 1807 585 1802 3267 1808 
2349 585 1802 3267 1808 586 1803 3268 1809 
2350 586 1803 3268 1809 587 1804 3269 1810 
2351 587 1804 3269 1810 588 1805 3270 1811 
2352 588 1805 3270 1811 96 581 1812 582 
3 33 5 28
2353 1127 164 30 228 3271 1635 504 1800 
2354 3271 1635 504 1800 3272 1636 505 1801 
2355 3272 1636 505 1801 3273 1637 506 1802 
2356 3273 1637 506 1802 3274 1638 507 1803 
2357 3274 1638 507 1803 3275 1639 508 1804 
2358 3275 1639 508 1804 3276 1640 509 1805 
2359 3276 1640 509 1805 1825 516 88 581 
2360 220 1127 228 38 1819 3271 1800 583 
2361 1819 3271 1800 583 1820 3272 1801 584 
2362 1820 3272 1801 584 1821 3273 1802 585 
2363 1821 3273 1802 585 1822 3274 1803 586 
2364 1822 3274 1803 586 1823 3275 1804 587 
2365 1823 3275 1804 587 1824 3276 1805 588 
2366 1824 3276 1805 588 590 1825 581 96 
2367 229 31 164 1127 1813 517 1635 3271 
2368 1813 517 1635 3271 1814 518 1636 3272 
2369 1814 518 1636 3272 1815 519 1637 3273 
2370 1815 519 1637 3273 1816 520 1638 3274 
2371 1816 520 1638 3274 1817 521 1639 3275 
2372 1817 521 1639 3275 1818 522 1640 3276 
2373 1818 522 1640 3276 589 89 516 1825 
2374 39 229 1127 220 591 1813 3271 1819 
2375 591 1813 3271 1819 592 1814 3272 1820 
2376 592 1814 3272 1820 593 1815 3273 1821 
2377 593 1815 3273 1821 594 1816 3274 1822 
2378 594 1816 3274 1822 595 1817 3275 1823 
2379 595 1817 3275 1823 596 1818 3276 1824 
2380 596 1818 3276 1824 97 589 1825 590 
3 34 5 28
2381 1128 165 31 229 3277 1683 517 1813 
2382 3277 1683 517 1813 3278 1684 518 1814 
2383 3278 1684 518 1814 3279 1685 519 1815 
2384 3279 1685 519 1815 3280 1686 520 1816 
2385 3280 1686 520 1816 3281 1687 521 1817 
2386 3281 1687 521 1817 3282 1688 522 1818 
2387 3282 1688 522 1818 1838 529 89 589 
2388 221 1128 229 39 1832 3277 1813 591 
2389 1832 3277 1813 591 1833 3278 1814 592 
2390 1833 3278 1814 592 1834 3279 1815 593 
2391 1834 3279 1815 593 1835 3280 1816 594 
2392 1835 3280 1816 594 1836 3281 1817 595 
2393 1836 3281 1817 595 1837 3282 1818 596 
2394 1837 3282 1818 596 598 1838 589 97 
2395 230 32 165 1128 1826 530 1683 3277 
2396 1826 530 1683 3277 1827 531 1684 3278 
2397 1827 531 1684 3278 1828 532 1685 3279 
2398 1828 532 1685 3279 1829 533 1686 3280 
2399 1829 533 1686 3280 1830 534 1687 3281 
2400 1830 534 1687 3281 1831 535 1688 3282 
2401 1831 535 1688 3282 597 90 529 1838 
2402 40 230 1128 221 599 1826 3277 1832 
2403 599 1826 3277 1832 600 1827 3278 1833 
2404 600 1827 3278 1833 601 1828 3279 1834 
2405 601 1828 3279 1834 602 1829 3280 1835 
2406 602 1829 3280 1835 603 1830 3281 1836 
2407 603 1830 3281 1836 604 1831 3282 1837 
2408 604 1831 3282 1837 98 597 1838 598 
3 35 5 28
2409 1129 166 32 230 3283 1731 530 1826 
2410 3283 1731 530 1826 3284 1732 531 1827 
2411 3284 1732 531 1827 3285 1733 532 1828 
2412 3285 1733 532 1828 3286 1734 533 1829 
2413 3286 1734 533 1829 3287 1735 534 1830 
2414 3287 1735 534 1830 3288 1736 535 1831 
2415 3288 1736 535 1831 1851 542 90 597 
2416 222 1129 230 40 1845 3283 1826 599 
2417 1845 3283 1826 599 1846 3284 1827 600 
2418 1846 3284 1827 600 1847 3285 1828 601 
2419 1847 3285 1828 601 1848 3286 1829 602 
2420 1848 3286 1829 602 1849 3287 1830 603 
2421 1849 3287 1830 603 1850 3288 1831 604 
2422 1850 3288 1831 604 606 1851 597 98 
2423 231 33 166 1129 1839 543 1731 3283 
2424 1839 543 1731 3283 1840 544 1732 3284 
2425 1840 544 1732 3284 1841 545 1733 3285 
2426 1841 545 1733 3285 1842 546 1734 3286 
2427 1842 546 1734 3286 1843 547 1735 3287 
2428 1843 547 1735 3287 1844 548 1736 3288 
2429 1844 548 1736 3288 605 91 542 1851 
2430 41 231 1129 222 607 1839 3283 1845 
2431 607 1839 3283 1845 608 1840 3284 1846 
2432 608 1840 3284 1846 609 1841 3285 1847 
2433 609 1841 3285 1847 610 1842 3286 1848 
2434 610 1842 3286 1848 611 1843 3287 1849 
2435 611 1843 3287 1849 612 1844 3288 1850 
2436 612 1844 3288 1850 99 605 1851 606 
3 36 5 28
2437 1130 167 33 231 3289 1743 543 1839 
2438 3289 1743 543 1839 3290 1744 544 1840 
2439 3290 1744 544 1840 3291 1745 545 1841 
2440 3291 1745 545 1841 3292 1746 546 1842 
2441 3292 1746 546 1842 3293 1747 547 1843 
2442 3293 1747 547 1843 3294 1748 548 1844 
2443 3294 1748 548 1844 1858 549 91 605 
2444 223 1130 231 41 1852 3289 1839 607 
2445 1852 3289 1839 607 1853 3290 1840 608 
2446 1853 3290 1840 608 1854 3291 1841 609 
2447 1854 3291 1841 609 1855 3292 1842 610 
2448 1855 3292 1842 610 1856 3293 1843 611 
2449 1856 3293 1843 611 1857 3294 1844 612 
2450 1857 3294 1844 612 613 1858 605 99 
2451 224 26 167 1130 1767 465 1743 3289 
2452 1767 465 1743 3289 1768 466 1744 3290 
2453 1768 466 1744 3290 1769 467 1745 3291 
2454 1769 467 1745 3291 1770 468 1746 3292 
2455 1770 468 1746 3292 1771 469 1747 3293 
2456 1771 469 1747 3293 1772 470 1748 3294 
2457 1772 470 1748 3294 552 85 549 1858 
2458 34 224 1130 223 559 1767 3289 1852 
2459 559 1767 3289 1852 560 1768 3290 1853 
2460 560 1768 3290 1853 561 1769 3291 1854 
2461 561 1769 3291 1854 562 1770 3292 1855 
2462 562 1770 3292 1855 563 1771 3293 1856 
2463 563 1771 3293 1856 564 1772 3294 1857 
2464 564 1772 3294 1857 93 552 1858 613 
3 37 5 40
2465 42 256 1131 257 614 1859 3295 1886 
2466 614 1859 3295 1886 615 1860 3296 1887 
2467 615 1860 3296 1887 616 1861 3297 1888 
2468 616 1861 3297 1888 617 1862 3298 1889 
2469 617 1862 3298 1889 618 1863 3299 1890 
2470 618 1863 3299 1890 619 1864 3300 1891 
2471 619 1864 3300 1891 620 1865 3301 1892 
2472 620 1865 3301 1892 621 1866 3302 1893 
2473 621 1866 3302 1893 622 1867 3303 1894 
2474 622 1867 3303 1894 1 148 1063 149 
2475 257 1131 249 52 1886 3295 1877 641 
2476 1886 3295 1877 641 1887 3296 1878 642 
2477 1887 3296 1878 642 1888 3297 1879 643 
2478 1888 3297 1879 643 1889 3298 1880 644 
2479 1889 3298 1880 644 1890 3299 1881 645 
2480 1890 3299 1881 645 1891 3300 1882 646 
2481 1891 3300 1882 646 1892 3301 1883 647 
2482 1892 3301 1883 647 1893 3302 1884 648 
2483 1893 3302 1884 648 1894 3303 1885 649 
2484 1894 3303 1885 649 149 1063 141 11 
2485 256 51 248 1131 1859 623 1868 3295 
2486 1859 623 1868 3295 1860 624 1869 3296 
2487 1860 624 1869 3296 1861 625 1870 3297 
2488 1861 625 1870 3297 1862 626 1871 3298 
2489 1862 626 1871 3298 1863 627 1872 3299 
2490 1863 627 1872 3299 1864 628 1873 3300 
2491 1864 628 1873 3300 1865 629 1874 3301 
2492 1865 629 1874 3301 1866 630 1875 3302 
2493 1866 630 1875 3302 1867 631 1876 3303 
2494 1867 631 1876 3303 148 10 140 1063 
2495 1131 248 55 249 3295 1868 632 1877 
2496 3295 1868 632 1877 3296 1869 633 1878 
2497 3296 1869 633 1878 3297 1870 634 1879 
2498 3297 1870 634 1879 3298 1871 635 1880 
2499 3298 1871 635 1880 3299 1872 636 1881 
2500 3299 1872 636 1881 3300 1873 637 1882 
2501 3300 1873 637 1882 3301 1874 638 1883 
2502 3301 1874 638 1883 3302 1875 639 1884 
2503 3302 1875 639 1884 3303 1876 640 1885 
2504 3303 1876 640 1885 1063 140 14 141 
3 38 5 40
2505 42 257 1132 258 614 1886 3304 1913 
2506 614 1886 3304 1913 615 1887 3305 1914 
2507 615 1887 3305 1914 616 1888 3306 1915 
2508 616 1888 3306 1915 617 1889 3307 1916 
2509 617 1889 3307 1916 618 1890 3308 1917 
2510 618 1890 3308 1917 619 1891 3309 1918 
2511 619 1891 3309 1918 620 1892 3310 1919 
2512 620 1892 3310 1919 621 1893 3311 1920 
2513 621 1893 3311 1920 622 1894 3312 1921 
2514 622 1894 3312 1921 1 149 1064 150 
2515 258 1132 251 53 1913 3304 1904 659 
2516 1913 3304 1904 659 1914 3305 1905 660 
2517 1914 3305 1905 660 1915 3306 1906 661 
2518 1915 3306 1906 661 1916 3307 1907 662 
2519 1916 3307 1907 662 1917 3308 1908 663 
2520 1917 3308 1908 663 1918 3309 1909 664 
2521 1918 3309 1909 664 1919 3310 1910 665 
2522 1919 3310 1910 665 1920 3311 1911 666 
2523 1920 3311 1911 666 1921 3312 1912 667 
2524 1921 3312 1912 667 150 1064 143 12 
2525 257 52 250 1132 1886 641 1895 3304 
2526 1886 641 1895 3304 1887 642 1896 3305 
2527 1887 642 1896 3305 1888 643 1897 3306 
2528 1888 643 1897 3306 1889 644 1898 3307 
2529 1889 644 1898 3307 1890 645 1899 3308 
2530 1890 645 1899 3308 1891 646 1900 3309 
2531 1891 646 1900 3309 1892 647 1901 3310 
2532 1892 647 1901 3310 1893 648 1902 3311 
2533 1893 648 1902 3311 1894 649 1903 3312 
2534 1894 649 1903 3312 149 11 142 1064 
2535 1132 250 56 251 3304 1895 650 1904 
2536 3304 1895 650 1904 3305 1896 651 1905 
2537 3305 1896 651 1905 3306 1897 652 1906 
2538 3306 1897 652 1906 3307 1898 653 1907 
2539 3307 1898 653 1907 3308 1899 654 1908 
2540 3308 1899 654 1908 3309 1900 655 1909 
2541 3309 1900 655 1909 3310 1901 656 1910 
2542 3310 1901 656 1910 3311 1902 657 1911 
2543 3311 1902 657 1911 3312 1903 658 1912 
2544 3312 1903 658 1912 1064 142 15 143 
3 39 5 40
2545 42 258 1133 259 614 1913 3313 1940 
2546 614 1913 3313 1940 615 1914 3314 1941 
2547 615 1914 3314 1941 616 1915 3315 1942 
2548 616 1915 3315 1942 617 1916 3316 1943 
2549 617 1916 3316 1943 618 1917 3317 1944 
2550 618 1917 3317 1944 619 1918 3318 1945 
2551 619 1918 3318 1945 620 1919 3319 1946 
2552 620 1919 3319 1946 621 1920 3320 1947 
2553 621 1920 3320 1947 622 1921 3321 1948 
2554 622 1921 3321 1948 1 150 1065 151 
2555 259 1133 253 54 1940 3313 1931 677 
2556 1940 3313 1931 677 1941 3314 1932 678 
2557 1941 3314 1932 678 1942 3315 1933 679 
2558 1942 3315 1933 679 1943 3316 1934 680 
2559 1943 3316 1934 680 1944 3317 1935 681 
2560 1944 3317 1935 681 1945 3318 1936 682 
2561 1945 3318 1936 682 1946 3319 1937 683 
2562 1946 3319 1937 683 1947 3320 1938 684 
2563 1947 3320 1938 684 1948 3321 1939 685 
2564 1948 3321 1939 685 151 1065 145 13 
2565 258 53 252 1133 1913 659 1922 3313 
2566 1913 659 1922 3313 1914 660 1923 3314 
2567 1914 660 1923 3314 1915 661 1924 3315 
2568 1915 661 1924 3315 1916 662 1925 3316 
2569 1916 662 1925 3316 1917 663 1926 3317 
2570 1917 663 1926 3317 1918 664 1927 3318 
2571 1918 664 1927 3318 1919 665 1928 3319 
2572 1919 665 1928 3319 1920 666 1929 3320 
2573 1920 666 1929 3320 1921 667 1930 3321 
2574 1921 667 1930 3321 150 12 144 1065 
2575 1133 252 57 253 3313 1922 668 1931 
2576 3313 1922 668 1931 3314 1923 669 1932 
2577 3314 1923 669 1932 3315 1924 670 1933 
2578 3315 1924 670 1933 3316 1925 671 1934 
2579 3316 1925 671 1934 3317 1926 672 1935 
2580 3317 1926 672 1935 3318 1927 673 1936 
2581 3318 1927 673 1936 3319 1928 674 1937 
2582 3319 1928 674 1937 3320 1929 675 1938 
2583 3320 1929 675 1938 3321 1930 676 1939 
2584 3321 1930 676 1939 1065 144 16 145 
3 40 5 40
2585 42 259 1134 256 614 1940 3322 1859 
2586 614 1940 3322 1859 615 1941 3323 1860 
2587 615 1941 3323 1860 616 1942 3324 1861 
2588 616 1942 3324 1861 617 1943 3325 1862 
2589 617 1943 3325 1862 618 1944 3326 1863 
2590 618 1944 3326 1863 619 1945 3327 1864 
2591 619 1945 3327 1864 620 1946 3328 1865 
2592 620 1946 3328 1865 621 1947 3329 1866 
2593 621 1947 3329 1866 622 1948 3330 1867 
2594 622 1948 3330 1867 1 151 1066 148 
2595 256 1134 255 51 1859 3322 1958 623 
2596 1859 3322 1958 623 1860 3323 1959 624 
2597 1860 3323 1959 624 1861 3324 1960 625 
2598 1861 3324 1960 625 1862 3325 1961 626 
2599 1862 3325 1961 626 1863 3326 1962 627 
2600 1863 3326 1962 627 1864 3327 1963 628 
2601 1864 3327 1963 628 1865 3328 1964 629 
2602 1865 3328 1964 629 1866 3329 1965 630 
2603 1866 3329 1965 630 1867 3330 1966 631 
2604 1867 3330 1966 631 148 1066 147 10 
2605 259 54 254 1134 1940 677 1949 3322 
2606 1940 677 1949 3322 1941 678 1950 3323 
2607 1941 678 1950 3323 1942 679 1951 3324 
2608 1942 679 1951 3324 1943 680 1952 3325 
2609 1943 680 1952 3325 1944 681 1953 3326 
2610 1944 681 1953 3326 1945 682 1954 3327 
2611 1945 682 1954 3327 1946 683 1955 3328 
2612 1946 683 1955 3328 1947 684 1956 3329 
2613 1947 684 1956 3329 1948 685 1957 3330 
2614 1948 685 1957 3330 151 13 146 1066 
2615 1134 254 58 255 3322 1949 686 1958 
2616 3322 1949 686 1958 3323 1950 687 1959 
2617 3323 1950 687 1959 3324 1951 688 1960 
2618 3324 1951 688 1960 3325 1952 689 1961 
2619 3325 1952 689 1961 3326 1953 690 1962 
2620 3326 1953 690 1962 3327 1954 691 1963 
2621 3327 1954 691 1963 3328 1955 692 1964 
2622 3328 1955 692 1964 3329 1956 693 1965 
2623 3329 1956 693 1965 3330 1957 694 1966 
2624 3330 1957 694 1966 1066 146 17 147 
3 41 5 40
2625 43 232 1135 240 695 1967 3331 1985 
2626 695 1967 3331 1985 696 1968 3332 1986 
2627 696 1968 3332 1986 697 1969 3333 1987 
2628 697 1969 3333 1987 698 1970 3334 1988 
2629 698 1970 3334 1988 699 1971 3335 1989 
2630 699 1971 3335 1989 700 1972 3336 1990 
2631 700 1972 3336 1990 701 1973 3337 1991 
2632 701 1973 3337 1991 702 1974 3338 1992 
2633 702 1974 3338 1992 703 1975 3339 1993 
2634 703 1975 3339 1993 2 124 1067 132 
2635 240 1135 248 51 1985 3331 1868 623 
2636 1985 3331 1868 623 1986 3332 1869 624 
2637 1986 3332 1869 624 1987 3333 1870 625 
2638 1987 3333 1870 625 1988 3334 1871 626 
2639 1988 3334 1871 626 1989 3335 1872 627 
2640 1989 3335 1872 627 1990 3336 1873 628 
2641 1990 3336 1873 628 1991 3337 1874 629 
2642 1991 3337 1874 629 1992 3338 1875 630 
2643 1992 3338 1875 630 1993 3339 1876 631 
2644 1993 3339 1876 631 132 1067 140 10 
2645 232 44 241 1135 1967 704 1976 3331 
2646 1967 704 1976 3331 1968 705 1977 3332 
2647 1968 705 1977 3332 1969 706 1978 3333 
2648 1969 706 1978 3333 1970 707 1979 3334 
2649 1970 707 1979 3334 1971 708 1980 3335 
2650 1971 708 1980 3335 1972 709 1981 3336 
2651 1972 709 1981 3336 1973 710 1982 3337 
2652 1973 710 1982 3337 1974 711 1983 3338 
2653 1974 711 1983 3338 1975 712 1984 3339 
2654 1975 712 1984 3339 124 3 133 1067 
2655 1135 241 55 248 3331 1976 632 1868 
2656 3331 1976 632 1868 3332 1977 633 1869 
2657 3332 1977 633 1869 3333 1978 634 1870 
2658 3333 1978 634 1870 3334 1979 635 1871 
2659 3334 1979 635 1871 3335 1980 636 1872 
2660 3335 1980 636 1872 3336 1981 637 1873 
2661 3336 1981 637 1873 3337 1982 638 1874 
2662 3337 1982 638 1874 3338 1983 639 1875 
2663 3338 1983 639 1875 3339 1984 640 1876 
2664 3339 1984 640 1876 1067 133 14 140 
3 42 5 40
2665 44 233 1136 241 704 1994 3340 1976 
2666 704 1994 3340 1976 705 1995 3341 1977 
2667 705 1995 3341 1977 706 1996 3342 1978 
2668 706 1996 3342 1978 707 1997 3343 1979 
2669 707 1997 3343 1979 708 1998 3344 1980 
2670 708 1998 3344 1980 709 1999 3345 1981 
2671 709 1999 3345 1981 710 2000 3346 1982 
2672 710 2000 3346 1982 711 2001 3347 1983 
2673 711 2001 3347 1983 712 2002 3348 1984 
2674 712 2002 3348 1984 3 125 1068 133 
2675 241 1136 249 55 1976 3340 1877 632 
2676 1976 3340 1877 632 1977 3341 1878 633 
2677 1977 3341 1878 633 1978 3342 1879 634 
2678 1978 3342 1879 634 1979 3343 1880 635 
2679 1979 3343 1880 635 1980 3344 1881 636 
2680 1980 3344 1881 636 1981 3345 1882 637 
2681 1981 3345 1882 637 1982 3346 1883 638 
2682 1982 3346 1883 638 1983 3347 1884 639 
2683 1983 3347 1884 639 1984 3348 1885 640 
2684 1984 3348 1885 640 133 1068 141 14 
2685 233 45 242 1136 1994 713 2003 3340 
2686 1994 713 2003 3340 1995 714 2004 3341 
2687 1995 714 2004 3341 1996 715 2005 3342 
2688 1996 715 2005 3342 1997 716 2006 3343 
2689 1997 716 2006 3343 1998 717 2007 3344 
2690 1998 717 2007 3344 1999 718 2008 3345 
2691 1999 718 2008 3345 2000 719 2009 3346 
2692 2000 719 2009 3346 2001 720 2010 3347 
2693 2001 720 2010 3347 2002 721 2011 3348 
2694 2002 721 2011 3348 125 4 134 1068 
2695 1136 242 52 249 3340 2003 641 1877 
2696 3340 2003 641 1877 3341 2004 642 1878 
2697 3341 2004 642 1878 3342 2005 643 1879 
2698 3342 2005 643 1879 3343 2006 644 1880 
2699 3343 2006 644 1880 3344 2007 645 1881 
2700 3344 2007 645 1881 3345 2008 646 1882 
2701 3345 2008 646 1882 3346 2009 647 1883 
2702 3346 2009 647 1883 3347 2010 648 1884 
2703 3347 2010 648 1884 3348 2011 649 1885 
2704 3348 2011 649 1885 1068 134 11 141 
3 43 5 40
2705 45 234 1137 242 713 2012 3349 2003 
2706 713 2012 3349 2003 714 2013 3350 2004 
2707 714 2013 3350 2004 715 2014 3351 2005 
2708 715 2014 3351 2005 716 2015 3352 2006 
2709 716 2015 3352 2006 717 2016 3353 2007 
2710 717 2016 3353 2007 718 2017 3354 2008 
2711 718 2017 3354 2008 719 2018 3355 2009 
2712 719 2018 3355 2009 720 2019 3356 2010 
2713 720 2019 3356 2010 721 2020 3357 2011 
2714 721 2020 3357 2011 4 126 1069 134 
2715 242 1137 250 52 2003 3349 1895 641 
2716 2003 3349 1895 641 2004 3350 1896 642 
2717 2004 3350 1896 642 2005 3351 1897 643 
2718 2005 3351 1897 643 2006 3352 1898 644 
2719 2006 3352 1898 644 2007 3353 1899 645 
2720 2007 3353 1899 645 2008 3354 1900 646 
2721 2008 3354 1900 646 2009 3355 1901 647 
2722 2009 3355 1901 647 2010 3356 1902 648 
2723 2010 3356 1902 648 2011 3357 1903 649 
2724 2011 3357 1903 649 134 1069 142 11 
2725 234 46 243 1137 2012 722 2021 3349 
2726 2012 722 2021 3349 2013 723 2022 3350 
2727 2013 723 2022 3350 2014 724 2023 3351 
2728 2014 724 2023 3351 2015 725 2024 3352 
2729 2015 725 2024 3352 2016 726 2025 3353 
2730 2016 726 2025 3353 2017 727 2026 3354 
2731 2017 727 2026 3354 2018 728 2027 3355 
2732 2018 728 2027 3355 2019 729 2028 3356 
2733 2019 729 2028 3356 2020 730 2029 3357 
2734 2020 730 2029 3357 126 5 135 1069 
2735 1137 243 56 250 3349 2021 650 1895 
2736 3349 2021 650 1895 3350 2022 651 1896 
2737 3350 2022 651 1896 3351 2023 652 1897 
2738 3351 2023 652 1897 3352 2024 653 1898 
2739 3352 2024 653 1898 3353 2025 654 1899 
2740 3353 2025 654 1899 3354 2026 655 1900 
2741 3354 2026 655 1900 3355 2027 656 1901 
2742 3355 2027 656 1901 3356 2028 657 1902 
2743 3356 2028 657 1902 3357 2029 658 1903 
2744 3357 2029 658 1903 1069 135 15 142 
3 44 5 40
2745 46 235 1138 243 722 2030 3358 2021 
2746 722 2030 3358 2021 723 2031 3359 2022 
2747 723 2031 3359 2022 724 2032 3360 2023 
2748 724 2032 3360 2023 725 2033 3361 2024 
2749 725 2033 3361 2024 726 2034 3362 2025 
2750 726 2034 3362 2025 727 2035 3363 2026 
2751 727 2035 3363 2026 728 2036 3364 2027 
2752 728 2036 3364 2027 729 2037 3365 2028 
2753 729 2037 3365 2028 730 2038 3366 2029 
2754 730 2038 3366 2029 5 127 1070 135 
2755 243 1138 251 56 2021 3358 1904 650 
2756 2021 3358 1904 650 2022 3359 1905 651 
2757 2022 3359 1905 651 2023 3360 1906 652 
2758 2023 3360 1906 652 2024 3361 1907 653 
2759 2024 3361 1907 653 2025 3362 1908 654 
2760 2025 3362 1908 654 2026 3363 1909 655 
2761 2026 3363 1909 655 2027 3364 1910 656 
2762 2027 3364 1910 656 2028 3365 1911 657 
2763 2028 3365 1911 657 2029 3366 1912 658 
2764 2029 3366 1912 658 135 1070 143 15 
2765 235 47 244 1138 2030 731 2039 3358 
2766 2030 731 2039 3358 2031 732 2040 3359 
2767 2031 732 2040 3359 2032 733 2041 3360 
2768 2032 733 2041 3360 2033 734 2042 3361 
2769 2033 734 2042 3361 2034 735 2043 3362 
2770 2034 735 2043 3362 2035 736 2044 3363 
2771 2035 736 2044 3363 2036 737 2045 3364 
2772 2036 737 2045 3364 2037 738 2046 3365 
2773 2037 738 2046 3365 2038 739 2047 3366 
2774 2038 739 2047 3366 127 6 136 1070 
2775 1138 244 53 251 3358 2039 659 1904 
2776 3358 2039 659 1904 3359 2040 660 1905 
2777 3359 2040 660 1905 3360 2041 661 1906 
2778 3360 2041 661 1906 3361 2042 662 1907 
2779 3361 2042 662 1907 3362 2043 663 1908 
2780 3362 2043 663 1908 3363 2044 664 1909 
2781 3363 2044 664 1909 3364 2045 665 1910 
2782 3364 2045 665 1910 3365 2046 666 1911 
2783 3365 2046 666 1911 3366 2047 667 1912 
2784 3366 2047 667 1912 1070 136 12 143 
3 45 5 40
2785 47 236 1139 244 731 2048 3367 2039 
2786 731 2048 3367 2039 732 2049 3368 2040 
2787 732 2049 3368 2040 733 2050 3369 2041 
2788 733 2050 3369 2041 734 2051 3370 2042 
2789 734 2051 3370 2042 735 2052 3371 2043 
2790 735 2052 3371 2043 736 2053 3372 2044 
2791 736 2053 3372 2044 737 2054 3373 2045 
2792 737 2054 3373 2045 738 2055 3374 2046 
2793 738 2055 3374 2046 739 2056 3375 2047 
2794 739 2056 3375 2047 6 128 1071 136 
2795 244 1139 252 53 2039 3367 1922 659 
2796 2039 3367 1922 659 2040 3368 1923 660 
2797 2040 3368 1923 660 2041 3369 1924 661 
2798 2041 3369 1924 661 2042 3370 1925 662 
2799 2042 3370 1925 662 2043 3371 1926 663 
2800 2043 3371 1926 663 2044 3372 1927 664 
2801 2044 3372 1927 664 2045 3373 1928 665 
2802 2045 3373 1928 665 2046 3374 1929 666 
2803 2046 3374 1929 666 2047 3375 1930 667 
2804 2047 3375 1930 667 136 1071 144 12 
2805 236 48 245 1139 2048 740 2057 3367 
2806 2048 740 2057 3367 2049 741 2058 3368 
2807 2049 741 2058 3368 2050 742 2059 3369 
2808 2050 742 2059 3369 2051 743 2060 3370 
2809 2051 743 2060 3370 2052 744 2061 3371 
2810 2052 744 2061 3371 2053 745 2062 3372 
2811 2053 745 2062 3372 2054 746 2063 3373 
2812 2054 746 2063 3373 2055 747 2064 3374 
2813 2055 747 2064 3374 2056 748 2065 3375 
2814 2056 748 2065 3375 128 7 137 1071 
2815 1139 245 57 252 3367 2057 668 1922 
2816 3367 2057 668 1922 3368 2058 669 1923 
2817 3368 2058 669 1923 3369 2059 670 1924 
2818 3369 2059 670 1924 3370 2060 671 1925 
2819 3370 2060 671 1925 3371 2061 672 1926 
2820 3371 2061 672 1926 3372 2062 673 1927 
2821 3372 2062 673 1927 3373 2063 674 1928 
2822 3373 2063 674 1928 3374 2064 675 1929 
2823 3374 2064 675 1929 3375 2065 676 1930 
2824 3375 2065 676 1930 1071 137 16 144 
3 46 5 40
2825 48 237 1140 245 740 2066 3376 2057 
2826 740 2066 3376 2057 741 2067 3377 2058 
2827 741 2067 3377 2058 742 2068 3378 2059 
2828 742 2068 3378 2059 743 2069 3379 2060 
2829 743 2069 3379 2060 744 2070 3380 2061 
2830 744 2070 3380 2061 745 2071 3381 2062 
2831 745 2071 3381 2062 746 2072 3382 2063 
2832 746 2072 3382 2063 747 2073 3383 2064 
2833 747 2073 3383 2064 748 2074 3384 2065 
2834 748 2074 3384 2065 7 129 1072 137 
2835 245 1140 253 57 2057 3376 1931 668 
2836 2057 3376 1931 668 2058 3377 1932 669 
2837 2058 3377 1932 669 2059 3378 1933 670 
2838 2059 3378 1933 670 2060 3379 1934 671 
2839 2060 3379 1934 671 2061 3380 1935 672 
2840 2061 3380 1935 672 2062 3381 1936 673 
2841 2062 3381 1936 673 2063 3382 1937 674 
2842 2063 3382 1937 674 2064 3383 1938 675 
2843 2064 3383 1938 675 2065 3384 1939 676 
2844 2065 3384 1939 676 137 1072 145 16 
2845 237 49 246 1140 2066 749 2075 3376 
2846 2066 749 2075 3376 2067 750 2076 3377 
2847 2067 750 2076 3377 2068 751 2077 3378 
2848 2068 751 2077 3378 2069 752 2078 3379 
2849 2069 752 2078 3379 2070 753 2079 3380 
2850 2070 753 2079 3380 2071 754 2080 3381 
2851 2071 754 2080 3381 2072 755 2081 3382 
2852 2072 755 2081 3382 2073 756 2082 3383 
2853 2073 756 2082 3383 2074 757 2083 3384 
2854 2074 757 2083 3384 129 8 138 1072 
2855 1140 246 54 253 3376 2075 677 1931 
2856 3376 2075 677 1931 3377 2076 678 1932 
2857 3377 2076 678 1932 3378 2077 679 1933 
2858 3378 2077 679 1933 3379 2078 680 1934 
2859 3379 2078 680 1934 3380 2079 681 1935 
2860 3380 2079 681 1935 3381 2080 682 1936 
2861 3381 2080 682 1936 3382 2081 683 1937 
2862 3382 2081 683 1937 3383 2082 684 1938 
2863 3383 2082 684 1938 3384 2083 685 1939 
2864 3384 2083 685 1939 1072 138 13 145 
3 47 5 40
2865 49 238 1141 246 749 2084 3385 2075 
2866 749 2084 3385 2075 750 2085 3386 2076 
2867 750 2085 3386 2076 751 2086 3387 2077 
2868 751 2086 3387 2077 752 2087 3388 2078 
2869 752 2087 3388 2078 753 2088 3389 2079 
2870 753 2088 3389 2079 754 2089 3390 2080 
2871 754 2089 3390 2080 755 2090 3391 2081 
2872 755 2090 3391 2081 756 2091 3392 2082 
2873 756 2091 3392 2082 757 2092 3393 2083 
2874 757 2092 3393 2083 8 130 1073 138 
2875 246 1141 254 54 2075 3385 1949 677 
2876 2075 3385 1949 677 2076 3386 1950 678 
2877 2076 3386 1950 678 2077 3387 1951 679 
2878 2077 3387 1951 679 2078 3388 1952 680 
2879 2078 3388 1952 680 2079 3389 1953 681 
2880 2079 3389 1953 681 2080 3390 1954 682 
2881 2080 3390 1954 682 2081 3391 1955 683 
2882 2081 3391 1955 683 2082 3392 1956 684 
2883 2082 3392 1956 684 2083 3393 1957 685 
2884 2083 3393 1957 685 138 1073 146 13 
2885 238 50 247 1141 2084 758 2093 3385 
2886 2084 758 2093 3385 2085 759 2094 3386 
2887 2085 759 2094 3386 2086 760 2095 3387 
2888 2086 760 2095 3387 2087 761 2096 3388 
2889 2087 761 2096 3388 2088 762 2097 3389 
2890 2088 762 2097 3389 2089 763 2098 3390 
2891 2089 763 2098 3390 2090 764 2099 3391 
2892 2090 764 2099 3391 2091 765 2100 3392 
2893 2091 765 2100 3392 2092 766 2101 3393 
2894 2092 766 2101 3393 130 9 139 1073 
2895 1141 247 58 254 3385 2093 686 1949 
2896 3385 2093 686 1949 3386 2094 687 1950 
2897 3386 2094 687 1950 3387 2095 688 1951 
2898 3387 2095 688 1951 3388 2096 689 1952 
2899 3388 2096 689 1952 3389 2097 690 1953 
2900 3389 2097 690 1953 3390 2098 691 1954 
2901 3390 2098 691 1954 3391 2099 692 1955 
2902 3391 2099 692 1955 3392 2100 693 1956 
2903 3392 2100 693 1956 3393 2101 694 1957 
2904 3393 2101 694 1957 1073 139 17 146 
3 48 5 40
2905 50 239 1142 247 758 2102 3394 2093 
2906 758 2102 3394 2093 759 2103 3395 2094 
2907 759 2103 3395 2094 760 2104 3396 2095 
2908 760 2104 3396 2095 761 2105 3397 2096 
2909 761 2105 3397 2096 762 2106 3398 2097 
2910 762 2106 3398 2097 763 2107 3399 2098 
2911 763 2107 3399 2098 764 2108 3400 2099 
2912 764 2108 3400 2099 765 2109 3401 2100 
2913 765 2109 3401 2100 766 2110 3402 2101 
2914 766 2110 3402 2101 9 131 1074 139 
2915 247 1142 255 58 2093 3394 1958 686 
2916 2093 3394 1958 686 2094 3395 1959 687 
2917 2094 3395 1959 687 2095 3396 1960 688 
2918 2095 3396 1960 688 2096 3397 1961 689 
2919 2096 3397 1961 689 2097 3398 1962 690 
2920 2097 3398 1962 690 2098 3399 1963 691 
2921 2098 3399 1963 691 2099 3400 1964 692 
2922 2099 3400 1964 692 2100 3401 1965 693 
2923 2100 3401 1965 693 2101 3402 1966 694 
2924 2101 3402 1966 694 139 1074 147 17 
2925 239 43 240 1142 2102 695 1985 3394 
2926 2102 695 1985 3394 2103 696 1986 3395 
2927 2103 696 1986 3395 2104 697 1987 3396 
2928 2104 697 1987 3396 2105 698 1988 3397 
2929 2105 698 1988 3397 2106 699 1989 3398 
2930 2106 699 1989 3398 2107 700 1990 3399 
2931 2107 700 1990 3399 2108 701 1991 3400 
2932 2108 701 1991 3400 2109 702 1992 3401 
2933 2109 702 1992 3401 2110 703 1993 3402 
2934 2110 703 1993 3402 131 2 132 1074 
2935 1142 240 51 255 3394 1985 623 1958 
2936 3394 1985 623 1958 3395 1986 624 1959 
2937 3395 1986 624 1959 3396 1987 625 1960 
2938 3396 1987 625 1960 3397 1988 626 1961 
2939 3397 1988 626 1961 3398 1989 627 1962 
2940 3398 1989 627 1962 3399 1990 628 1963 
2941 3399 1990 628 1963 3400 1991 629 1964 
2942 3400 1991 629 1964 3401 1992 630 1965 
2943 3401 1992 630 1965 3402 1993 631 1966 
2944 3402 1993 631 1966 1074 132 10 147 
3 49 5 140
2945 18 152 1075 168 781 2111 3403 2183 
2946 781 2111 3403 2183 782 2112 3404 2184 
2947 782 2112 3404 2184 783 2113 3405 2185 
2948 783 2113 3405 2185 784 2114 3406 2186 
2949 784 2114 3406 2186 785 2115 3407 2187 
2950 785 2115 3407 2187 786 2116 3408 2188 
2951 786 2116 3408 2188 787 2117 3409 2189 
2952 787 2117 3409 2189 788 2118 3410 2190 
2953 788 2118 3410 2190 789 2119 3411 2191 
2954 789 2119 3411 2191 100 767 2237 780 
2955 168 1075 1076 169 2183 3403 3412 2192 
2956 2183 3403 3412 2192 2184 3404 3413 2193 
2957 2184 3404 3413 2193 2185 3405 3414 2194 
2958 2185 3405 3414 2194 2186 3406 3415 2195 
2959 2186 3406 3415 2195 2187 3407 3416 2196 
2960 2187 3407 3416 2196 2188 3408 3417 2197 
2961 2188 3408 3417 2197 2189 3409 3418 2198 
2962 2189 3409 3418 2198 2190 3410 3419 2199 
2963 2190 3410 3419 2199 2191 3411 3420 2200 
2964 2191 3411 3420 2200 780 2237 2238 779 
2965 169 1076 1077 170 2192 3412 3421 2201 
2966 2192 3412 3421 2201 2193 3413 3422 2202 
2967 2193 3413 3422 2202 2194 3414 3423 2203 
2968 2194 3414 3423 2203 2195 3415 3424 2204 
2969 2195 3415 3424 2204 2196 3416 3425 2205 
2970 2196 3416 3425 2205 2197 3417 3426 2206 
2971 2197 3417 3426 2206 2198 3418 3427 2207 
2972 2198 3418 3427 2207 2199 3419 3428 2208 
2973 2199 3419 3428 2208 2200 3420 3429 2209 
2974 2200 3420 3429 2209 779 2238 2239 778 
2975 170 1077 1078 171 2201 3421 3430 2210 
2976 2201 3421 3430 2210 2202 3422 3431 2211 
2977 2202 3422 3431 2211 2203 3423 3432 2212 
2978 2203 3423 3432 2212 2204 3424 3433 2213 
2979 2204 3424 3433 2213 2205 3425 3434 2214 
2980 2205 3425 3434 2214 2206 3426 3435 2215 
2981 2206 3426 3435 2215 2207 3427 3436 2216 
2982 2207 3427 3436 2216 2208 3428 3437 2217 
2983 2208 3428 3437 2217 2209 3429 3438 2218 
2984 2209 3429 3438 2218 778 2239 2240 777 
2985 171 1078 1079 172 2210 3430 3439 2219 
2986 2210 3430 3439 2219 2211 3431 3440 2220 
2987 2211 3431 3440 2220 2212 3432 3441 2221 
2988 2212 3432 3441 2221 2213 3433 3442 2222 
2989 2213 3433 3442 2222 2214 3434 3443 2223 
2990 2214 3434 3443 2223 2215 3435 3444 2224 
2991 2215 3435 3444 2224 2216 3436 3445 2225 
2992 2216 3436 3445 2225 2217 3437 3446 2226 
2993 2217 3437 3446 2226 2218 3438 3447 2227 
2994 2218 3438 3447 2227 777 2240 2241 776 
2995 172 1079 1080 173 2219 3439 3448 2228 
2996 2219 3439 3448 2228 2220 3440 3449 2229 
2997 2220 3440 3449 2229 2221 3441 3450 2230 
2998 2221 3441 3450 2230 2222 3442 3451 2231 
2999 2222 3442 3451 2231 2223 3443 3452 2232 
3000 2223 3443 3452 2232 2224 3444 3453 2233 
3001 2224 3444 3453 2233 2225 3445 3454 2234 
3002 2225 3445 3454 2234 2226 3446 3455 2235 
3003 2226 3446 3455 2235 2227 3447 3456 2236 
3004 2227 3447 3456 2236 776 2241 2242 775 
3005 173 1080 160 26 2228 3448 2174 808 
3006 2228 3448 2174 808 2229 3449 2175 809 
3007 2229 3449 2175 809 2230 3450 2176 810 
3008 2230 3450 2176 810 2231 3451 2177 811 
3009 2231 3451 2177 811 2232 3452 2178 812 
3010 2232 3452 2178 812 2233 3453 2179 813 
3011 2233 3453 2179 813 2234 3454 2180 814 
3012 2234 3454 2180 814 2235 3455 2181 815 
3013 2235 3455 2181 815 2236 3456 2182 816 
3014 2236 3456 2182 816 775 2242 774 103 
3015 152 19 174 1075 2111 790 2120 3403 
3016 2111 790 2120 3403 2112 791 2121 3404 
3017 2112 791 2121 3404 2113 792 2122 3405 
3018 2113 792 2122 3405 2114 793 2123 3406 
3019 2114 793 2123 3406 2115 794 2124 3407 
3020 2115 794 2124 3407 2116 795 2125 3408 
3021 2116 795 2125 3408 2117 796 2126 3409 
3022 2117 796 2126 3409 2118 797 2127 3410 
3023 2118 797 2127 3410 2119 798 2128 3411 
3024 2119 798 2128 3411 767 101 768 2237 
3025 1075 174 175 1076 3403 2120 2129 3412 
3026 3403 2120 2129 3412 3404 2121 2130 3413 
3027 3404 2121 2130 3413 3405 2122 2131 3414 
3028 3405 2122 2131 3414 3406 2123 2132 3415 
3029 3406 2123 2132 3415 3407 2124 2133 3416 
3030 3407 2124 2133 3416 3408 2125 2134 3417 
3031 3408 2125 2134 3417 3409 2126 2135 3418 
3032 3409 2126 2135 3418 3410 2127 2136 3419 
3033 3410 2127 2136 3419 3411 2128 2137 3420 
3034 3411 2128 2137 3420 2237 768 769 2238 
3035 1076 175 176 1077 3412 2129 2138 3421 
3036 3412 2129 2138 3421 3413 2130 2139 3422 
3037 3413 2130 2139 3422 3414 2131 2140 3423 
3038 3414 2131 2140 3423 3415 2132 2141 3424 
3039 3415 2132 2141 3424 3416 2133 2142 3425 
3040 3416 2133 2142 3425 3417 2134 2143 3426 
3041 3417 2134 2143 3426 3418 2135 2144 3427 
3042 3418 2135 2144 3427 3419 2136 2145 3428 
3043 3419 2136 2145 3428 3420 2137 2146 3429 
3044 3420 2137 2146 3429 2238 769 770 2239 
3045 1077 176 177 1078 3421 2138 2147 3430 
3046 3421 2138 2147 3430 3422 2139 2148 3431 
3047 3422 2139 2148 3431 3423 2140 2149 3432 
3048 3423 2140 2149 3432 3424 2141 2150 3433 
3049 3424 2141 2150 3433 3425 2142 2151 3434 
3050 3425 2142 2151 3434 3426 2143 2152 3435 
3051 3426 2143 2152 3435 3427 2144 2153 3436 
3052 3427 2144 2153 3436 3428 2145 2154 3437 
3053 3428 2145 2154 3437 3429 2146 2155 3438 
3054 3429 2146 2155 3438 2239 770 771 2240 
3055 1078 177 178 1079 3430 2147 2156 3439 
3056 3430 2147 2156 3439 3431 2148 2157 3440 
3057 3431 2148 2157 3440 3432 2149 2158 3441 
3058 3432 2149 2158 3441 3433 2150 2159 3442 
3059 3433 2150 2159 3442 3434 2151 2160 3443 
3060 3434 2151 2160 3443 3435 2152 2161 3444 
3061 3435 2152 2161 3444 3436 2153 2162 3445 
3062 3436 2153 2162 3445 3437 2154 2163 3446 
3063 3437 2154 2163 3446 3438 2155 2164 3447 
3064 3438 2155 2164 3447 2240 771 772 2241 
3065 1079 178 179 1080 3439 2156 2165 3448 
3066 3439 2156 2165 3448 3440 2157 2166 3449 
3067 3440 2157 2166 3449 3441 2158 2167 3450 
3068 3441 2158 2167 3450 3442 2159 2168 3451 
3069 3442 2159 2168 3451 3443 2160 2169 3452 
3070 3443 2160 2169 3452 3444 2161 2170 3453 
3071 3444 2161 2170 3453 3445 2162 2171 3454 
3072 3445 2162 2171 3454 3446 2163 2172 3455 
3073 3446 2163 2172 3455 3447 2164 2173 3456 
3074 3447 2164 2173 3456 2241 772 773 2242 
3075 1080 179 27 160 3448 2165 799 2174 
3076 3448 2165 799 2174 3449 2166 800 2175 
3077 3449 2166 800 2175 3450 2167 801 2176 
3078 3450 2167 801 2176 3451 2168 802 2177 
3079 3451 2168 802 2177 3452 2169 803 2178 
3080 3452 2169 803 2178 3453 2170 804 2179 
3081 3453 2170 804 2179 3454 2171 805 2180 
3082 3454 2171 805 2180 3455 2172 806 2181 
3083 3455 2172 806 2181 3456 2173 807 2182 
3084 3456 2173 807 2182 2242 773 102 774 
3 50 5 140
3085 19 153 1081 174 790 2243 3457 2120 
3086 790 2243 3457 2120 791 2244 3458 2121 
3087 791 2244 3458 2121 792 2245 3459 2122 
3088 792 2245 3459 2122 793 2246 3460 2123 
3089 793 2246 3460 2123 794 2247 3461 2124 
3090 794 2247 3461 2124 795 2248 3462 2125 
3091 795 2248 3462 2125 796 2249 3463 2126 
3092 796 2249 3463 2126 797 2250 3464 2127 
3093 797 2250 3464 2127 798 2251 3465 2128 
3094 798 2251 3465 2128 101 817 2315 768 
3095 174 1081 1082 175 2120 3457 3466 2129 
3096 2120 3457 3466 2129 2121 3458 3467 2130 
3097 2121 3458 3467 2130 2122 3459 3468 2131 
3098 2122 3459 3468 2131 2123 3460 3469 2132 
3099 2123 3460 3469 2132 2124 3461 3470 2133 
3100 2124 3461 3470 2133 2125 3462 3471 2134 
3101 2125 3462 3471 2134 2126 3463 3472 2135 
3102 2126 3463 3472 2135 2127 3464 3473 2136 
3103 2127 3464 3473 2136 2128 3465 3474 2137 
3104 2128 3465 3474 2137 768 2315 2316 769 
3105 175 1082 1083 176 2129 3466 3475 2138 
3106 2129 3466 3475 2138 2130 3467 3476 2139 
3107 2130 3467 3476 2139 2131 3468 3477 2140 
3108 2131 3468 3477 2140 2132 3469 3478 2141 
3109 2132 3469 3478 2141 2133 3470 3479 2142 
3110 2133 3470 3479 2142 2134 3471 3480 2143 
3111 2134 3471 3480 2143 2135 3472 3481 2144 
3112 2135 3472 3481 2144 2136 3473 3482 2145 
3113 2136 3473 3482 2145 2137 3474 3483 2146 
3114 2137 3474 3483 2146 769 2316 2317 770 
3115 176 1083 1084 177 2138 3475 3484 2147 
3116 2138 3475 3484 2147 2139 3476 3485 2148 
3117 2139 3476 3485 2148 2140 3477 3486 2149 
3118 2140 3477 3486 2149 2141 3478 3487 2150 
3119 2141 3478 3487 2150 2142 3479 3488 2151 
3120 2142 3479 3488 2151 2143 3480 3489 2152 
3121 2143 3480 3489 2152 2144 3481 3490 2153 
3122 2144 3481 3490 2153 2145 3482 3491 2154 
3123 2145 3482 3491 2154 2146 3483 3492 2155 
3124 2146 3483 3492 2155 770 2317 2318 771 
3125 177 1084 1085 178 2147 3484 3493 2156 
3126 2147 3484 3493 2156 2148 3485 3494 2157 
3127 2148 3485 3494 2157 2149 3486 3495 2158 
3128 2149 3486 3495 2158 2150 3487 3496 2159 
3129 2150 3487 3496 2159 2151 3488 3497 2160 
3130 2151 3488 3497 2160 2152 3489 3498 2161 
3131 2152 3489 3498 2161 2153 3490 3499 2162 
3132 2153 3490 3499 2162 2154 3491 3500 2163 
3133 2154 3491 3500 2163 2155 3492 3501 2164 
3134 2155 3492 3501 2164 771 2318 2319 772 
3135 178 1085 1086 179 2156 3493 3502 2165 
3136 2156 3493 3502 2165 2157 3494 3503 2166 
3137 2157 3494 3503 2166 2158 3495 3504 2167 
3138 2158 3495 3504 2167 2159 3496 3505 2168 
3139 2159 3496 3505 2168 2160 3497 3506 2169 
3140 2160 3497 3506 2169 2161 3498 3507 2170 
3141 2161 3498 3507 2170 2162 3499 3508 2171 
3142 2162 3499 3508 2171 2163 3500 3509 2172 
3143 2163 3500 3509 2172 2164 3501 3510 2173 
3144 2164 3501 3510 2173 772 2319 2320 773 
3145 179 1086 161 27 2165 3502 2306 799 
3146 2165 3502 2306 799 2166 3503 2307 800 
3147 2166 3503 2307 800 2167 3504 2308 801 
3148 2167 3504 2308 801 2168 3505 2309 802 
3149 2168 3505 2309 802 2169 3506 2310 803 
3150 2169 3506 2310 803 2170 3507 2311 804 
3151 2170 3507 2311 804 2171 3508 2312 805 
3152 2171 3508 2312 805 2172 3509 2313 806 
3153 2172 3509 2313 806 2173 3510 2314 807 
3154 2173 3510 2314 807 773 2320 824 102 
3155 153 20 180 1081 2243 825 2252 3457 
3156 2243 825 2252 3457 2244 826 2253 3458 
3157 2244 826 2253 3458 2245 827 2254 3459 
3158 2245 827 2254 3459 2246 828 2255 3460 
3159 2246 828 2255 3460 2247 829 2256 3461 
3160 2247 829 2256 3461 2248 830 2257 3462 
3161 2248 830 2257 3462 2249 831 2258 3463 
3162 2249 831 2258 3463 2250 832 2259 3464 
3163 2250 832 2259 3464 2251 833 2260 3465 
3164 2251 833 2260 3465 817 104 818 2315 
3165 1081 180 181 1082 3457 2252 2261 3466 
3166 3457 2252 2261 3466 3458 2253 2262 3467 
3167 3458 2253 2262 3467 3459 2254 2263 3468 
3168 3459 2254 2263 3468 3460 2255 2264 3469 
3169 3460 2255 2264 3469 3461 2256 2265 3470 
3170 3461 2256 2265 3470 3462 2257 2266 3471 
3171 3462 2257 2266 3471 3463 2258 2267 3472 
3172 3463 2258 2267 3472 3464 2259 2268 3473 
3173 3464 2259 2268 3473 3465 2260 2269 3474 
3174 3465 2260 2269 3474 2315 818 819 2316 
3175 1082 181 182 1083 3466 2261 2270 3475 
3176 3466 2261 2270 3475 3467 2262 2271 3476 
3177 3467 2262 2271 3476 3468 2263 2272 3477 
3178 3468 2263 2272 3477 3469 2264 2273 3478 
3179 3469 2264 2273 3478 3470 2265 2274 3479 
3180 3470 2265 2274 3479 3471 2266 2275 3480 
3181 3471 2266 2275 3480 3472 2267 2276 3481 
3182 3472 2267 2276 3481 3473 2268 2277 3482 
3183 3473 2268 2277 3482 3474 2269 2278 3483 
3184 3474 2269 2278 3483 2316 819 820 2317 
3185 1083 182 183 1084 3475 2270 2279 3484 
3186 3475 2270 2279 3484 3476 2271 2280 3485 
3187 3476 2271 2280 3485 3477 2272 2281 3486 
3188 3477 2272 2281 3486 3478 2273 2282 3487 
3189 3478 2273 2282 3487 3479 2274 2283 3488 
3190 3479 2274 2283 3488 3480 2275 2284 3489 
3191 3480 2275 2284 3489 3481 2276 2285 3490 
3192 3481 2276 2285 3490 3482 2277 2286 3491 
3193 3482 2277 2286 3491 3483 2278 2287 3492 
3194 3483 2278 2287 3492 2317 820 821 2318 
3195 1084 183 184 1085 3484 2279 2288 3493 
3196 3484 2279 2288 3493 3485 2280 2289 3494 
3197 3485 2280 2289 3494 3486 2281 2290 3495 
3198 3486 2281 2290 3495 3487 2282 2291 3496 
3199 3487 2282 2291 3496 3488 2283 2292 3497 
3200 3488 2283 2292 3497 3489 2284 2293 3498 
3201 3489 2284 2293 3498 3490 2285 2294 3499 
3202 3490 2285 2294 3499 3491 2286 2295 3500 
3203 3491 2286 2295 3500 3492 2287 2296 3501 
3204 3492 2287 2296 3501 2318 821 822 2319 
3205 1085 184 185 1086 3493 2288 2297 3502 
3206 3493 2288 2297 3502 3494 2289 2298 3503 
3207 3494 2289 2298 3503 3495 2290 2299 3504 
3208 3495 2290 2299 3504 3496 2291 2300 3505 
3209 3496 2291 2300 3505 3497 2292 2301 3506 
3210 3497 2292 2301 3506 3498 2293 2302 3507 
3211 3498 2293 2302 3507 3499 2294 2303 3508 
3212 3499 2294 2303 3508 3500 2295 2304 3509 
3213 3500 2295 2304 3509 3501 2296 2305 3510 
3214 3501 2296 2305 3510 2319 822 823 2320 
3215 1086 185 28 161 3502 2297 834 2306 
3216 3502 2297 834 2306 3503 2298 835 2307 
3217 3503 2298 835 2307 3504 2299 836 2308 
3218 3504 2299 836 2308 3505 2300 837 2309 
3219 3505 2300 837 2309 3506 2301 838 2310 
3220 3506 2301 838 2310 3507 2302 839 2311 
3221 3507 2302 839 2311 3508 2303 840 2312 
3222 3508 2303 840 2312 3509 2304 841 2313 
3223 3509 2304 841 2313 3510 2305 842 2314 
3224 3510 2305 842 2314 2320 823 105 824 
3 51 5 140
3225 20 154 1087 180 825 2321 3511 2252 
3226 825 2321 3511 2252 826 2322 3512 2253 
3227 826 2322 3512 2253 827 2323 3513 2254 
3228 827 2323 3513 2254 828 2324 3514 2255 
3229 828 2324 3514 2255 829 2325 3515 2256 
3230 829 2325 3515 2256 830 2326 3516 2257 
3231 830 2326 3516 2257 831 2327 3517 2258 
3232 831 2327 3517 2258 832 2328 3518 2259 
3233 832 2328 3518 2259 833 2329 3519 2260 
3234 833 2329 3519 2260 104 843 2393 818 
3235 180 1087 1088 181 2252 3511 3520 2261 
3236 2252 3511 3520 2261 2253 3512 3521 2262 
3237 2253 3512 3521 2262 2254 3513 3522 2263 
3238 2254 3513 3522 2263 2255 3514 3523 2264 
3239 2255 3514 3523 2264 2256 3515 3524 2265 
3240 2256 3515 3524 2265 2257 3516 3525 2266 
3241 2257 3516 3525 2266 2258 3517 3526 2267 
3242 2258 3517 3526 2267 2259 3518 3527 2268 
3243 2259 3518 3527 2268 2260 3519 3528 2269 
3244 2260 3519 3528 2269 818 2393 2394 819 
3245 181 1088 1089 182 2261 3520 3529 2270 
3246 2261 3520 3529 2270 2262 3521 3530 2271 
3247 2262 3521 3530 2271 2263 3522 3531 2272 
3248 2263 3522 3531 2272 2264 3523 3532 2273 
3249 2264 3523 3532 2273 2265 3524 3533 2274 
3250 2265 3524 3533 2274 2266 3525 3534 2275 
3251 2266 3525 3534 2275 2267 3526 3535 2276 
3252 2267 3526 3535 2276 2268 3527 3536 2277 
3253 2268 3527 3536 2277 2269 3528 3537 2278 
3254 2269 3528 3537 2278 819 2394 2395 820 
3255 182 1089 1090 183 2270 3529 3538 2279 
3256 2270 3529 3538 2279 2271 3530 3539 2280 
3257 2271 3530 3539 2280 2272 3531 3540 2281 
3258 2272 3531 3540 2281 2273 3532 3541 2282 
3259 2273 3532 3541 2282 2274 3533 3542 2283 
3260 2274 3533 3542 2283 2275 3534 3543 2284 
3261 2275 3534 3543 2284 2276 3535 3544 2285 
3262 2276 3535 3544 2285 2277 3536 3545 2286 
3263 2277 3536 3545 2286 2278 3537 3546 2287 
3264 2278 3537 3546 2287 820 2395 2396 821 
3265 183 1090 1091 184 2279 3538 3547 2288 
3266 2279 3538 3547 2288 2280 3539 3548 2289 
3267 2280 3539 3548 2289 2281 3540 3549 2290 
3268 2281 3540 3549 2290 2282 3541 3550 2291 
3269 2282 3541 3550 2291 2283 3542 3551 2292 
3270 2283 3542 3551 2292 2284 3543 3552 2293 
3271 2284 3543 3552 2293 2285 3544 3553 2294 
3272 2285 3544 3553 2294 2286 3545 3554 2295 
3273 2286 3545 3554 2295 2287 3546 3555 2296 
3274 2287 3546 3555 2296 821 2396 2397 822 
3275 184 1091 1092 185 2288 3547 3556 2297 
3276 2288 3547 3556 2297 2289 3548 3557 2298 
3277 2289 3548 3557 2298 2290 3549 3558 2299 
3278 2290 3549 3558 2299 2291 3550 3559 2300 
3279 2291 3550 3559 2300 2292 3551 3560 2301 
3280 2292 3551 3560 2301 2293 3552 3561 2302 
3281 2293 3552 3561 2302 2294 3553 3562 2303 
3282 2294 3553 3562 2303 2295 3554 3563 2304 
3283 2295 3554 3563 2304 2296 3555 3564 2305 
3284 2296 3555 3564 2305 822 2397 2398 823 
3285 185 1092 162 28 2297 3556 2384 834 
3286 2297 3556 2384 834 2298 3557 2385 835 
3287 2298 3557 2385 835 2299 3558 2386 836 
3288 2299 3558 2386 836 2300 3559 2387 837 
3289 2300 3559 2387 837 2301 3560 2388 838 
3290 2301 3560 2388 838 2302 3561 2389 839 
3291 2302 3561 2389 839 2303 3562 2390 840 
3292 2303 3562 2390 840 2304 3563 2391 841 
3293 2304 3563 2391 841 2305 3564 2392 842 
3294 2305 3564 2392 842 823 2398 850 105 
3295 154 21 186 1087 2321 851 2330 3511 
3296 2321 851 2330 3511 2322 852 2331 3512 
3297 2322 852 2331 3512 2323 853 2332 3513 
3298 2323 853 2332 3513 2324 854 2333 3514 
3299 2324 854 2333 3514 2325 855 2334 3515 
3300 2325 855 2334 3515 2326 856 2335 3516 
3301 2326 856 2335 3516 2327 857 2336 3517 
3302 2327 857 2336 3517 2328 858 2337 3518 
3303 2328 858 2337 3518 2329 859 2338 3519 
3304 2329 859 2338 3519 843 106 844 2393 
3305 1087 186 187 1088 3511 2330 2339 3520 
3306 3511 2330 2339 3520 3512 2331 2340 3521 
3307 3512 2331 2340 3521 3513 2332 2341 3522 
3308 3513 2332 2341 3522 3514 2333 2342 3523 
3309 3514 2333 2342 3523 3515 2334 2343 3524 
3310 3515 2334 2343 3524 3516 2335 2344 3525 
3311 3516 2335 2344 3525 3517 2336 2345 3526 
3312 3517 2336 2345 3526 3518 2337 2346 3527 
3313 3518 2337 2346 3527 3519 2338 2347 3528 
3314 3519 2338 2347 3528 2393 844 845 2394 
3315 1088 187 188 1089 3520 2339 2348 3529 
3316 3520 2339 2348 3529 3521 2340 2349 3530 
3317 3521 2340 2349 3530 3522 2341 2350 3531 
3318 3522 2341 2350 3531 3523 2342 2351 3532 
3319 3523 2342 2351 3532 3524 2343 2352 3533 
3320 3524 2343 2352 3533 3525 2344 2353 3534 
3321 3525 2344 2353 3534 3526 2345 2354 3535 
3322 3526 2345 2354 3535 3527 2346 2355 3536 
3323 3527 2346 2355 3536 3528 2347 2356 3537 
3324 3528 2347 2356 3537 2394 845 846 2395 
3325 1089 188 189 1090 3529 2348 2357 3538 
3326 3529 2348 2357 3538 3530 2349 2358 3539 
3327 3530 2349 2358 3539 3531 2350 2359 3540 
3328 3531 2350 2359 3540 3532 2351 2360 3541 
3329 3532 2351 2360 3541 3533 2352 2361 3542 
3330 3533 2352 2361 3542 3534 2353 2362 3543 
3331 3534 2353 2362 3543 3535 2354 2363 3544 
3332 3535 2354 2363 3544 3536 2355 2364 3545 
3333 3536 2355 2364 3545 3537 2356 2365 3546 
3334 3537 2356 2365 3546 2395 846 847 2396 
3335 1090 189 190 1091 3538 2357 2366 3547 
3336 3538 2357 2366 3547 3539 2358 2367 3548 
3337 3539 2358 2367 3548 3540 2359 2368 3549 
3338 3540 2359 2368 3549 3541 2360 2369 3550 
3339 3541 2360 2369 3550 3542 2361 2370 3551 
3340 3542 2361 2370 3551 3543 2362 2371 3552 
3341 3543 2362 2371 3552 3544 2363 2372 3553 
3342 3544 2363 2372 3553 3545 2364 2373 3554 
3343 3545 2364 2373 3554 3546 2365 2374 3555 
3344 3546 2365 2374 3555 2396 847 848 2397 
3345 1091 190 191 1092 3547 2366 2375 3556 
3346 3547 2366 2375 3556 3548 2367 2376 3557 
3347 3548 2367 2376 3557 3549 2368 2377 3558 
3348 3549 2368 2377 3558 3550 2369 2378 3559 
3349 3550 2369 2378 3559 3551 2370 2379 3560 
3350 3551 2370 2379 3560 3552 2371 2380 3561 
3351 3552 2371 2380 3561 3553 2372 2381 3562 
3352 3553 2372 2381 3562 3554 2373 2382 3563 
3353 3554 2373 2382 3563 3555 2374 2383 3564 
3354 3555 2374 2383 3564 2397 848 849 2398 
3355 1092 191 29 162 3556 2375 860 2384 
3356 3556 2375 860 2384 3557 2376 861 2385 
3357 3557 2376 861 2385 3558 2377 862 2386 
3358 3558 2377 862 2386 3559 2378 863 2387 
3359 3559 2378 863 2387 3560 2379 864 2388 
3360 3560 2379 864 2388 3561 2380 865 2389 
3361 3561 2380 865 2389 3562 2381 866 2390 
3362 3562 2381 866 2390 3563 2382 867 2391 
3363 3563 2382 867 2391 3564 2383 868 2392 
3364 3564 2383 868 2392 2398 849 107 850 
3 52 5 140
3365 21 155 1093 186 851 2399 3565 2330 
3366 851 2399 3565 2330 852 2400 3566 2331 
3367 852 2400 3566 2331 853 2401 3567 2332 
3368 853 2401 3567 2332 854 2402 3568 2333 
3369 854 2402 3568 2333 855 2403 3569 2334 
3370 855 2403 3569 2334 856 2404 3570 2335 
3371 856 2404 3570 2335 857 2405 3571 2336 
3372 857 2405 3571 2336 858 2406 3572 2337 
3373 858 2406 3572 2337 859 2407 3573 2338 
3374 859 2407 3573 2338 106 869 2471 844 
3375 186 1093 1094 187 2330 3565 3574 2339 
3376 2330 3565 3574 2339 2331 3566 3575 2340 
3377 2331 3566 3575 2340 2332 3567 3576 2341 
3378 2332 3567 3576 2341 2333 3568 3577 2342 
3379 2333 3568 3577 2342 2334 3569 3578 2343 
3380 2334 3569 3578 2343 2335 3570 3579 2344 
3381 2335 3570 3579 2344 2336 3571 3580 2345 
3382 2336 3571 3580 2345 2337 3572 3581 2346 
3383 2337 3572 3581 2346 2338 3573 3582 2347 
3384 2338 3573 3582 2347 844 2471 2472 845 
3385 187 1094 1095 188 2339 3574 3583 2348 
3386 2339 3574 3583 2348 2340 3575 3584 2349 
3387 2340 3575 3584 2349 2341 3576 3585 2350 
3388 2341 3576 3585 2350 2342 3577 3586 2351 
3389 2342 3577 3586 2351 2343 3578 3587 2352 
3390 2343 3578 3587 2352 2344 3579 3588 2353 
3391 2344 3579 3588 2353 2345 3580 3589 2354 
3392 2345 3580 3589 2354 2346 3581 3590 2355 
3393 2346 3581 3590 2355 2347 3582 3591 2356 
3394 2347 3582 3591 2356 845 2472 2473 846 
3395 188 1095 1096 189 2348 3583 3592 2357 
3396 2348 3583 3592 2357 2349 3584 3593 2358 
3397 2349 3584 3593 2358 2350 3585 3594 2359 
3398 2350 3585 3594 2359 2351 3586 3595 2360 
3399 2351 3586 3595 2360 2352 3587 3596 2361 
3400 2352 3587 3596 2361 2353 3588 3597 2362 
3401 2353 3588 3597 2362 2354 3589 3598 2363 
3402 2354 3589 3598 2363 2355 3590 3599 2364 
3403 2355 3590 3599 2364 2356 3591 3600 2365 
3404 2356 3591 3600 2365 846 2473 2474 847 
3405 189 1096 1097 190 2357 3592 3601 2366 
3406 2357 3592 3601 2366 2358 3593 3602 2367 
3407 2358 3593 3602 2367 2359 3594 3603 2368 
3408 2359 3594 3603 2368 2360 3595 3604 2369 
3409 2360 3595 3604 2369 2361 3596 3605 2370 
3410 2361 3596 3605 2370 2362 3597 3606 2371 
3411 2362 3597 3606 2371 2363 3598 3607 2372 
3412 2363 3598 3607 2372 2364 3599 3608 2373 
3413 2364 3599 3608 2373 2365 3600 3609 2374 
3414 2365 3600 3609 2374 847 2474 2475 848 
3415 190 1097 1098 191 2366 3601 3610 2375 
3416 2366 3601 3610 2375 2367 3602 3611 2376 
3417 2367 3602 3611 2376 2368 3603 3612 2377 
3418 2368 3603 3612 2377 2369 3604 3613 2378 
3419 2369 3604 3613 2378 2370 3605 3614 2379 
3420 2370 3605 3614 2379 2371 3606 3615 2380 
3421 2371 3606 3615 2380 2372 3607 3616 2381 
3422 2372 3607 3616 2381 2373 3608 3617 2382 
3423 2373 3608 3617 2382 2374 3609 3618 2383 
3424 2374 3609 3618 2383 848 2475 2476 849 
3425 191 1098 163 29 2375 3610 2462 860 
3426 2375 3610 2462 860 2376 3611 2463 861 
3427 2376 3611 2463 861 2377 3612 2464 862 
3428 2377 3612 2464 862 2378 3613 2465 863 
3429 2378 3613 2465 863 2379 3614 2466 864 
3430 2379 3614 2466 864 2380 3615 2467 865 
3431 2380 3615 2467 865 2381 3616 2468 866 
3432 2381 3616 2468 866 2382 3617 2469 867 
3433 2382 3617 2469 867 2383 3618 2470 868 
3434 2383 3618 2470 868 849 2476 876 107 
3435 155 22 192 1093 2399 877 2408 3565 
3436 2399 877 2408 3565 2400 878 2409 3566 
3437 2400 878 2409 3566 2401 879 2410 3567 
3438 2401 879 2410 3567 2402 880 2411 3568 
3439 2402 880 2411 3568 2403 881 2412 3569 
3440 2403 881 2412 3569 2404 882 2413 3570 
3441 2404 882 2413 3570 2405 883 2414 3571 
3442 2405 883 2414 3571 2406 884 2415 3572 
3443 2406 884 2415 3572 2407 885 2416 3573 
3444 2407 885 2416 3573 869 108 870 2471 
3445 1093 192 193 1094 3565 2408 2417 3574 
3446 3565 2408 2417 3574 3566 2409 2418 3575 
3447 3566 2409 2418 3575 3567 2410 2419 3576 
3448 3567 2410 2419 3576 3568 2411 2420 3577 
3449 3568 2411 2420 3577 3569 2412 2421 3578 
3450 3569 2412 2421 3578 3570 2413 2422 3579 
3451 3570 2413 2422 3579 3571 2414 2423 3580 
3452 3571 2414 2423 3580 3572 2415 2424 3581 
3453 3572 2415 2424 3581 3573 2416 2425 3582 
3454 3573 2416 2425 3582 2471 870 871 2472 
3455 1094 193 194 1095 3574 2417 2426 3583 
3456 3574 2417 2426 3583 3575 2418 2427 3584 
3457 3575 2418 2427 3584 3576 2419 2428 3585 
3458 3576 2419 2428 3585 3577 2420 2429 3586 
3459 3577 2420 2429 3586 3578 2421 2430 3587 
3460 3578 2421 2430 3587 3579 2422 2431 3588 
3461 3579 2422 2431 3588 3580 2423 2432 3589 
3462 3580 2423 2432 3589 3581 2424 2433 3590 
3463 3581 2424 2433 3590 3582 2425 2434 3591 
3464 3582 2425 2434 3591 2472 871 872 2473 
3465 1095 194 195 1096 3583 2426 2435 3592 
3466 3583 2426 2435 3592 3584 2427 2436 3593 
3467 3584 2427 2436 3593 3585 2428 2437 3594 
3468 3585 2428 2437 3594 3586 2429 2438 3595 
3469 3586 2429 2438 3595 3587 2430 2439 3596 
3470 3587 2430 2439 3596 3588 2431 2440 3597 
3471 3588 2431 2440 3597 3589 2432 2441 3598 
3472 3589 2432 2441 3598 3590 2433 2442 3599 
3473 3590 2433 2442 3599 3591 2434 2443 3600 
3474 3591 2434 2443 3600 2473 872 873 2474 
3475 1096 195 196 1097 3592 2435 2444 3601 
3476 3592 2435 2444 3601 3593 2436 2445 3602 
3477 3593 2436 2445 3602 3594 2437 2446 3603 
3478 3594 2437 2446 3603 3595 2438 2447 3604 
3479 3595 2438 2447 3604 3596 2439 2448 3605 
3480 3596 2439 2448 3605 3597 2440 2449 3606 
3481 3597 2440 2449 3606 3598 2441 2450 3607 
3482 3598 2441 2450 3607 3599 2442 2451 3608 
3483 3599 2442 2451 3608 3600 2443 2452 3609 
3484 3600 2443 2452 3609 2474 873 874 2475 
3485 1097 196 197 1098 3601 2444 2453 3610 
3486 3601 2444 2453 3610 3602 2445 2454 3611 
3487 3602 2445 2454 3611 3603 2446 2455 3612 
3488 3603 2446 2455 3612 3604 2447 2456 3613 
3489 3604 2447 2456 3613 3605 2448 2457 3614 
3490 3605 2448 2457 3614 3606 2449 2458 3615 
3491 3606 2449 2458 3615 3607 2450 2459 3616 
3492 3607 2450 2459 3616 3608 2451 2460 3617 
3493 3608 2451 2460 3617 3609 2452 2461 3618 
3494 3609 2452 2461 3618 2475 874 875 2476 
3495 1098 197 30 163 3610 2453 886 2462 
3496 3610 2453 886 2462 3611 2454 887 2463 
3497 3611 2454 887 2463 3612 2455 888 2464 
3498 3612 2455 888 2464 3613 2456 889 2465 
3499 3613 2456 889 2465 3614 2457 890 2466 
3500 3614 2457 890 2466 3615 2458 891 2467 
3501 3615 2458 891 2467 3616 2459 892 2468 
3502 3616 2459 892 2468 3617 2460 893 2469 
3503 3617 2460 893 2469 3618 2461 894 2470 
3504 3618 2461 894 2470 2476 875 109 876 
3 53 5 140
3505 22 156 1099 192 877 2477 3619 2408 
3506 877 2477 3619 2408 878 2478 3620 2409 
3507 878 2478 3620 2409 879 2479 3621 2410 
3508 879 2479 3621 2410 880 2480 3622 2411 
3509 880 2480 3622 2411 881 2481 3623 2412 
3510 881 2481 3623 2412 882 2482 3624 2413 
3511 882 2482 3624 2413 883 2483 3625 2414 
3512 883 2483 3625 2414 884 2484 3626 2415 
3513 884 2484 3626 2415 885 2485 3627 2416 
3514 885 2485 3627 2416 108 895 2549 870 
3515 192 1099 1100 193 2408 3619 3628 2417 
3516 2408 3619 3628 2417 2409 3620 3629 2418 
3517 2409 3620 3629 2418 2410 3621 3630 2419 
3518 2410 3621 3630 2419 2411 3622 3631 2420 
3519 2411 3622 3631 2420 2412 3623 3632 2421 
3520 2412 3623 3632 2421 2413 3624 3633 2422 
3521 2413 3624 3633 2422 2414 3625 3634 2423 
3522 2414 3625 3634 2423 2415 3626 3635 2424 
3523 2415 3626 3635 2424 2416 3627 3636 2425 
3524 2416 3627 3636 2425 870 2549 2550 871 
3525 193 1100 1101 194 2417 3628 3637 2426 
3526 2417 3628 3637 2426 2418 3629 3638 2427 
3527 2418 3629 3638 2427 2419 3630 3639 2428 
3528 2419 3630 3639 2428 2420 3631 3640 2429 
3529 2420 3631 3640 2429 2421 3632 3641 2430 
3530 2421 3632 3641 2430 2422 3633 3642 2431 
3531 2422 3633 3642 2431 2423 3634 3643 2432 
3532 2423 3634 3643 2432 2424 3635 3644 2433 
3533 2424 3635 3644 2433 2425 3636 3645 2434 
3534 2425 3636 3645 2434 871 2550 2551 872 
3535 194 1101 1102 195 2426 3637 3646 2435 
3536 2426 3637 3646 2435 2427 3638 3647 2436 
3537 2427 3638 3647 2436 2428 3639 3648 2437 
3538 2428 3639 3648 2437 2429 3640 3649 2438 
3539 2429 3640 3649 2438 2430 3641 3650 2439 
3540 2430 3641 3650 2439 2431 3642 3651 2440 
3541 2431 3642 3651 2440 2432 3643 3652 2441 
3542 2432 3643 3652 2441 2433 3644 3653 2442 
3543 2433 3644 3653 2442 2434 3645 3654 2443 
3544 2434 3645 3654 2443 872 2551 2552 873 
3545 195 1102 1103 196 2435 3646 3655 2444 
3546 2435 3646 3655 2444 2436 3647 3656 2445 
3547 2436 3647 3656 2445 2437 3648 3657 2446 
3548 2437 3648 3657 2446 2438 3649 3658 2447 
3549 2438 3649 3658 2447 2439 3650 3659 2448 
3550 2439 3650 3659 2448 2440 3651 3660 2449 
3551 2440 3651 3660 2449 2441 3652 3661 2450 
3552 2441 3652 3661 2450 2442 3653 3662 2451 
3553 2442 3653 3662 2451 2443 3654 3663 2452 
3554 2443 3654 3663 2452 873 2552 2553 874 
3555 196 1103 1104 197 2444 3655 3664 2453 
3556 2444 3655 3664 2453 2445 3656 3665 2454 
3557 2445 3656 3665 2454 2446 3657 3666 2455 
3558 2446 3657 3666 2455 2447 3658 3667 2456 
3559 2447 3658 3667 2456 2448 3659 3668 2457 
3560 2448 3659 3668 2457 2449 3660 3669 2458 
3561 2449 3660 3669 2458 2450 3661 3670 2459 
3562 2450 3661 3670 2459 2451 3662 3671 2460 
3563 2451 3662 3671 2460 2452 3663 3672 2461 
3564 2452 3663 3672 2461 874 2553 2554 875 
3565 197 1104 164 30 2453 3664 2540 886 
3566 2453 3664 2540 886 2454 3665 2541 887 
3567 2454 3665 2541 887 2455 3666 2542 888 
3568 2455 3666 2542 888 2456 3667 2543 889 
3569 2456 3667 2543 889 2457 3668 2544 890 
3570 2457 3668 2544 890 2458 3669 2545 891 
3571 2458 3669 2545 891 2459 3670 2546 892 
3572 2459 3670 2546 892 2460 3671 2547 893 
3573 2460 3671 2547 893 2461 3672 2548 894 
3574 2461 3672 2548 894 875 2554 902 109 
3575 156 23 198 1099 2477 903 2486 3619 
3576 2477 903 2486 3619 2478 904 2487 3620 
3577 2478 904 2487 3620 2479 905 2488 3621 
3578 2479 905 2488 3621 2480 906 2489 3622 
3579 2480 906 2489 3622 2481 907 2490 3623 
3580 2481 907 2490 3623 2482 908 2491 3624 
3581 2482 908 2491 3624 2483 909 2492 3625 
3582 2483 909 2492 3625 2484 910 2493 3626 
3583 2484 910 2493 3626 2485 911 2494 3627 
3584 2485 911 2494 3627 895 110 896 2549 
3585 1099 198 199 1100 3619 2486 2495 3628 
3586 3619 2486 2495 3628 3620 2487 2496 3629 
3587 3620 2487 2496 3629 3621 2488 2497 3630 
3588 3621 2488 2497 3630 3622 2489 2498 3631 
3589 3622 2489 2498 3631 3623 2490 2499 3632 
3590 3623 2490 2499 3632 3624 2491 2500 3633 
3591 3624 2491 2500 3633 3625 2492 2501 3634 
3592 3625 2492 2501 3634 3626 2493 2502 3635 
3593 3626 2493 2502 3635 3627 2494 2503 3636 
3594 3627 2494 2503 3636 2549 896 897 2550 
3595 1100 199 200 1101 3628 2495 2504 3637 
3596 3628 2495 2504 3637 3629 2496 2505 3638 
3597 3629 2496 2505 3638 3630 2497 2506 3639 
3598 3630 2497 2506 3639 3631 2498 2507 3640 
3599 3631 2498 2507 3640 3632 2499 2508 3641 
3600 3632 2499 2508 3641 3633 2500 2509 3642 
3601 3633 2500 2509 3642 3634 2501 2510 3643 
3602 3634 2501 2510 3643 3635 2502 2511 3644 
3603 3635 2502 2511 3644 3636 2503 2512 3645 
3604 3636 2503 2512 3645 2550 897 898 2551 
3605 1101 200 201 1102 3637 2504 2513 3646 
3606 3637 2504 2513 3646 3638 2505 2514 3647 
3607 3638 2505 2514 3647 3639 2506 2515 3648 
3608 3639 2506 2515 3648 3640 2507 2516 3649 
3609 3640 2507 2516 3649 3641 2508 2517 3650 
3610 3641 2508 2517 3650 3642 2509 2518 3651 
3611 3642 2509 2518 3651 3643 2510 2519 3652 
3612 3643 2510 2519 3652 3644 2511 2520 3653 
3613 3644 2511 2520 3653 3645 2512 2521 3654 
3614 3645 2512 2521 3654 2551 898 899 2552 
3615 1102 201 202 1103 3646 2513 2522 3655 
3616 3646 2513 2522 3655 3647 2514 2523 3656 
3617 3647 2514 2523 3656 3648 2515 2524 3657 
3618 3648 2515 2524 3657 3649 2516 2525 3658 
3619 3649 2516 2525 3658 3650 2517 2526 3659 
3620 3650 2517 2526 3659 3651 2518 2527 3660 
3621 3651 2518 2527 3660 3652 2519 2528 3661 
3622 3652 2519 2528 3661 3653 2520 2529 3662 
3623 3653 2520 2529 3662 3654 2521 2530 3663 
3624 3654 2521 2530 3663 2552 899 900 2553 
3625 1103 202 203 1104 3655 2522 2531 3664 
3626 3655 2522 2531 3664 3656 2523 2532 3665 
3627 3656 2523 2532 3665 3657 2524 2533 3666 
3628 3657 2524 2533 3666 3658 2525 2534 3667 
3629 3658 2525 2534 3667 3659 2526 2535 3668 
3630 3659 2526 2535 3668 3660 2527 2536 3669 
3631 3660 2527 2536 3669 3661 2528 2537 3670 
3632 3661 2528 2537 3670 3662 2529 2538 3671 
3633 3662 2529 2538 3671 3663 2530 2539 3672 
3634 3663 2530 2539 3672 2553 900 901 2554 
3635 1104 203 31 164 3664 2531 912 2540 
3636 3664 2531 912 2540 3665 2532 913 2541 
3637 3665 2532 913 2541 3666 2533 914 2542 
3638 3666 2533 914 2542 3667 2534 915 2543 
3639 3667 2534 915 2543 3668 2535 916 2544 
3640 3668 2535 916 2544 3669 2536 917 2545 
3641 3669 2536 917 2545 3670 2537 918 2546 
3642 3670 2537 918 2546 3671 2538 919 2547 
3643 3671 2538 919 2547 3672 2539 920 2548 
3644 3672 2539 920 2548 2554 901 111 902 
3 54 5 140
3645 23 157 1105 198 903 2555 3673 2486 
3646 903 2555 3673 2486 904 2556 3674 2487 
3647 904 2556 3674 2487 905 2557 3675 2488 
3648 905 2557 3675 2488 906 2558 3676 2489 
3649 906 2558 3676 2489 907 2559 3677 2490 
3650 907 2559 3677 2490 908 2560 3678 2491 
3651 908 2560 3678 2491 909 2561 3679 2492 
3652 909 2561 3679 2492 910 2562 3680 2493 
3653 910 2562 3680 2493 911 2563 3681 2494 
3654 911 2563 3681 2494 110 921 2627 896 
3655 198 1105 1106 199 2486 3673 3682 2495 
3656 2486 3673 3682 2495 2487 3674 3683 2496 
3657 2487 3674 3683 2496 2488 3675 3684 2497 
3658 2488 3675 3684 2497 2489 3676 3685 2498 
3659 2489 3676 3685 2498 2490 3677 3686 2499 
3660 2490 3677 3686 2499 2491 3678 3687 2500 
3661 2491 3678 3687 2500 2492 3679 3688 2501 
3662 2492 3679 3688 2501 2493 3680 3689 2502 
3663 2493 3680 3689 2502 2494 3681 3690 2503 
3664 2494 3681 3690 2503 896 2627 2628 897 
3665 199 1106 1107 200 2495 3682 3691 2504 
3666 2495 3682 3691 2504 2496 3683 3692 2505 
3667 2496 3683 3692 2505 2497 3684 3693 2506 
3668 2497 3684 3693 2506 2498 3685 3694 2507 
3669 2498 3685 3694 2507 2499 3686 3695 2508 
3670 2499 3686 3695 2508 2500 3687 3696 2509 
3671 2500 3687 3696 2509 2501 3688 3697 2510 
3672 2501 3688 3697 2510 2502 3689 3698 2511 
3673 2502 3689 3698 2511 2503 3690 3699 2512 
3674 2503 3690 3699 2512 897 2628 2629 898 
3675 200 1107 1108 201 2504 3691 3700 2513 
3676 2504 3691 3700 2513 2505 3692 3701 2514 
3677 2505 3692 3701 2514 2506 3693 3702 2515 
3678 2506 3693 3702 2515 2507 3694 3703 2516 
3679 2507 3694 3703 2516 2508 3695 3704 2517 
3680 2508 3695 3704 2517 2509 3696 3705 2518 
3681 2509 3696 3705 2518 2510 3697 3706 2519 
3682 2510 3697 3706 2519 2511 3698 3707 2520 
3683 2511 3698 3707 2520 2512 3699 3708 2521 
3684 2512 3699 3708 2521 898 2629 2630 899 
3685 201 1108 1109 202 2513 3700 3709 2522 
3686 2513 3700 3709 2522 2514 3701 3710 2523 
3687 2514 3701 3710 2523 2515 3702 3711 2524 
3688 2515 3702 3711 2524 2516 3703 3712 2525 
3689 2516 3703 3712 2525 2517 3704 3713 2526 
3690 2517 3704 3713 2526 2518 3705 3714 2527 
3691 2518 3705 3714 2527 2519 3706 3715 2528 
3692 2519 3706 3715 2528 2520 3707 3716 2529 
3693 2520 3707 3716 2529 2521 3708 3717 2530 
3694 2521 3708 3717 2530 899 2630 2631 900 
3695 202 1109 1110 203 2522 3709 3718 2531 
3696 2522 3709 3718 2531 2523 3710 3719 2532 
3697 2523 3710 3719 2532 2524 3711 3720 2533 
3698 2524 3711 3720 2533 2525 3712 3721 2534 
3699 2525 3712 3721 2534 2526 3713 3722 2535 
3700 2526 3713 3722 2535 2527 3714 3723 2536 
3701 2527 3714 3723 2536 2528 3715 3724 2537 
3702 2528 3715 3724 2537 2529 3716 3725 2538 
3703 2529 3716 3725 2538 2530 3717 3726 2539 
3704 2530 3717 3726 2539 900 2631 2632 901 
3705 203 1110 165 31 2531 3718 2618 912 
3706 2531 3718 2618 912 2532 3719 2619 913 
3707 2532 3719 2619 913 2533 3720 2620 914 
3708 2533 3720 2620 914 2534 3721 2621 915 
3709 2534 3721 2621 915 2535 3722 2622 916 
3710 2535 3722 2622 916 2536 3723 2623 917 
3711 2536 3723 2623 917 2537 3724 2624 918 
3712 2537 3724 2624 918 2538 3725 2625 919 
3713 2538 3725 2625 919 2539 3726 2626 920 
3714 2539 3726 2626 920 901 2632 928 111 
3715 157 24 204 1105 2555 929 2564 3673 
3716 2555 929 2564 3673 2556 930 2565 3674 
3717 2556 930 2565 3674 2557 931 2566 3675 
3718 2557 931 2566 3675 2558 932 2567 3676 
3719 2558 932 2567 3676 2559 933 2568 3677 
3720 2559 933 2568 3677 2560 934 2569 3678 
3721 2560 934 2569 3678 2561 935 2570 3679 
3722 2561 935 2570 3679 2562 936 2571 3680 
3723 2562 936 2571 3680 2563 937 2572 3681 
3724 2563 937 2572 3681 921 112 922 2627 
3725 1105 204 205 1106 3673 2564 2573 3682 
3726 3673 2564 2573 3682 3674 2565 2574 3683 
3727 3674 2565 2574 3683 3675 2566 2575 3684 
3728 3675 2566 2575 3684 3676 2567 2576 3685 
3729 3676 2567 2576 3685 3677 2568 2577 3686 
3730 3677 2568 2577 3686 3678 2569 2578 3687 
3731 3678 2569 2578 3687 3679 2570 2579 3688 
3732 3679 2570 2579 3688 3680 2571 2580 3689 
3733 3680 2571 2580 3689 3681 2572 2581 3690 
3734 3681 2572 2581 3690 2627 922 923 2628 
3735 1106 205 206 1107 3682 2573 2582 3691 
3736 3682 2573 2582 3691 3683 2574 2583 3692 
3737 3683 2574 2583 3692 3684 2575 2584 3693 
3738 3684 2575 2584 3693 3685 2576 2585 3694 
3739 3685 2576 2585 3694 3686 2577 2586 3695 
3740 3686 2577 2586 3695 3687 2578 2587 3696 
3741 3687 2578 2587 3696 3688 2579 2588 3697 
3742 3688 2579 2588 3697 3689 2580 2589 3698 
3743 3689 2580 2589 3698 3690 2581 2590 3699 
3744 3690 2581 2590 3699 2628 923 924 2629 
3745 1107 206 207 1108 3691 2582 2591 3700 
3746 3691 2582 2591 3700 3692 2583 2592 3701 
3747 3692 2583 2592 3701 3693 2584 2593 3702 
3748 3693 2584 2593 3702 3694 2585 2594 3703 
3749 3694 2585 2594 3703 3695 2586 2595 3704 
3750 3695 2586 2595 3704 3696 2587 2596 3705 
3751 3696 2587 2596 3705 3697 2588 2597 3706 
3752 3697 2588 2597 3706 3698 2589 2598 3707 
3753 3698 2589 2598 3707 3699 2590 2599 3708 
3754 3699 2590 2599 3708 2629 924 925 2630 
3755 1108 207 208 1109 3700 2591 2600 3709 
3756 3700 2591 2600 3709 3701 2592 2601 3710 
3757 3701 2592 2601 3710 3702 2593 2602 3711 
3758 3702 2593 2602 3711 3703 2594 2603 3712 
3759 3703 2594 2603 3712 3704 2595 2604 3713 
3760 3704 2595 2604 3713 3705 2596 2605 3714 
3761 3705 2596 2605 3714 3706 2597 2606 3715 
3762 3706 2597 2606 3715 3707 2598 2607 3716 
3763 3707 2598 2607 3716 3708 2599 2608 3717 
3764 3708 2599 2608 3717 2630 925 926 2631 
3765 1109 208 209 1110 3709 2600 2609 3718 
3766 3709 2600 2609 3718 3710 2601 2610 3719 
3767 3710 2601 2610 3719 3711 2602 2611 3720 
3768 3711 2602 2611 3720 3712 2603 2612 3721 
3769 3712 2603 2612 3721 3713 2604 2613 3722 
3770 3713 2604 2613 3722 3714 2605 2614 3723 
3771 3714 2605 2614 3723 3715 2606 2615 3724 
3772 3715 2606 2615 3724 3716 2607 2616 3725 
3773 3716 2607 2616 3725 3717 2608 2617 3726 
3774 3717 2608 2617 3726 2631 926 927 2632 
3775 1110 209 32 165 3718 2609 938 2618 
3776 3718 2609 938 2618 3719 2610 939 2619 
3777 3719 2610 939 2619 3720 2611 940 2620 
3778 3720 2611 940 2620 3721 2612 941 2621 
3779 3721 2612 941 2621 3722 2613 942 2622 
3780 3722 2613 942 2622 3723 2614 943 2623 
3781 3723 2614 943 2623 3724 2615 944 2624 
3782 3724 2615 944 2624 3725 2616 945 2625 
3783 3725 2616 945 2625 3726 2617 946 2626 
3784 3726 2617 946 2626 2632 927 113 928 
3 55 5 140
3785 24 158 1111 204 929 2633 3727 2564 
3786 929 2633 3727 2564 930 2634 3728 2565 
3787 930 2634 3728 2565 931 2635 3729 2566 
3788 931 2635 3729 2566 932 2636 3730 2567 
3789 932 2636 3730 2567 933 2637 3731 2568 
3790 933 2637 3731 2568 934 2638 3732 2569 
3791 934 2638 3732 2569 935 2639 3733 2570 
3792 935 2639 3733 2570 936 2640 3734 2571 
3793 936 2640 3734 2571 937 2641 3735 2572 
3794 937 2641 3735 2572 112 947 2705 922 
3795 204 1111 1112 205 2564 3727 3736 2573 
3796 2564 3727 3736 2573 2565 3728 3737 2574 
3797 2565 3728 3737 2574 2566 3729 3738 2575 
3798 2566 3729 3738 2575 2567 3730 3739 2576 
3799 2567 3730 3739 2576 2568 3731 3740 2577 
3800 2568 3731 3740 2577 2569 3732 3741 2578 
3801 2569 3732 3741 2578 2570 3733 3742 2579 
3802 2570 3733 3742 2579 2571 3734 3743 2580 
3803 2571 3734 3743 2580 2572 3735 3744 2581 
3804 2572 3735 3744 2581 922 2705 2706 923 
3805 205 1112 1113 206 2573 3736 3745 2582 
3806 2573 3736 3745 2582 2574 3737 3746 2583 
3807 2574 3737 3746 2583 2575 3738 3747 2584 
3808 2575 3738 3747 2584 2576 3739 3748 2585 
3809 2576 3739 3748 2585 2577 3740 3749 2586 
3810 2577 3740 3749 2586 2578 3741 3750 2587 
3811 2578 3741 3750 2587 2579 3742 3751 2588 
3812 2579 3742 3751 2588 2580 3743 3752 2589 
3813 2580 3743 3752 2589 2581 3744 3753 2590 
3814 2581 3744 3753 2590 923 2706 2707 924 
3815 206 1113 1114 207 2582 3745 3754 2591 
3816 2582 3745 3754 2591 2583 3746 3755 2592 
3817 2583 3746 3755 2592 2584 3747 3756 2593 
3818 2584 3747 3756 2593 2585 3748 3757 2594 
3819 2585 3748 3757 2594 2586 3749 3758 2595 
3820 2586 3749 3758 2595 2587 3750 3759 2596 
3821 2587 3750 3759 2596 2588 3751 3760 2597 
3822 2588 3751 3760 2597 2589 3752 3761 2598 
3823 2589 3752 3761 2598 2590 3753 3762 2599 
3824 2590 3753 3762 2599 924 2707 2708 925 
3825 207 1114 1115 208 2591 3754 3763 2600 
3826 2591 3754 3763 2600 2592 3755 3764 2601 
3827 2592 3755 3764 2601 2593 3756 3765 2602 
3828 2593 3756 3765 2602 2594 3757 3766 2603 
3829 2594 3757 3766 2603 2595 3758 3767 2604 
3830 2595 3758 3767 2604 2596 3759 3768 2605 
3831 2596 3759 3768 2605 2597 3760 3769 2606 
3832 2597 3760 3769 2606 2598 3761 3770 2607 
3833 2598 3761 3770 2607 2599 3762 3771 2608 
3834 2599 3762 3771 2608 925 2708 2709 926 
3835 208 1115 1116 209 2600 3763 3772 2609 
3836 2600 3763 3772 2609 2601 3764 3773 2610 
3837 2601 3764 3773 2610 2602 3765 3774 2611 
3838 2602 3765 3774 2611 2603 3766 3775 2612 
3839 2603 3766 3775 2612 2604 3767 3776 2613 
3840 2604 3767 3776 2613 2605 3768 3777 2614 
3841 2605 3768 3777 2614 2606 3769 3778 2615 
3842 2606 3769 3778 2615 2607 3770 3779 2616 
3843 2607 3770 3779 2616 2608 3771 3780 2617 
3844 2608 3771 3780 2617 926 2709 2710 927 
3845 209 1116 166 32 2609 3772 2696 938 
3846 2609 3772 2696 938 2610 3773 2697 939 
3847 2610 3773 2697 939 2611 3774 2698 940 
3848 2611 3774 2698 940 2612 3775 2699 941 
3849 2612 3775 2699 941 2613 3776 2700 942 
3850 2613 3776 2700 942 2614 3777 2701 943 
3851 2614 3777 2701 943 2615 3778 2702 944 
3852 2615 3778 2702 944 2616 3779 2703 945 
3853 2616 3779 2703 945 2617 3780 2704 946 
3854 2617 3780 2704 946 927 2710 954 113 
3855 158 25 210 1111 2633 955 2642 3727 
3856 2633 955 2642 3727 2634 956 2643 3728 
3857 2634 956 2643 3728 2635 957 2644 3729 
3858 2635 957 2644 3729 2636 958 2645 3730 
3859 2636 958 2645 3730 2637 959 2646 3731 
3860 2637 959 2646 3731 2638 960 2647 3732 
3861 2638 960 2647 3732 2639 961 2648 3733 
3862 2639 961 2648 3733 2640 962 2649 3734 
3863 2640 962 2649 3734 2641 963 2650 3735 
3864 2641 963 2650 3735 947 114 948 2705 
3865 1111 210 211 1112 3727 2642 2651 3736 
3866 3727 2642 2651 3736 3728 2643 2652 3737 
3867 3728 2643 2652 3737 3729 2644 2653 3738 
3868 3729 2644 2653 3738 3730 2645 2654 3739 
3869 3730 2645 2654 3739 3731 2646 2655 3740 
3870 3731 2646 2655 3740 3732 2647 2656 3741 
3871 3732 2647 2656 3741 3733 2648 2657 3742 
3872 3733 2648 2657 3742 3734 2649 2658 3743 
3873 3734 2649 2658 3743 3735 2650 2659 3744 
3874 3735 2650 2659 3744 2705 948 949 2706 
3875 1112 211 212 1113 3736 2651 2660 3745 
3876 3736 2651 2660 3745 3737 2652 2661 3746 
3877 3737 2652 2661 3746 3738 2653 2662 3747 
3878 3738 2653 2662 3747 3739 2654 2663 3748 
3879 3739 2654 2663 3748 3740 2655 2664 3749 
3880 3740 2655 2664 3749 3741 2656 2665 3750 
3881 3741 2656 2665 3750 3742 2657 2666 3751 
3882 3742 2657 2666 3751 3743 2658 2667 3752 
3883 3743 2658 2667 3752 3744 2659 2668 3753 
3884 3744 2659 2668 3753 2706 949 950 2707 
3885 1113 212 213 1114 3745 2660 2669 3754 
3886 3745 2660 2669 3754 3746 2661 2670 3755 
3887 3746 2661 2670 3755 3747 2662 2671 3756 
3888 3747 2662 2671 3756 3748 2663 2672 3757 
3889 3748 2663 2672 3757 3749 2664 2673 3758 
3890 3749 2664 2673 3758 3750 2665 2674 3759 
3891 3750 2665 2674 3759 3751 2666 2675 3760 
3892 3751 2666 2675 3760 3752 2667 2676 3761 
3893 3752 2667 2676 3761 3753 2668 2677 3762 
3894 3753 2668 2677 3762 2707 950 951 2708 
3895 1114 213 214 1115 3754 2669 2678 3763 
3896 3754 2669 2678 3763 3755 2670 2679 3764 
3897 3755 2670 2679 3764 3756 2671 2680 3765 
3898 3756 2671 2680 3765 3757 2672 2681 3766 
3899 3757 2672 2681 3766 3758 2673 2682 3767 
3900 3758 2673 2682 3767 3759 2674 2683 3768 
3901 3759 2674 2683 3768 3760 2675 2684 3769 
3902 3760 2675 2684 3769 3761 2676 2685 3770 
3903 3761 2676 2685 3770 3762 2677 2686 3771 
3904 3762 2677 2686 3771 2708 951 952 2709 
3905 1115 214 215 1116 3763 2678 2687 3772 
3906 3763 2678 2687 3772 3764 2679 2688 3773 
3907 3764 2679 2688 3773 3765 2680 2689 3774 
3908 3765 2680 2689 3774 3766 2681 2690 3775 
3909 3766 2681 2690 3775 3767 2682 2691 3776 
3910 3767 2682 2691 3776 3768 2683 2692 3777 
3911 3768 2683 2692 3777 3769 2684 2693 3778 
3912 3769 2684 2693 3778 3770 2685 2694 3779 
3913 3770 2685 2694 3779 3771 2686 2695 3780 
3914 3771 2686 2695 3780 2709 952 953 2710 
3915 1116 215 33 166 3772 2687 964 2696 
3916 3772 2687 964 2696 3773 2688 965 2697 
3917 3773 2688 965 2697 3774 2689 966 2698 
3918 3774 2689 966 2698 3775 2690 967 2699 
3919 3775 2690 967 2699 3776 2691 968 2700 
3920 3776 2691 968 2700 3777 2692 969 2701 
3921 3777 2692 969 2701 3778 2693 970 2702 
3922 3778 2693 970 2702 3779 2694 971 2703 
3923 3779 2694 971 2703 3780 2695 972 2704 
3924 3780 2695 972 2704 2710 953 115 954 
3 56 5 140
3925 25 159 1117 210 955 2711 3781 2642 
3926 955 2711 3781 2642 956 2712 3782 2643 
3927 956 2712 3782 2643 957 2713 3783 2644 
3928 957 2713 3783 2644 958 2714 3784 2645 
3929 958 2714 3784 2645 959 2715 3785 2646 
3930 959 2715 3785 2646 960 2716 3786 2647 
3931 960 2716 3786 2647 961 2717 3787 2648 
3932 961 2717 3787 2648 962 2718 3788 2649 
3933 962 2718 3788 2649 963 2719 3789 2650 
3934 963 2719 3789 2650 114 973 2729 948 
3935 210 1117 1118 211 2642 3781 3790 2651 
3936 2642 3781 3790 2651 2643 3782 3791 2652 
3937 2643 3782 3791 2652 2644 3783 3792 2653 
3938 2644 3783 3792 2653 2645 3784 3793 2654 
3939 2645 3784 3793 2654 2646 3785 3794 2655 
3940 2646 3785 3794 2655 2647 3786 3795 2656 
3941 2647 3786 3795 2656 2648 3787 3796 2657 
3942 2648 3787 3796 2657 2649 3788 3797 2658 
3943 2649 3788 3797 2658 2650 3789 3798 2659 
3944 2650 3789 3798 2659 948 2729 2730 949 
3945 211 1118 1119 212 2651 3790 3799 2660 
3946 2651 3790 3799 2660 2652 3791 3800 2661 
3947 2652 3791 3800 2661 2653 3792 3801 2662 
3948 2653 3792 3801 2662 2654 3793 3802 2663 
3949 2654 3793 3802 2663 2655 3794 3803 2664 
3950 2655 3794 3803 2664 2656 3795 3804 2665 
3951 2656 3795 3804 2665 2657 3796 3805 2666 
3952 2657 3796 3805 2666 2658 3797 3806 2667 
3953 2658 3797 3806 2667 2659 3798 3807 2668 
3954 2659 3798 3807 2668 949 2730 2731 950 
3955 212 1119 1120 213 2660 3799 3808 2669 
3956 2660 3799 3808 2669 2661 3800 3809 2670 
3957 2661 3800 3809 2670 2662 3801 3810 2671 
3958 2662 3801 3810 2671 2663 3802 3811 2672 
3959 2663 3802 3811 2672 2664 3803 3812 2673 
3960 2664 3803 3812 2673 2665 3804 3813 2674 
3961 2665 3804 3813 2674 2666 3805 3814 2675 
3962 2666 3805 3814 2675 2667 3806 3815 2676 
3963 2667 3806 3815 2676 2668 3807 3816 2677 
3964 2668 3807 3816 2677 950 2731 2732 951 
3965 213 1120 1121 214 2669 3808 3817 2678 
3966 2669 3808 3817 2678 2670 3809 3818 2679 
3967 2670 3809 3818 2679 2671 3810 3819 2680 
3968 2671 3810 3819 2680 2672 3811 3820 2681 
3969 2672 3811 3820 2681 2673 3812 3821 2682 
3970 2673 3812 3821 2682 2674 3813 3822 2683 
3971 2674 3813 3822 2683 2675 3814 3823 2684 
3972 2675 3814 3823 2684 2676 3815 3824 2685 
3973 2676 3815 3824 2685 2677 3816 3825 2686 
3974 2677 3816 3825 2686 951 2732 2733 952 
3975 214 1121 1122 215 2678 3817 3826 2687 
3976 2678 3817 3826 2687 2679 3818 3827 2688 
3977 2679 3818 3827 2688 2680 3819 3828 2689 
3978 2680 3819 3828 2689 2681 3820 3829 2690 
3979 2681 3820 3829 2690 2682 3821 3830 2691 
3980 2682 3821 3830 2691 2683 3822 3831 2692 
3981 2683 3822 3831 2692 2684 3823 3832 2693 
3982 2684 3823 3832 2693 2685 3824 3833 2694 
3983 2685 3824 3833 2694 2686 3825 3834 2695 
3984 2686 3825 3834 2695 952 2733 2734 953 
3985 215 1122 167 33 2687 3826 2720 964 
3986 2687 3826 2720 964 2688 3827 2721 965 
3987 2688 3827 2721 965 2689 3828 2722 966 
3988 2689 3828 2722 966 2690 3829 2723 967 
3989 2690 3829 2723 967 2691 3830 2724 968 
3990 2691 3830 2724 968 2692 3831 2725 969 
3991 2692 3831 2725 969 2693 3832 2726 970 
3992 2693 3832 2726 970 2694 3833 2727 971 
3993 2694 3833 2727 971 2695 3834 2728 972 
3994 2695 3834 2728 972 953 2734 974 115 
3995 159 18 168 1117 2711 781 2183 3781 
3996 2711 781 2183 3781 2712 782 2184 3782 
3997 2712 782 2184 3782 2713 783 2185 3783 
3998 2713 783 2185 3783 2714 784 2186 3784 
3999 2714 784 2186 3784 2715 785 2187 3785 
4000 2715 785 2187 3785 2716 786 2188 3786 
4001 2716 786 2188 3786 2717 787 2189 3787 
4002 2717 787 2189 3787 2718 788 2190 3788 
4003 2718 788 2190 3788 2719 789 2191 3789 
4004 2719 789 2191 3789 973 100 780 2729 
4005 1117 168 169 1118 3781 2183 2192 3790 
4006 3781 2183 2192 3790 3782 2184 2193 3791 
4007 3782 2184 2193 3791 3783 2185 2194 3792 
4008 3783 2185 2194 3792 3784 2186 2195 3793 
4009 3784 2186 2195 3793 3785 2187 2196 3794 
4010 3785 2187 2196 3794 3786 2188 2197 3795 
4011 3786 2188 2197 3795 3787 2189 2198 3796 
4012 3787 2189 2198 3796 3788 2190 2199 3797 
4013 3788 2190 2199 3797 3789 2191 2200 3798 
4014 3789 2191 2200 3798 2729 780 779 2730 
4015 1118 169 170 1119 3790 2192 2201 3799 
4016 3790 2192 2201 3799 3791 2193 2202 3800 
4017 3791 2193 2202 3800 3792 2194 2203 3801 
4018 3792 2194 2203 3801 3793 2195 2204 3802 
4019 3793 2195 2204 3802 3794 2196 2205 3803 
4020 3794 2196 2205 3803 3795 2197 2206 3804 
4021 3795 2197 2206 3804 3796 2198 2207 3805 
4022 3796 2198 2207 3805 3797 2199 2208 3806 
4023 3797 2199 2208 3806 3798 2200 2209 3807 
4024 3798 2200 2209 3807 2730 779 778 2731 
4025 1119 170 171 1120 3799 2201 2210 3808 
4026 3799 2201 2210 3808 3800 2202 2211 3809 
4027 3800 2202 2211 3809 3801 2203 2212 3810 
4028 3801 2203 2212 3810 3802 2204 2213 3811 
4029 3802 2204 2213 3811 3803 2205 2214 3812 
4030 3803 2205 2214 3812 3804 2206 2215 3813 
4031 3804 2206 2215 3813 3805 2207 2216 3814 
4032 3805 2207 2216 3814 3806 2208 2217 3815 
4033 3806 2208 2217 3815 3807 2209 2218 3816 
4034 3807 2209 2218 3816 2731 778 777 2732 
4035 1120 171 172 1121 3808 2210 2219 3817 
4036 3808 2210 2219 3817 3809 2211 2220 3818 
4037 3809 2211 2220 3818 3810 2212 2221 3819 
4038 3810 2212 2221 3819 3811 2213 2222 3820 
4039 3811 2213 2222 3820 3812 2214 2223 3821 
4040 3812 2214 2223 3821 3813 2215 2224 3822 
4041 3813 2215 2224 3822 3814 2216 2225 3823 
4042 3814 2216 2225 3823 3815 2217 2226 3824 
4043 3815 2217 2226 3824 3816 2218 2227 3825 
4044 3816 2218 2227 3825 2732 777 776 2733 
4045 1121 172 173 1122 3817 2219 2228 3826 
4046 3817 2219 2228 3826 3818 2220 2229 3827 
4047 3818 2220 2229 3827 3819 2221 2230 3828 
4048 3819 2221 2230 3828 3820 2222 2231 3829 
4049 3820 2222 2231 3829 3821 2223 2232 3830 
4050 3821 2223 2232 3830 3822 2224 2233 3831 
4051 3822 2224 2233 3831 3823 2225 2234 3832 
4052 3823 2225 2234 3832 3824 2226 2235 3833 
4053 3824 2226 2235 3833 3825 2227 2236 3834 
4054 3825 2227 2236 3834 2733 776 775 2734 
4055 1122 173 26 167 3826 2228 808 2720 
4056 3826 2228 808 2720 3827 2229 809 2721 
4057 3827 2229 809 2721 3828 2230 810 2722 
4058 3828 2230 810 2722 3829 2231 811 2723 
4059 3829 2231 811 2723 3830 2232 812 2724 
4060 3830 2232 812 2724 3831 2233 813 2725 
4061 3831 2233 813 2725 3832 2234 814 2726 
4062 3832 2234 814 2726 3833 2235 815 2727 
4063 3833 2235 815 2727 3834 2236 816 2728 
4064 3834 2236 816 2728 2734 775 103 974 
3 57 5 40
4065 26 160 1123 224 808 2174 3835 2753 
4066 808 2174 3835 2753 809 2175 3836 2754 
4067 809 2175 3836 2754 810 2176 3837 2755 
4068 810 2176 3837 2755 811 2177 3838 2756 
4069 811 2177 3838 2756 812 2178 3839 2757 
4070 812 2178 3839 2757 813 2179 3840 2758 
4071 813 2179 3840 2758 814 2180 3841 2759 
4072 814 2180 3841 2759 815 2181 3842 2760 
4073 815 2181 3842 2760 816 2182 3843 2761 
4074 816 2182 3843 2761 103 774 2762 977 
4075 224 1123 216 34 2753 3835 2744 987 
4076 2753 3835 2744 987 2754 3836 2745 988 
4077 2754 3836 2745 988 2755 3837 2746 989 
4078 2755 3837 2746 989 2756 3838 2747 990 
4079 2756 3838 2747 990 2757 3839 2748 991 
4080 2757 3839 2748 991 2758 3840 2749 992 
4081 2758 3840 2749 992 2759 3841 2750 993 
4082 2759 3841 2750 993 2760 3842 2751 994 
4083 2760 3842 2751 994 2761 3843 2752 995 
4084 2761 3843 2752 995 977 2762 976 117 
4085 160 27 225 1123 2174 799 2735 3835 
4086 2174 799 2735 3835 2175 800 2736 3836 
4087 2175 800 2736 3836 2176 801 2737 3837 
4088 2176 801 2737 3837 2177 802 2738 3838 
4089 2177 802 2738 3838 2178 803 2739 3839 
4090 2178 803 2739 3839 2179 804 2740 3840 
4091 2179 804 2740 3840 2180 805 2741 3841 
4092 2180 805 2741 3841 2181 806 2742 3842 
4093 2181 806 2742 3842 2182 807 2743 3843 
4094 2182 807 2743 3843 774 102 975 2762 
4095 1123 225 35 216 3835 2735 978 2744 
4096 3835 2735 978 2744 3836 2736 979 2745 
4097 3836 2736 979 2745 3837 2737 980 2746 
4098 3837 2737 980 2746 3838 2738 981 2747 
4099 3838 2738 981 2747 3839 2739 982 2748 
4100 3839 2739 982 2748 3840 2740 983 2749 
4101 3840 2740 983 2749 3841 2741 984 2750 
4102 3841 2741 984 2750 3842 2742 985 2751 
4103 3842 2742 985 2751 3843 2743 986 2752 
4104 3843 2743 986 2752 2762 975 116 976 
3 58 5 40
4105 27 161 1124 225 799 2306 3844 2735 
4106 799 2306 3844 2735 800 2307 3845 2736 
4107 800 2307 3845 2736 801 2308 3846 2737 
4108 801 2308 3846 2737 802 2309 3847 2738 
4109 802 2309 3847 2738 803 2310 3848 2739 
4110 803 2310 3848 2739 804 2311 3849 2740 
4111 804 2311 3849 2740 805 2312 3850 2741 
4112 805 2312 3850 2741 806 2313 3851 2742 
4113 806 2313 3851 2742 807 2314 3852 2743 
4114 807 2314 3852 2743 102 824 2781 975 
4115 225 1124 217 35 2735 3844 2772 978 
4116 2735 3844 2772 978 2736 3845 2773 979 
4117 2736 3845 2773 979 2737 3846 2774 980 
4118 2737 3846 2774 980 2738 3847 2775 981 
4119 2738 3847 2775 981 2739 3848 2776 982 
4120 2739 3848 2776 982 2740 3849 2777 983 
4121 2740 3849 2777 983 2741 3850 2778 984 
4122 2741 3850 2778 984 2742 3851 2779 985 
4123 2742 3851 2779 985 2743 3852 2780 986 
4124 2743 3852 2780 986 975 2781 997 116 
4125 161 28 226 1124 2306 834 2763 3844 
4126 2306 834 2763 3844 2307 835 2764 3845 
4127 2307 835 2764 3845 2308 836 2765 3846 
4128 2308 836 2765 3846 2309 837 2766 3847 
4129 2309 837 2766 3847 2310 838 2767 3848 
4130 2310 838 2767 3848 2311 839 2768 3849 
4131 2311 839 2768 3849 2312 840 2769 3850 
4132 2312 840 2769 3850 2313 841 2770 3851 
4133 2313 841 2770 3851 2314 842 2771 3852 
4134 2314 842 2771 3852 824 105 996 2781 
4135 1124 226 36 217 3844 2763 998 2772 
4136 3844 2763 998 2772 3845 2764 999 2773 
4137 3845 2764 999 2773 3846 2765 1000 2774 
4138 3846 2765 1000 2774 3847 2766 1001 2775 
4139 3847 2766 1001 2775 3848 2767 1002 2776 
4140 3848 2767 1002 2776 3849 2768 1003 2777 
4141 3849 2768 1003 2777 3850 2769 1004 2778 
4142 3850 2769 1004 2778 3851 2770 1005 2779 
4143 3851 2770 1005 2779 3852 2771 1006 2780 
4144 3852 2771 1006 2780 2781 996 118 997 
3 59 5 40
4145 28 162 1125 226 834 2384 3853 2763 
4146 834 2384 3853 2763 835 2385 3854 2764 
4147 835 2385 3854 2764 836 2386 3855 2765 
4148 836 2386 3855 2765 837 2387 3856 2766 
4149 837 2387 3856 2766 838 2388 3857 2767 
4150 838 2388 3857 2767 839 2389 3858 2768 
4151 839 2389 3858 2768 840 2390 3859 2769 
4152 840 2390 3859 2769 841 2391 3860 2770 
4153 841 2391 3860 2770 842 2392 3861 2771 
4154 842 2392 3861 2771 105 850 2800 996 
4155 226 1125 218 36 2763 3853 2791 998 
4156 2763 3853 2791 998 2764 3854 2792 999 
4157 2764 3854 2792 999 2765 3855 2793 1000 
4158 2765 3855 2793 1000 2766 3856 2794 1001 
4159 2766 3856 2794 1001 2767 3857 2795 1002 
4160 2767 3857 2795 1002 2768 3858 2796 1003 
4161 2768 3858 2796 1003 2769 3859 2797 1004 
4162 2769 3859 2797 1004 2770 3860 2798 1005 
4163 2770 3860 2798 1005 2771 3861 2799 1006 
4164 2771 3861 2799 1006 996 2800 1008 118 
4165 162 29 227 1125 2384 860 2782 3853 
4166 2384 860 2782 3853 2385 861 2783 3854 
4167 2385 861 2783 3854 2386 862 2784 3855 
4168 2386 862 2784 3855 2387 863 2785 3856 
4169 2387 863 2785 3856 2388 864 2786 3857 
4170 2388 864 2786 3857 2389 865 2787 3858 
4171 2389 865 2787 3858 2390 866 2788 3859 
4172 2390 866 2788 3859 2391 867 2789 3860 
4173 2391 867 2789 3860 2392 868 2790 3861 
4174 2392 868 2790 3861 850 107 1007 2800 
4175 1125 227 37 218 3853 2782 1009 2791 
4176 3853 2782 1009 2791 3854 2783 1010 2792 
4177 3854 2783 1010 2792 3855 2784 1011 2793 
4178 3855 2784 1011 2793 3856 2785 1012 2794 
4179 3856 2785 1012 2794 3857 2786 1013 2795 
4180 3857 2786 1013 2795 3858 2787 1014 2796 
4181 3858 2787 1014 2796 3859 2788 1015 2797 
4182 3859 2788 1015 2797 3860 2789 1016 2798 
4183 3860 2789 1016 2798 3861 2790 1017 2799 
4184 3861 2790 1017 2799 2800 1007 119 1008 
3 60 5 40
4185 29 163 1126 227 860 2462 3862 2782 
4186 860 2462 3862 2782 861 2463 3863 2783 
4187 861 2463 3863 2783 862 2464 3864 2784 
4188 862 2464 3864 2784 863 2465 3865 2785 
4189 863 2465 3865 2785 864 2466 3866 2786 
4190 864 2466 3866 2786 865 2467 3867 2787 
4191 865 2467 3867 2787 866 2468 3868 2788 
4192 866 2468 3868 2788 867 2469 3869 2789 
4193 867 2469 3869 2789 868 2470 3870 2790 
4194 868 2470 3870 2790 107 876 2819 1007 
4195 227 1126 219 37 2782 3862 2810 1009 
4196 2782 3862 2810 1009 2783 3863 2811 1010 
4197 2783 3863 2811 1010 2784 3864 2812 1011 
4198 2784 3864 2812 1011 2785 3865 2813 1012 
4199 2785 3865 2813 1012 2786 3866 2814 1013 
4200 2786 3866 2814 1013 2787 3867 2815 1014 
4201 2787 3867 2815 1014 2788 3868 2816 1015 
4202 2788 3868 2816 1015 2789 3869 2817 1016 
4203 2789 3869 2817 1016 2790 3870 2818 1017 
4204 2790 3870 2818 1017 1007 2819 1019 119 
4205 163 30 228 1126 2462 886 2801 3862 
4206 2462 886 2801 3862 2463 887 2802 3863 
4207 2463 887 2802 3863 2464 888 2803 3864 
4208 2464 888 2803 3864 2465 889 2804 3865 
4209 2465 889 2804 3865 2466 890 2805 3866 
4210 2466 890 2805 3866 2467 891 2806 3867 
4211 2467 891 2806 3867 2468 892 2807 3868 
4212 2468 892 2807 3868 2469 893 2808 3869 
4213 2469 893 2808 3869 2470 894 2809 3870 
4214 2470 894 2809 3870 876 109 1018 2819 
4215 1126 228 38 219 3862 2801 1020 2810 
4216 3862 2801 1020 2810 3863 2802 1021 2811 
4217 3863 2802 1021 2811 3864 2803 1022 2812 
4218 3864 2803 1022 2812 3865 2804 1023 2813 
4219 3865 2804 1023 2813 3866 2805 1024 2814 
4220 3866 2805 1024 2814 3867 2806 1025 2815 
4221 3867 2806 1025 2815 3868 2807 1026 2816 
4222 3868 2807 1026 2816 3869 2808 1027 2817 
4223 3869 2808 1027 2817 3870 2809 1028 2818 
4224 3870 2809 1028 2818 2819 1018 120 1019 
3 61 5 40
4225 30 164 1127 228 886 2540 3871 2801 
4226 886 2540 3871 2801 887 2541 3872 2802 
4227 887 2541 3872 2802 888 2542 3873 2803 
4228 888 2542 3873 2803 889 2543 3874 2804 
4229 889 2543 3874 2804 890 2544 3875 2805 
4230 890 2544 3875 2805 891 2545 3876 2806 
4231 891 2545 3876 2806 892 2546 3877 2807 
4232 892 2546 3877 2807 893 2547 3878 2808 
4233 893 2547 3878 2808 894 2548 3879 2809 
4234 894 2548 3879 2809 109 902 2838 1018 
4235 228 1127 220 38 2801 3871 2829 1020 
4236 2801 3871 2829 1020 2802 3872 2830 1021 
4237 2802 3872 2830 1021 2803 3873 2831 1022 
4238 2803 3873 2831 1022 2804 3874 2832 1023 
4239 2804 3874 2832 1023 2805 3875 2833 1024 
4240 2805 3875 2833 1024 2806 3876 2834 1025 
4241 2806 3876 2834 1025 2807 3877 2835 1026 
4242 2807 3877 2835 1026 2808 3878 2836 1027 
4243 2808 3878 2836 1027 2809 3879 2837 1028 
4244 2809 3879 2837 1028 1018 2838 1030 120 
4245 164 31 229 1127 2540 912 2820 3871 
4246 2540 912 2820 3871 2541 913 2821 3872 
4247 2541 913 2821 3872 2542 914 2822 3873 
4248 2542 914 2822 3873 2543 915 2823 3874 
4249 2543 915 2823 3874 2544 916 2824 3875 
4250 2544 916 2824 3875 2545 917 2825 3876 
4251 2545 917 2825 3876 2546 918 2826 3877 
4252 2546 918 2826 3877 2547 919 2827 3878 
4253 2547 919 2827 3878 2548 920 2828 3879 
4254 2548 920 2828 3879 902 111 1029 2838 
4255 1127 229 39 220 3871 2820 1031 2829 
4256 3871 2820 1031 2829 3872 2821 1032 2830 
4257 3872 2821 1032 2830 3873 2822 1033 2831 
4258 3873 2822 1033 2831 3874 2823 1034 2832 
4259 3874 2823 1034 2832 3875 2824 1035 2833 
4260 3875 2824 1035 2833 3876 2825 1036 2834 
4261 3876 2825 1036 2834 3877 2826 1037 2835 
4262 3877 2826 1037 2835 3878 2827 1038 2836 
4263 3878 2827 1038 2836 3879 2828 1039 2837 
4264 3879 2828 1039 2837 2838 1029 121 1030 
3 62 5 40
4265 31 165 1128 229 912 2618 3880 2820 
4266 912 2618 3880 2820 913 2619 3881 2821 
4267 913 2619 3881 2821 914 2620 3882 2822 
4268 914 2620 3882 2822 915 2621 3883 2823 
4269 915 2621 3883 2823 916 2622 3884 2824 
4270 916 2622 3884 2824 917 2623 3885 2825 
4271 917 2623 3885 2825 918 2624 3886 2826 
4272 918 2624 3886 2826 919 2625 3887 2827 
4273 919 2625 3887 2827 920 2626 3888 2828 
4274 920 2626 3888 2828 111 928 2857 1029 
4275 229 1128 221 39 2820 3880 2848 1031 
4276 2820 3880 2848 1031 2821 3881 2849 1032 
4277 2821 3881 2849 1032 2822 3882 2850 1033 
4278 2822 3882 2850 1033 2823 3883 2851 1034 
4279 2823 3883 2851 1034 2824 3884 2852 1035 
4280 2824 3884 2852 1035 2825 3885 2853 1036 
4281 2825 3885 2853 1036 2826 3886 2854 1037 
4282 2826 3886 2854 1037 2827 3887 2855 1038 
4283 2827 3887 2855 1038 2828 3888 2856 1039 
4284 2828 3888 2856 1039 1029 2857 1041 121 
4285 165 32 230 1128 2618 938 2839 3880 
4286 2618 938 2839 3880 2619 939 2840 3881 
4287 2619 939 2840 3881 2620 940 2841 3882 
4288 2620 940 2841 3882 2621 941 2842 3883 
4289 2621 941 2842 3883 2622 942 2843 3884 
4290 2622 942 2843 3884 2623 943 2844 3885 
4291 2623 943 2844 3885 2624 944 2845 3886 
4292 2624 944 2845 3886 2625 945 2846 3887 
4293 2625 945 2846 3887 2626 946 2847 3888 
4294 2626 946 2847 3888 928 113 1040 2857 
4295 1128 230 40 221 3880 2839 1042 2848 
4296 3880 2839 1042 2848 3881 2840 1043 2849 
4297 3881 2840 1043 2849 3882 2841 1044 2850 
4298 3882 2841 1044 2850 3883 2842 1045 2851 
4299 3883 2842 1045 2851 3884 2843 1046 2852 
4300 3884 2843 1046 2852 3885 2844 1047 2853 
4301 3885 2844 1047 2853 3886 2845 1048 2854 
4302 3886 2845 1048 2854 3887 2846 1049 2855 
4303 3887 2846 1049 2855 3888 2847 1050 2856 
4304 3888 2847 1050 2856 2857 1040 122 1041 
3 63 5 40
4305 32 166 1129 230 938 2696 3889 2839 
4306 938 2696 3889 2839 939 2697 3890 2840 
4307 939 2697 3890 2840 940 2698 3891 2841 
4308 940 2698 3891 2841 941 2699 3892 2842 
4309 941 2699 3892 2842 942 2700 3893 2843 
4310 942 2700 3893 2843 943 2701 3894 2844 
4311 943 2701 3894 2844 944 2702 3895 2845 
4312 944 2702 3895 2845 945 2703 3896 2846 
4313 945 2703 3896 2846 946 2704 3897 2847 
4314 946 2704 3897 2847 113 954 2876 1040 
4315 230 1129 222 40 2839 3889 2867 1042 
4316 2839 3889 2867 1042 2840 3890 2868 1043 
4317 2840 3890 2868 1043 2841 3891 2869 1044 
4318 2841 3891 2869 1044 2842 3892 2870 1045 
4319 2842 3892 2870 1045 2843 3893 2871 1046 
4320 2843 3893 2871 1046 2844 3894 2872 1047 
4321 2844 3894 2872 1047 2845 3895 2873 1048 
4322 2845 3895 2873 1048 2846 3896 2874 1049 
4323 2846 3896 2874 1049 2847 3897 2875 1050 
4324 2847 3897 2875 1050 1040 2876 1052 122 
4325 166 33 231 1129 2696 964 2858 3889 
4326 2696 964 2858 3889 2697 965 2859 3890 
4327 2697 965 2859 3890 2698 966 2860 3891 
4328 2698 966 2860 3891 2699 967 2861 3892 
4329 2699 967 2861 3892 2700 968 2862 3893 
4330 2700 968 2862 3893 2701 969 2863 3894 
4331 2701 969 2863 3894 2702 970 2864 3895 
4332 2702 970 2864 3895 2703 971 2865 3896 
4333 2703 971 2865 3896 2704 972 2866 3897 
4334 2704 972 2866 3897 954 115 1051 2876 
4335 1129 231 41 222 3889 2858 1053 2867 
4336 3889 2858 1053 2867 3890 2859 1054 2868 
4337 3890 2859 1054 2868 3891 2860 1055 2869 
4338 3891 2860 1055 2869 3892 2861 1056 2870 
4339 3892 2861 1056 2870 3893 2862 1057 2871 
4340 3893 2862 1057 2871 3894 2863 1058 2872 
4341 3894 2863 1058 2872 3895 2864 1059 2873 
4342 3895 2864 1059 2873 3896 2865 1060 2874 
4343 3896 2865 1060 2874 3897 2866 1061 2875 
4344 3897 2866 1061 2875 2876 1051 123 1052 
3 64 5 40
4345 33 167 1130 231 964 2720 3898 2858 
4346 964 2720 3898 2858 965 2721 3899 2859 
4347 965 2721 3899 2859 966 2722 3900 2860 
4348 966 2722 3900 2860 967 2723 3901 2861 
4349 967 2723 3901 2861 968 2724 3902 2862 
4350 968 2724 3902 2862 969 2725 3903 2863 
4351 969 2725 3903 2863 970 2726 3904 2864 
4352 970 2726 3904 2864 971 2727 3905 2865 
4353 971 2727 3905 2865 972 2728 3906 2866 
4354 972 2728 3906 2866 115 974 2886 1051 
4355 231 1130 223 41 2858 3898 2877 1053 
4356 2858 3898 2877 1053 2859 3899 2878 1054 
4357 2859 3899 2878 1054 2860 3900 2879 1055 
4358 2860 3900 2879 1055 2861 3901 2880 1056 
4359 2861 3901 2880 1056 2862 3902 2881 1057 
4360 2862 3902 2881 1057 2863 3903 2882 1058 
4361 2863 3903 2882 1058 2864 3904 2883 1059 
4362 2864 3904 2883 1059 2865 3905 2884 1060 
4363 2865 3905 2884 1060 2866 3906 2885 1061 
4364 2866 3906 2885 1061 1051 2886 1062 123 
4365 167 26 224 1130 2720 808 2753 3898 
4366 2720 808 2753 3898 2721 809 2754 3899 
4367 2721 809 2754 3899 2722 810 2755 3900 
4368 2722 810 2755 3900 2723 811 2756 3901 
4369 2723 811 2756 3901 2724 812 2757 3902 
4370 2724 812 2757 3902 2725 813 2758 3903 
4371 2725 813 2758 3903 2726 814 2759 3904 
4372 2726 814 2759 3904 2727 815 2760 3905 
4373 2727 815 2760 3905 2728 816 2761 3906 
4374 2728 816 2761 3906 974 103 977 2886 
4375 1130 224 34 223 3898 2753 987 2877 
4376 3898 2753 987 2877 3899 2754 988 2878 
4377 3899 2754 988 2878 3900 2755 989 2879 
4378 3900 2755 989 2879 3901 2756 990 2880 
4379 3901 2756 990 2880 3902 2757 991 2881 
4380 3902 2757 991 2881 3903 2758 992 2882 
4381 3903 2758 992 2882 3904 2759 993 2883 
4382 3904 2759 993 2883 3905 2760 994 2884 
4383 3905 2760 994 2884 3906 2761 995 2885 
4384 3906 2761 995 2885 2886 977 117 1062 
$EndElements
